timestamp,compliant,missing,present
2026-02-09T23:16:47,False,"helmet,vest","NO-Hardhat,NO-Mask,NO-Safety Vest,Person"
2026-02-09T23:16:48,False,"helmet,vest","NO-Hardhat,NO-Mask,Person"
2026-02-09T23:16:48,False,"helmet,vest","NO-Hardhat,NO-Mask,Person"
2026-02-09T23:16:48,False,"helmet,vest","NO-Hardhat,NO-Mask,Person"
2026-02-09T23:16:48,False,"helmet,vest","NO-Hardhat,NO-Mask,Person"
2026-02-09T23:16:48,False,"helmet,vest","NO-Hardhat,NO-Mask,Person"
2026-02-09T23:16:48,False,"helmet,vest","NO-Hardhat,NO-Mask,Person"
2026-02-09T23:16:48,False,"helmet,vest","NO-Hardhat,NO-Mask,Person"
2026-02-09T23:16:48,False,"helmet,vest","NO-Hardhat,NO-Mask,Person"
2026-02-09T23:16:49,False,"helmet,vest","NO-Hardhat,NO-Mask,Person"
2026-02-09T23:16:49,False,"helmet,vest","NO-Hardhat,NO-Mask,Person"
2026-02-09T23:16:49,False,"helmet,vest","NO-Hardhat,NO-Mask,Person"
2026-02-09T23:16:49,False,"helmet,vest","NO-Hardhat,NO-Mask,NO-Safety Vest,Person"
2026-02-09T23:16:49,False,"helmet,vest","NO-Hardhat,NO-Mask,Person"
2026-02-09T23:16:49,False,"helmet,vest","NO-Hardhat,NO-Mask,NO-Safety Vest,Person"
2026-02-09T23:16:49,False,"helmet,vest","NO-Hardhat,NO-Mask,NO-Safety Vest,Person"
2026-02-09T23:16:49,False,"helmet,vest","NO-Hardhat,NO-Mask,Person"
2026-02-09T23:16:49,False,"helmet,vest","NO-Hardhat,NO-Mask,Person"
2026-02-09T23:16:49,False,"helmet,vest","NO-Hardhat,NO-Mask,Person"
2026-02-09T23:16:51,False,"helmet,vest","Mask,NO-Hardhat,NO-Mask,Person"
2026-02-09T23:16:52,False,"helmet,vest","NO-Hardhat,NO-Mask,NO-Safety Vest,Person,Safety Cone"
2026-02-09T23:16:52,False,"helmet,vest","NO-Hardhat,NO-Mask,NO-Safety Vest,Person"
2026-02-09T23:16:52,False,"helmet,vest","NO-Hardhat,NO-Mask,NO-Safety Vest,Person,Safety Cone"
2026-02-09T23:16:52,False,"helmet,vest","NO-Hardhat,NO-Mask,NO-Safety Vest,Person"
2026-02-09T23:16:52,False,"helmet,vest","NO-Hardhat,NO-Mask,NO-Safety Vest,Person,Safety Cone"
2026-02-09T23:16:52,False,"helmet,vest","NO-Hardhat,NO-Mask,NO-Safety Vest,Person,Safety Cone"
2026-02-09T23:16:52,False,"helmet,vest","NO-Hardhat,NO-Mask,NO-Safety Vest,Person,Safety Cone"
2026-02-09T23:16:52,False,"helmet,vest","NO-Hardhat,NO-Mask,NO-Safety Vest,Person,Safety Cone"
2026-02-09T23:16:52,False,"helmet,vest","NO-Hardhat,NO-Mask,NO-Safety Vest,Person,Safety Cone"
2026-02-09T23:16:52,False,"helmet,vest","NO-Hardhat,NO-Mask,NO-Safety Vest,Person,Safety Cone"
2026-02-09T23:16:52,False,"helmet,vest","NO-Hardhat,NO-Mask,Person"
2026-02-09T23:16:52,False,"helmet,vest","NO-Hardhat,NO-Mask,NO-Safety Vest,Person,Safety Cone"
2026-02-09T23:16:52,False,"helmet,vest","NO-Hardhat,NO-Mask,NO-Safety Vest,Person"
2026-02-09T23:16:52,False,"helmet,vest","NO-Hardhat,NO-Mask,NO-Safety Vest,Person,Safety Cone"
2026-02-09T23:16:53,False,"helmet,vest","NO-Hardhat,NO-Mask,NO-Safety Vest,Person,Safety Cone"
2026-02-09T23:16:53,False,"helmet,vest","NO-Hardhat,NO-Mask,NO-Safety Vest,Person,Safety Cone"
2026-02-09T23:16:53,False,"helmet,vest","NO-Hardhat,NO-Mask,NO-Safety Vest,Person,Safety Cone"
2026-02-09T23:16:53,False,"helmet,vest","NO-Hardhat,NO-Mask,NO-Safety Vest,Person,Safety Cone"
2026-02-09T23:16:53,False,"helmet,vest","NO-Hardhat,NO-Mask,NO-Safety Vest,Person,Safety Cone"
2026-02-09T23:16:53,False,"helmet,vest","NO-Hardhat,NO-Mask,Person,Safety Cone"
2026-02-09T23:16:53,False,"helmet,vest","NO-Hardhat,NO-Mask,NO-Safety Vest,Person"
2026-02-09T23:16:53,False,"helmet,vest","NO-Hardhat,NO-Mask,Person"
2026-02-09T23:16:53,False,"helmet,vest","NO-Hardhat,NO-Mask,Person"
2026-02-09T23:16:53,False,"helmet,vest","NO-Hardhat,NO-Mask,Person"
2026-02-09T23:16:53,False,"helmet,vest","NO-Hardhat,NO-Mask,NO-Safety Vest,Person,Safety Cone"
2026-02-09T23:16:53,False,"helmet,vest","NO-Hardhat,NO-Mask,NO-Safety Vest,Person"
2026-02-09T23:16:53,False,"helmet,vest","NO-Hardhat,NO-Mask,NO-Safety Vest,Person"
2026-02-09T23:16:53,False,"helmet,vest","NO-Hardhat,NO-Mask,NO-Safety Vest,Person,Safety Cone"
2026-02-09T23:16:54,False,"helmet,vest","NO-Hardhat,NO-Mask,NO-Safety Vest,Person,Safety Cone"
2026-02-09T23:16:54,False,"helmet,vest","NO-Hardhat,NO-Mask,NO-Safety Vest,Person,Safety Cone"
2026-02-09T23:16:54,False,"helmet,vest","NO-Hardhat,NO-Mask,NO-Safety Vest,Person,Safety Cone"
2026-02-09T23:16:54,False,"helmet,vest","NO-Hardhat,NO-Mask,NO-Safety Vest,Person,Safety Cone"
2026-02-09T23:16:54,False,"helmet,vest","NO-Hardhat,NO-Mask,NO-Safety Vest,Person"
2026-02-09T23:16:54,False,"helmet,vest","NO-Hardhat,NO-Mask,NO-Safety Vest,Person"
2026-02-09T23:16:54,False,"helmet,vest","NO-Hardhat,NO-Mask,NO-Safety Vest,Person"
2026-02-09T23:16:54,False,"helmet,vest","NO-Hardhat,NO-Mask,NO-Safety Vest,Person,Safety Cone"
2026-02-09T23:16:54,False,"helmet,vest","NO-Hardhat,NO-Mask,NO-Safety Vest,Person,Safety Cone"
2026-02-09T23:16:54,False,"helmet,vest","NO-Hardhat,NO-Mask,NO-Safety Vest,Person,Safety Cone"
2026-02-09T23:16:54,False,"helmet,vest","NO-Hardhat,NO-Mask,NO-Safety Vest,Person,Safety Cone"
2026-02-09T23:16:54,False,"helmet,vest","NO-Hardhat,NO-Mask,NO-Safety Vest,Person,Safety Cone"
2026-02-09T23:16:54,False,"helmet,vest","NO-Hardhat,NO-Mask,NO-Safety Vest,Person,Safety Cone"
2026-02-09T23:16:54,False,"helmet,vest","NO-Hardhat,NO-Mask,NO-Safety Vest,Person,Safety Cone"
2026-02-09T23:16:55,False,"helmet,vest","NO-Hardhat,NO-Mask,NO-Safety Vest,Person,Safety Cone"
2026-02-09T23:16:55,False,"helmet,vest","NO-Hardhat,NO-Mask,NO-Safety Vest,Person,Safety Cone"
2026-02-09T23:16:55,False,"helmet,vest","NO-Hardhat,NO-Mask,NO-Safety Vest,Person,Safety Cone"
2026-02-09T23:16:55,False,"helmet,vest","NO-Hardhat,NO-Mask,NO-Safety Vest,Person"
2026-02-09T23:16:55,False,"helmet,vest","NO-Hardhat,NO-Mask,NO-Safety Vest,Person"
2026-02-09T23:16:55,False,"helmet,vest","NO-Hardhat,NO-Mask,NO-Safety Vest,Person,Safety Cone"
2026-02-09T23:16:55,False,"helmet,vest","NO-Hardhat,NO-Mask,NO-Safety Vest,Person"
2026-02-09T23:16:55,False,"helmet,vest","NO-Hardhat,NO-Mask,NO-Safety Vest,Person"
2026-02-09T23:16:55,False,"helmet,vest","NO-Hardhat,NO-Mask,NO-Safety Vest,Person,Safety Cone"
2026-02-09T23:16:55,False,"helmet,vest","NO-Hardhat,NO-Mask,NO-Safety Vest,Person,Safety Cone"
2026-02-09T23:16:55,False,"helmet,vest","NO-Hardhat,NO-Mask,NO-Safety Vest,Person,Safety Cone"
2026-02-09T23:16:55,False,"helmet,vest","NO-Hardhat,NO-Mask,NO-Safety Vest,Person,Safety Cone"
2026-02-09T23:16:55,False,"helmet,vest","NO-Hardhat,NO-Mask,NO-Safety Vest,Person,Safety Cone"
2026-02-09T23:16:56,False,"helmet,vest","NO-Hardhat,NO-Mask,NO-Safety Vest,Person,Safety Cone"
2026-02-09T23:16:56,False,"helmet,vest","NO-Hardhat,NO-Mask,NO-Safety Vest,Person,Safety Cone"
2026-02-09T23:16:56,False,"helmet,vest","NO-Hardhat,NO-Mask,NO-Safety Vest,Person"
2026-02-09T23:16:56,False,"helmet,vest","NO-Hardhat,NO-Mask,NO-Safety Vest,Person"
2026-02-09T23:16:56,False,"helmet,vest","NO-Hardhat,NO-Mask,NO-Safety Vest,Person"
2026-02-09T23:16:56,False,"helmet,vest","NO-Hardhat,NO-Mask,NO-Safety Vest,Person,Safety Cone"
2026-02-09T23:16:56,False,"helmet,vest","NO-Hardhat,NO-Mask,NO-Safety Vest,Person,Safety Cone"
2026-02-09T23:16:56,False,"helmet,vest","NO-Hardhat,NO-Mask,NO-Safety Vest,Person,Safety Cone"
2026-02-09T23:16:56,False,"helmet,vest","NO-Hardhat,NO-Mask,NO-Safety Vest,Person,Safety Cone"
2026-02-09T23:16:56,False,"helmet,vest","NO-Hardhat,NO-Mask,NO-Safety Vest,Person,Safety Cone"
2026-02-09T23:16:56,False,"helmet,vest","NO-Hardhat,NO-Mask,NO-Safety Vest,Person,Safety Cone"
2026-02-09T23:16:56,False,"helmet,vest","NO-Hardhat,NO-Mask,NO-Safety Vest,Person,Safety Cone"
2026-02-09T23:16:56,False,"helmet,vest","NO-Hardhat,NO-Mask,NO-Safety Vest,Person,Safety Cone"
2026-02-09T23:16:56,False,"helmet,vest","NO-Hardhat,NO-Mask,NO-Safety Vest,Person,Safety Cone"
2026-02-09T23:16:56,False,"helmet,vest","NO-Hardhat,NO-Mask,NO-Safety Vest,Person"
2026-02-09T23:16:57,False,"helmet,vest","NO-Hardhat,NO-Mask,NO-Safety Vest,Person"
2026-02-09T23:16:57,False,"helmet,vest","NO-Hardhat,NO-Mask,Person"
2026-02-09T23:16:57,False,"helmet,vest","NO-Hardhat,NO-Mask,NO-Safety Vest,Person,Safety Cone"
2026-02-09T23:16:57,False,"helmet,vest","NO-Hardhat,NO-Mask,NO-Safety Vest,Person,Safety Cone"
2026-02-09T23:16:57,False,"helmet,vest","NO-Hardhat,NO-Mask,NO-Safety Vest,Person"
2026-02-09T23:16:57,False,"helmet,vest","NO-Hardhat,NO-Mask,NO-Safety Vest,Person,Safety Cone"
2026-02-09T23:16:57,False,"helmet,vest","NO-Hardhat,NO-Mask,Person"
2026-02-09T23:16:57,False,"helmet,vest","NO-Hardhat,NO-Mask,Person"
2026-02-09T23:16:57,False,"helmet,vest","NO-Hardhat,NO-Mask,Person"
2026-02-09T23:16:57,False,"helmet,vest","NO-Hardhat,NO-Mask,NO-Safety Vest,Person,Safety Cone"
2026-02-09T23:16:57,False,"helmet,vest","NO-Hardhat,NO-Mask,NO-Safety Vest,Person,Safety Cone"
2026-02-09T23:16:57,False,"helmet,vest","NO-Hardhat,NO-Mask,NO-Safety Vest,Person,Safety Cone"
2026-02-09T23:16:57,False,"helmet,vest","NO-Hardhat,NO-Mask,NO-Safety Vest,Person,Safety Cone"
2026-02-09T23:16:57,False,"helmet,vest","NO-Hardhat,NO-Mask,NO-Safety Vest,Person,Safety Cone"
2026-02-09T23:16:57,False,"helmet,vest","NO-Hardhat,NO-Mask,Person"
2026-02-09T23:16:58,False,"helmet,vest","NO-Hardhat,NO-Mask,Person"
2026-02-09T23:16:58,False,"helmet,vest","NO-Hardhat,NO-Mask,Person"
2026-02-09T23:16:58,False,"helmet,vest","NO-Hardhat,NO-Mask,Person"
2026-02-09T23:16:58,False,"helmet,vest","NO-Hardhat,NO-Mask,Person"
2026-02-09T23:16:58,False,"helmet,vest","NO-Hardhat,NO-Mask,Person"
2026-02-09T23:16:58,False,"helmet,vest","NO-Hardhat,NO-Mask,Person,Safety Cone"
2026-02-09T23:16:58,False,"helmet,vest","NO-Hardhat,NO-Mask,Person"
2026-02-09T23:16:58,False,"helmet,vest","NO-Hardhat,NO-Mask,Person"
2026-02-09T23:16:58,False,"helmet,vest","NO-Hardhat,NO-Mask,NO-Safety Vest,Person"
2026-02-09T23:16:58,False,"helmet,vest","NO-Hardhat,NO-Mask,NO-Safety Vest,Person"
2026-02-09T23:16:58,False,"helmet,vest","NO-Mask,Person"
2026-02-09T23:16:58,False,"helmet,vest","NO-Hardhat,NO-Mask,Person"
2026-02-09T23:16:58,False,"helmet,vest","NO-Hardhat,NO-Mask,NO-Safety Vest,Person"
2026-02-09T23:16:58,False,"helmet,vest","NO-Hardhat,NO-Mask,NO-Safety Vest,Person"
2026-02-09T23:16:59,False,"helmet,vest","NO-Hardhat,NO-Mask,NO-Safety Vest,Person"
2026-02-09T23:16:59,False,"helmet,vest","NO-Hardhat,NO-Mask,NO-Safety Vest,Person"
2026-02-09T23:16:59,False,"helmet,vest","NO-Hardhat,NO-Mask,NO-Safety Vest,Person"
2026-02-09T23:16:59,False,"helmet,vest","NO-Hardhat,NO-Mask,NO-Safety Vest,Person"
2026-02-09T23:16:59,False,"helmet,vest","NO-Hardhat,NO-Mask,NO-Safety Vest,Person"
2026-02-09T23:16:59,False,"helmet,vest","NO-Hardhat,NO-Mask,NO-Safety Vest,Person"
2026-02-09T23:16:59,False,"helmet,vest","NO-Hardhat,NO-Mask,NO-Safety Vest,Person"
2026-02-09T23:16:59,False,"helmet,vest","NO-Hardhat,NO-Mask,NO-Safety Vest,Person"
2026-02-09T23:16:59,False,"helmet,vest","NO-Hardhat,NO-Mask,Person"
2026-02-09T23:16:59,False,"helmet,vest","Hardhat,Mask,NO-Mask,Person"
2026-02-09T23:16:59,False,"helmet,vest","Mask,NO-Mask,Person"
2026-02-09T23:16:59,False,"helmet,vest","Mask,NO-Mask,NO-Safety Vest,Person"
2026-02-09T23:16:59,False,"helmet,vest","NO-Mask,NO-Safety Vest,Person"
2026-02-09T23:16:59,False,"helmet,vest","NO-Mask,NO-Safety Vest,Person"
2026-02-09T23:16:59,False,"helmet,vest","NO-Mask,NO-Safety Vest,Person"
2026-02-09T23:17:00,False,"helmet,vest","NO-Mask,Person"
2026-02-09T23:17:00,False,"helmet,vest","NO-Mask,NO-Safety Vest,Person"
2026-02-09T23:17:00,False,"helmet,vest","NO-Mask,NO-Safety Vest,Person"
2026-02-09T23:17:00,False,"helmet,vest","NO-Mask,NO-Safety Vest,Person"
2026-02-09T23:17:00,False,"helmet,vest","NO-Mask,NO-Safety Vest,Person"
2026-02-09T23:17:00,False,"helmet,vest","NO-Mask,NO-Safety Vest,Person"
2026-02-09T23:17:00,False,"helmet,vest","NO-Hardhat,NO-Mask,NO-Safety Vest,Person"
2026-02-09T23:17:00,False,"helmet,vest","NO-Mask,NO-Safety Vest,Person"
2026-02-09T23:17:00,False,"helmet,vest","NO-Mask,NO-Safety Vest,Person"
2026-02-09T23:17:00,False,"helmet,vest","NO-Mask,NO-Safety Vest,Person"
2026-02-09T23:17:00,False,"helmet,vest","NO-Mask,NO-Safety Vest,Person"
2026-02-09T23:17:00,False,"helmet,vest","NO-Mask,NO-Safety Vest,Person"
2026-02-09T23:17:00,False,"helmet,vest","NO-Mask,NO-Safety Vest,Person"
2026-02-09T23:17:00,False,"helmet,vest","NO-Hardhat,NO-Mask,NO-Safety Vest,Person"
2026-02-09T23:17:01,False,"helmet,vest","NO-Mask,NO-Safety Vest,Person"
2026-02-09T23:17:01,False,"helmet,vest","NO-Mask,Person"
2026-02-09T23:17:01,False,"helmet,vest","NO-Mask,Person"
2026-02-09T23:17:01,False,"helmet,vest","NO-Mask,Person"
2026-02-09T23:17:01,False,"helmet,vest","NO-Hardhat,NO-Mask,Person"
2026-02-09T23:17:01,False,"helmet,vest",Person
2026-02-09T23:17:01,False,"helmet,vest","NO-Hardhat,Person,Safety Cone"
2026-02-09T23:17:01,False,"helmet,vest","Person,Safety Cone"
2026-02-09T23:17:01,False,"helmet,vest","NO-Hardhat,Person"
2026-02-09T23:17:01,False,"helmet,vest","NO-Hardhat,Person"
2026-02-09T23:17:01,False,"helmet,vest","NO-Hardhat,Person,Safety Cone"
2026-02-09T23:17:01,False,"helmet,vest","NO-Hardhat,Person,Safety Cone"
2026-02-09T23:17:02,False,"helmet,vest","NO-Hardhat,Person,Safety Cone"
2026-02-09T23:17:02,False,"helmet,vest","NO-Hardhat,Person"
2026-02-09T23:17:02,False,"helmet,vest","NO-Hardhat,Person,Safety Cone"
2026-02-09T23:17:02,False,"helmet,vest","NO-Hardhat,Person"
2026-02-09T23:17:02,False,"helmet,vest","NO-Hardhat,Person"
2026-02-09T23:17:02,False,"helmet,vest","NO-Hardhat,Person"
2026-02-09T23:17:02,False,"helmet,vest","NO-Hardhat,Person,Safety Cone"
2026-02-09T23:17:02,False,"helmet,vest","NO-Hardhat,Person"
2026-02-09T23:17:02,False,"helmet,vest","NO-Hardhat,Person,Safety Cone"
2026-02-09T23:17:02,False,"helmet,vest","NO-Hardhat,Person"
2026-02-09T23:17:02,False,"helmet,vest","NO-Hardhat,Person"
2026-02-09T23:17:02,False,"helmet,vest","NO-Hardhat,Person,Safety Cone"
2026-02-09T23:17:02,False,"helmet,vest","NO-Hardhat,Person,Safety Cone"
2026-02-09T23:17:02,False,"helmet,vest","NO-Hardhat,Person"
2026-02-09T23:17:03,False,"helmet,vest",Person
2026-02-09T23:17:03,False,"helmet,vest","NO-Hardhat,Person"
2026-02-09T23:17:03,False,"helmet,vest",Person
2026-02-09T23:17:03,False,"helmet,vest","NO-Hardhat,Person"
2026-02-09T23:17:03,False,"helmet,vest","NO-Hardhat,Person,Safety Cone"
2026-02-09T23:17:03,False,"helmet,vest","Person,Safety Cone"
2026-02-09T23:17:03,False,"helmet,vest","NO-Hardhat,Person"
2026-02-09T23:17:03,False,"helmet,vest","NO-Hardhat,Person"
2026-02-09T23:17:03,False,"helmet,vest","NO-Hardhat,Person"
2026-02-09T23:17:03,False,"helmet,vest","NO-Hardhat,Person"
2026-02-09T23:17:03,False,"helmet,vest",Person
2026-02-09T23:17:03,False,"helmet,vest","NO-Hardhat,Person"
2026-02-09T23:17:03,False,"helmet,vest","NO-Hardhat,Person"
2026-02-09T23:17:04,False,"helmet,vest","NO-Hardhat,Person"
2026-02-09T23:17:04,False,"helmet,vest",Person
2026-02-09T23:17:04,False,"helmet,vest",Person
2026-02-09T23:17:04,False,"helmet,vest","Person,Safety Cone"
2026-02-09T23:17:04,False,"helmet,vest","Person,Safety Cone"
2026-02-09T23:17:04,False,"helmet,vest","NO-Hardhat,Person,Safety Cone"
2026-02-09T23:17:04,False,"helmet,vest","NO-Hardhat,Person,Safety Cone"
2026-02-09T23:17:04,False,"helmet,vest","Person,Safety Cone"
2026-02-09T23:17:04,False,"helmet,vest","Person,Safety Cone"
2026-02-09T23:17:04,False,"helmet,vest","Person,Safety Cone"
2026-02-09T23:17:04,False,"helmet,vest","Person,Safety Cone"
2026-02-09T23:17:04,False,"helmet,vest",Person
2026-02-09T23:17:04,False,"helmet,vest",Person
2026-02-09T23:17:04,False,"helmet,vest","NO-Mask,NO-Safety Vest,Person"
2026-02-09T23:17:04,False,"helmet,vest","NO-Mask,NO-Safety Vest,Person"
2026-02-09T23:17:05,False,"helmet,vest","NO-Hardhat,NO-Mask,Person"
2026-02-09T23:17:05,False,"helmet,vest","NO-Hardhat,NO-Mask,NO-Safety Vest,Person"
2026-02-09T23:17:05,False,"helmet,vest","NO-Hardhat,NO-Mask,Person"
2026-02-09T23:17:05,False,"helmet,vest","NO-Hardhat,NO-Mask,Person"
2026-02-09T23:17:05,False,"helmet,vest",Person
2026-02-09T23:17:05,False,"helmet,vest","NO-Hardhat,NO-Mask,Person"
2026-02-09T23:17:05,False,"helmet,vest","NO-Hardhat,NO-Mask,NO-Safety Vest,Person"
2026-02-09T23:17:05,False,"helmet,vest","NO-Hardhat,NO-Mask,Person"
2026-02-09T23:17:05,False,"helmet,vest","NO-Hardhat,NO-Mask,Person,Safety Cone"
2026-02-09T23:17:05,False,"helmet,vest","NO-Hardhat,NO-Mask,Person,Safety Cone"
2026-02-09T23:17:05,False,"helmet,vest","NO-Hardhat,NO-Mask,Person"
2026-02-09T23:17:05,False,"helmet,vest","NO-Hardhat,NO-Mask,NO-Safety Vest,Person,Safety Cone"
2026-02-09T23:17:05,False,"helmet,vest","NO-Hardhat,NO-Mask,NO-Safety Vest,Person,Safety Cone"
2026-02-09T23:17:05,False,"helmet,vest","NO-Hardhat,NO-Mask,Person"
2026-02-09T23:17:05,False,"helmet,vest","NO-Hardhat,NO-Mask,Person"
2026-02-09T23:17:06,False,"helmet,vest","NO-Hardhat,NO-Mask,Person,Safety Cone"
2026-02-09T23:17:06,False,"helmet,vest","NO-Hardhat,NO-Mask,Person,Safety Cone"
2026-02-09T23:17:06,False,"helmet,vest","NO-Hardhat,NO-Mask,NO-Safety Vest,Person,Safety Cone"
2026-02-09T23:17:06,False,"helmet,vest","NO-Hardhat,NO-Mask,NO-Safety Vest,Person"
2026-02-09T23:17:06,False,"helmet,vest","NO-Hardhat,NO-Mask,NO-Safety Vest,Person"
2026-02-09T23:17:06,False,"helmet,vest","NO-Hardhat,NO-Mask,Person,Safety Cone"
2026-02-09T23:17:06,False,"helmet,vest","NO-Hardhat,NO-Mask,Person,Safety Cone"
2026-02-09T23:17:06,False,"helmet,vest","NO-Hardhat,NO-Mask,Person"
2026-02-09T23:17:06,False,"helmet,vest","NO-Hardhat,NO-Mask,Person"
2026-02-09T23:17:06,False,"helmet,vest","NO-Hardhat,NO-Mask,NO-Safety Vest,Person"
2026-02-09T23:17:06,False,"helmet,vest","NO-Hardhat,NO-Mask,Person"
2026-02-09T23:17:06,False,"helmet,vest","NO-Hardhat,NO-Mask,Person"
2026-02-09T23:17:06,False,"helmet,vest","NO-Hardhat,NO-Mask,Person,Safety Cone"
2026-02-09T23:17:06,False,"helmet,vest","NO-Hardhat,NO-Mask,Person,Safety Cone"
2026-02-09T23:17:06,False,"helmet,vest","NO-Hardhat,NO-Mask,Person"
2026-02-09T23:17:07,False,"helmet,vest","NO-Hardhat,NO-Mask,Person"
2026-02-09T23:17:07,False,"helmet,vest","NO-Hardhat,NO-Mask,Person"
2026-02-09T23:17:07,False,"helmet,vest","NO-Hardhat,NO-Mask,Person"
2026-02-09T23:17:07,False,"helmet,vest","NO-Hardhat,NO-Mask,Person"
2026-02-09T23:17:07,False,"helmet,vest","NO-Hardhat,NO-Mask,Person"
2026-02-09T23:17:07,False,"helmet,vest","NO-Hardhat,NO-Mask,Person"
2026-02-09T23:17:07,False,"helmet,vest","NO-Hardhat,NO-Mask,Person"
2026-02-09T23:17:07,False,"helmet,vest","NO-Hardhat,NO-Mask,Person"
2026-02-09T23:17:07,False,"helmet,vest","NO-Hardhat,NO-Mask,Person,Safety Cone"
2026-02-09T23:17:07,False,"helmet,vest","NO-Hardhat,NO-Mask,Person,Safety Cone"
2026-02-09T23:17:07,False,"helmet,vest","NO-Hardhat,NO-Mask,Person"
2026-02-09T23:17:07,False,"helmet,vest","NO-Hardhat,NO-Mask,Person"
2026-02-09T23:17:07,False,"helmet,vest","NO-Hardhat,NO-Mask,Person"
2026-02-09T23:17:07,False,"helmet,vest","NO-Hardhat,NO-Mask,Person,Safety Cone"
2026-02-09T23:17:07,False,"helmet,vest","NO-Hardhat,NO-Mask,Person,Safety Cone"
2026-02-09T23:17:08,False,"helmet,vest","NO-Hardhat,NO-Mask,Person,Safety Cone"
2026-02-09T23:17:08,False,"helmet,vest","NO-Hardhat,NO-Mask,Person,Safety Cone"
2026-02-09T23:17:08,False,"helmet,vest","NO-Hardhat,NO-Mask,Person"
2026-02-09T23:17:08,False,"helmet,vest","NO-Hardhat,NO-Mask,Person,Safety Cone"
2026-02-09T23:17:08,False,"helmet,vest","NO-Hardhat,NO-Mask,Person"
2026-02-09T23:17:08,False,"helmet,vest","NO-Hardhat,NO-Mask,Person"
2026-02-09T23:17:08,False,"helmet,vest","NO-Hardhat,NO-Mask,Person"
2026-02-09T23:17:08,False,"helmet,vest","NO-Hardhat,NO-Mask,Person"
2026-02-09T23:17:08,False,"helmet,vest","NO-Hardhat,NO-Mask,Person,Safety Cone"
2026-02-09T23:17:08,False,"helmet,vest","NO-Hardhat,NO-Mask,Person"
2026-02-09T23:17:08,False,"helmet,vest","NO-Hardhat,NO-Mask,Person,Safety Cone"
2026-02-09T23:17:08,False,"helmet,vest","NO-Hardhat,NO-Mask,Person"
2026-02-09T23:17:08,False,"helmet,vest","NO-Hardhat,NO-Mask,NO-Safety Vest,Person"
2026-02-09T23:17:08,False,"helmet,vest","NO-Hardhat,NO-Mask,Person"
2026-02-09T23:17:08,False,"helmet,vest","NO-Hardhat,NO-Mask,Person"
2026-02-09T23:17:09,False,"helmet,vest","NO-Hardhat,NO-Mask,Person"
2026-02-09T23:17:09,False,"helmet,vest","NO-Hardhat,NO-Mask,Person,Safety Cone"
2026-02-09T23:17:09,False,"helmet,vest","NO-Hardhat,NO-Mask,Person,Safety Cone"
2026-02-09T23:17:09,False,"helmet,vest","NO-Hardhat,NO-Mask,Person,Safety Cone"
2026-02-09T23:17:09,False,"helmet,vest","NO-Hardhat,NO-Mask,Person"
2026-02-09T23:17:09,False,"helmet,vest","NO-Hardhat,NO-Mask,Person,Safety Cone"
2026-02-09T23:17:09,False,"helmet,vest","NO-Hardhat,NO-Mask,Person,Safety Cone"
2026-02-09T23:17:09,False,"helmet,vest","NO-Hardhat,NO-Mask,Person,Safety Cone"
2026-02-09T23:17:09,False,"helmet,vest","NO-Hardhat,NO-Mask,NO-Safety Vest,Person"
2026-02-09T23:17:09,False,"helmet,vest","NO-Hardhat,NO-Mask,Person"
2026-02-09T23:17:09,False,"helmet,vest","NO-Hardhat,NO-Mask,Person"
2026-02-09T23:17:09,False,"helmet,vest","NO-Hardhat,NO-Mask,Person"
2026-02-09T23:17:09,False,"helmet,vest","NO-Hardhat,NO-Mask,Person"
2026-02-09T23:17:09,False,"helmet,vest","NO-Hardhat,NO-Mask,NO-Safety Vest,Person,Safety Cone"
2026-02-09T23:17:10,False,"helmet,vest","NO-Hardhat,NO-Mask,NO-Safety Vest,Person,Safety Cone"
2026-02-09T23:17:10,False,"helmet,vest","NO-Hardhat,NO-Mask,NO-Safety Vest,Person,Safety Cone"
2026-02-09T23:17:10,False,"helmet,vest","NO-Hardhat,NO-Mask,Person,Safety Cone"
2026-02-09T23:17:10,False,"helmet,vest","NO-Hardhat,NO-Mask,Person,Safety Cone"
2026-02-09T23:17:10,False,"helmet,vest","NO-Hardhat,NO-Mask,Person"
2026-02-09T23:17:10,False,"helmet,vest","NO-Hardhat,NO-Mask,Person,Safety Cone"
2026-02-09T23:17:10,False,"helmet,vest","NO-Hardhat,NO-Mask,Person"
2026-02-09T23:17:10,False,"helmet,vest","NO-Hardhat,NO-Mask,Person"
2026-02-09T23:17:10,False,"helmet,vest","NO-Hardhat,NO-Mask,Person"
2026-02-09T23:17:10,False,"helmet,vest","NO-Hardhat,NO-Mask,Person,Safety Cone"
2026-02-09T23:17:10,False,"helmet,vest","NO-Hardhat,NO-Mask,Person,Safety Cone"
2026-02-09T23:17:10,False,"helmet,vest","NO-Hardhat,NO-Mask,Person,Safety Cone"
2026-02-09T23:17:10,False,"helmet,vest","NO-Hardhat,NO-Mask,Person,Safety Cone"
2026-02-09T23:17:10,False,"helmet,vest","NO-Hardhat,NO-Mask,Person,Safety Cone"
2026-02-09T23:17:10,False,"helmet,vest","NO-Hardhat,NO-Mask,Person"
2026-02-09T23:17:11,False,"helmet,vest","NO-Hardhat,NO-Mask,Person"
2026-02-09T23:17:11,False,"helmet,vest","NO-Hardhat,NO-Mask,NO-Safety Vest,Person,Safety Cone"
2026-02-09T23:17:11,False,"helmet,vest","NO-Hardhat,NO-Mask,NO-Safety Vest,Person,Safety Cone"
2026-02-09T23:17:11,False,"helmet,vest","NO-Hardhat,NO-Mask,Person,Safety Cone"
2026-02-09T23:17:11,False,"helmet,vest","NO-Hardhat,NO-Mask,NO-Safety Vest,Person,Safety Cone"
2026-02-09T23:17:11,False,"helmet,vest","NO-Hardhat,NO-Mask,NO-Safety Vest,Person"
2026-02-09T23:17:11,False,"helmet,vest","NO-Hardhat,NO-Mask,NO-Safety Vest,Person"
2026-02-09T23:17:11,False,"helmet,vest","NO-Hardhat,NO-Mask,NO-Safety Vest,Person"
2026-02-09T23:17:11,False,"helmet,vest","NO-Hardhat,NO-Mask,NO-Safety Vest,Person"
2026-02-09T23:17:11,False,"helmet,vest","NO-Hardhat,NO-Mask,NO-Safety Vest,Person,Safety Cone"
2026-02-09T23:17:11,False,"helmet,vest","NO-Hardhat,NO-Mask,Person,Safety Cone"
2026-02-09T23:17:11,False,"helmet,vest","NO-Hardhat,NO-Mask,Person,Safety Cone"
2026-02-09T23:17:11,False,"helmet,vest","NO-Hardhat,NO-Mask,NO-Safety Vest,Person,Safety Cone"
2026-02-09T23:17:11,False,"helmet,vest","NO-Hardhat,NO-Mask,NO-Safety Vest,Person,Safety Cone"
2026-02-09T23:17:11,False,"helmet,vest","NO-Hardhat,NO-Mask,NO-Safety Vest,Person,Safety Cone"
2026-02-09T23:17:11,False,"helmet,vest","NO-Hardhat,NO-Mask,Person,Safety Cone"
2026-02-09T23:17:12,False,"helmet,vest","NO-Hardhat,NO-Mask,Person,Safety Cone"
2026-02-09T23:17:12,False,"helmet,vest","NO-Hardhat,NO-Mask,Person,Safety Cone"
2026-02-09T23:17:12,False,"helmet,vest","NO-Hardhat,NO-Mask,Person,Safety Cone"
2026-02-09T23:17:12,False,"helmet,vest","NO-Hardhat,NO-Mask,NO-Safety Vest,Person"
2026-02-09T23:17:12,False,"helmet,vest","NO-Hardhat,NO-Mask,NO-Safety Vest,Person"
2026-02-09T23:17:12,False,"helmet,vest","NO-Hardhat,NO-Mask,NO-Safety Vest,Person"
2026-02-09T23:17:12,False,"helmet,vest","NO-Hardhat,NO-Mask,NO-Safety Vest,Person"
2026-02-09T23:17:12,False,"helmet,vest","NO-Hardhat,NO-Mask,NO-Safety Vest,Person"
2026-02-09T23:17:12,False,"helmet,vest","NO-Hardhat,NO-Mask,Person"
2026-02-09T23:17:12,False,"helmet,vest","NO-Hardhat,NO-Mask,Person"
2026-02-09T23:17:12,False,"helmet,vest","NO-Hardhat,NO-Mask,Person"
2026-02-09T23:17:12,False,"helmet,vest","NO-Hardhat,NO-Mask,NO-Safety Vest,Person,Safety Cone"
2026-02-09T23:17:12,False,"helmet,vest","NO-Hardhat,NO-Mask,NO-Safety Vest,Person,Safety Cone"
2026-02-09T23:17:12,False,"helmet,vest","NO-Hardhat,NO-Mask,Person,Safety Cone"
2026-02-09T23:17:12,False,"helmet,vest","NO-Hardhat,NO-Mask,Person"
2026-02-09T23:17:13,False,"helmet,vest","NO-Hardhat,NO-Mask,NO-Safety Vest,Person"
2026-02-09T23:17:13,False,"helmet,vest","NO-Hardhat,NO-Mask,NO-Safety Vest,Person"
2026-02-09T23:17:13,False,"helmet,vest","NO-Hardhat,NO-Mask,NO-Safety Vest,Person"
2026-02-09T23:17:13,False,"helmet,vest","NO-Hardhat,NO-Mask,NO-Safety Vest,Person,Safety Cone"
2026-02-09T23:17:13,False,"helmet,vest","NO-Hardhat,NO-Mask,NO-Safety Vest,Person"
2026-02-09T23:17:13,False,"helmet,vest","NO-Hardhat,NO-Mask,Person"
2026-02-09T23:17:13,False,"helmet,vest","NO-Hardhat,NO-Mask,NO-Safety Vest,Person"
2026-02-09T23:17:13,False,"helmet,vest","NO-Hardhat,NO-Mask,NO-Safety Vest,Person"
2026-02-09T23:17:13,False,"helmet,vest","NO-Hardhat,NO-Mask,NO-Safety Vest,Person"
2026-02-09T23:17:13,False,"helmet,vest","NO-Hardhat,NO-Mask,NO-Safety Vest,Person"
2026-02-09T23:17:13,False,"helmet,vest","NO-Hardhat,NO-Mask,NO-Safety Vest,Person"
2026-02-09T23:17:13,False,"helmet,vest","NO-Hardhat,NO-Mask,Person"
2026-02-09T23:17:13,False,"helmet,vest","NO-Hardhat,NO-Mask,NO-Safety Vest,Person"
2026-02-09T23:17:13,False,"helmet,vest","NO-Hardhat,NO-Mask,Person"
2026-02-09T23:17:14,False,"helmet,vest","NO-Hardhat,NO-Mask,NO-Safety Vest,Person"
2026-02-09T23:17:14,False,"helmet,vest","NO-Hardhat,NO-Mask,NO-Safety Vest,Person"
2026-02-09T23:17:14,False,"helmet,vest","NO-Hardhat,NO-Mask,NO-Safety Vest,Person"
2026-02-09T23:17:14,False,"helmet,vest","NO-Hardhat,NO-Mask,NO-Safety Vest,Person"
2026-02-09T23:17:14,False,"helmet,vest","NO-Hardhat,NO-Mask,NO-Safety Vest,Person,Safety Cone"
2026-02-09T23:17:14,False,"helmet,vest","NO-Hardhat,NO-Mask,NO-Safety Vest,Person"
2026-02-09T23:17:14,False,"helmet,vest","NO-Hardhat,NO-Mask,NO-Safety Vest,Person"
2026-02-09T23:17:14,False,"helmet,vest","NO-Hardhat,NO-Mask,NO-Safety Vest,Person"
2026-02-09T23:17:14,False,"helmet,vest","NO-Hardhat,NO-Mask,NO-Safety Vest,Person"
2026-02-09T23:17:14,False,"helmet,vest","NO-Hardhat,NO-Mask,NO-Safety Vest,Person"
2026-02-09T23:17:14,False,"helmet,vest","NO-Hardhat,Person"
2026-02-09T23:17:14,False,"helmet,vest","NO-Hardhat,NO-Mask,Person"
2026-02-09T23:17:14,False,"helmet,vest","NO-Hardhat,Person"
2026-02-09T23:17:14,False,"helmet,vest","NO-Hardhat,NO-Mask,NO-Safety Vest,Person"
2026-02-09T23:17:14,False,"helmet,vest","NO-Hardhat,NO-Mask,NO-Safety Vest,Person"
2026-02-09T23:17:15,False,"helmet,vest","NO-Hardhat,NO-Mask,NO-Safety Vest,Person"
2026-02-09T23:17:15,False,"helmet,vest","NO-Hardhat,NO-Mask,NO-Safety Vest,Person"
2026-02-09T23:17:15,False,"helmet,vest","NO-Hardhat,NO-Mask,NO-Safety Vest,Person"
2026-02-09T23:17:15,False,"helmet,vest","NO-Hardhat,NO-Mask,NO-Safety Vest,Person"
2026-02-09T23:17:15,False,"helmet,vest","NO-Hardhat,NO-Safety Vest,Person"
2026-02-09T23:17:15,False,"helmet,vest","NO-Hardhat,NO-Mask,NO-Safety Vest,Person"
2026-02-09T23:17:15,False,"helmet,vest","NO-Hardhat,NO-Mask,NO-Safety Vest,Person"
2026-02-09T23:17:15,False,"helmet,vest","NO-Hardhat,NO-Mask,NO-Safety Vest,Person"
2026-02-09T23:17:15,False,"helmet,vest","NO-Hardhat,NO-Mask,NO-Safety Vest,Person"
2026-02-09T23:17:15,False,"helmet,vest","NO-Hardhat,NO-Mask,NO-Safety Vest,Person"
2026-02-09T23:17:15,False,"helmet,vest","NO-Mask,NO-Safety Vest,Person"
2026-02-09T23:17:15,False,"helmet,vest","NO-Hardhat,NO-Safety Vest,Person"
2026-02-09T23:17:15,False,"helmet,vest","NO-Hardhat,NO-Mask,NO-Safety Vest,Person"
2026-02-09T23:17:15,False,"helmet,vest","NO-Hardhat,NO-Mask,Person"
2026-02-09T23:17:15,False,"helmet,vest","NO-Hardhat,NO-Mask,Person"
2026-02-09T23:17:16,False,"helmet,vest","NO-Hardhat,Person"
2026-02-09T23:17:16,False,"helmet,vest","NO-Hardhat,Person"
2026-02-09T23:17:16,False,"helmet,vest","NO-Hardhat,NO-Mask,Person"
2026-02-09T23:17:16,False,"helmet,vest","NO-Hardhat,NO-Mask,Person"
2026-02-09T23:17:16,False,"helmet,vest","NO-Hardhat,NO-Mask,Person"
2026-02-09T23:17:16,False,"helmet,vest","NO-Hardhat,NO-Mask,Person"
2026-02-09T23:17:16,False,"helmet,vest","NO-Hardhat,NO-Mask,Person"
2026-02-09T23:17:16,False,"helmet,vest","NO-Hardhat,NO-Mask,Person"
2026-02-09T23:17:16,False,"helmet,vest","NO-Hardhat,NO-Mask,Person"
2026-02-09T23:17:16,False,"helmet,vest","NO-Hardhat,NO-Mask,Person"
2026-02-09T23:17:16,False,"helmet,vest","NO-Hardhat,NO-Mask,Person"
2026-02-09T23:17:16,False,"helmet,vest","NO-Hardhat,NO-Mask,Person"
2026-02-09T23:17:16,False,"helmet,vest","NO-Hardhat,NO-Mask,Person"
2026-02-09T23:17:16,False,"helmet,vest","NO-Hardhat,NO-Mask,Person"
2026-02-09T23:17:16,False,"helmet,vest","NO-Hardhat,NO-Mask,Person"
2026-02-09T23:17:17,False,"helmet,vest","NO-Hardhat,NO-Mask,Person"
2026-02-09T23:17:17,False,"helmet,vest","NO-Hardhat,NO-Mask,NO-Safety Vest,Person"
2026-02-09T23:17:17,False,"helmet,vest","NO-Hardhat,NO-Mask,Person"
2026-02-09T23:17:17,False,"helmet,vest","NO-Hardhat,NO-Mask,Person"
2026-02-09T23:17:17,False,"helmet,vest","NO-Hardhat,NO-Mask,NO-Safety Vest,Person"
2026-02-09T23:17:17,False,"helmet,vest","NO-Hardhat,NO-Mask,NO-Safety Vest,Person"
2026-02-09T23:17:17,False,"helmet,vest","NO-Hardhat,NO-Mask,NO-Safety Vest,Person"
2026-02-09T23:17:17,False,"helmet,vest","NO-Hardhat,NO-Mask,NO-Safety Vest,Person"
2026-02-09T23:17:17,False,"helmet,vest","NO-Hardhat,NO-Mask,Person"
2026-02-09T23:17:17,False,"helmet,vest","Hardhat,NO-Hardhat,NO-Mask,NO-Safety Vest,Person"
2026-02-09T23:17:17,False,"helmet,vest","Hardhat,NO-Hardhat,NO-Mask,NO-Safety Vest,Person"
2026-02-09T23:17:17,False,"helmet,vest","NO-Hardhat,NO-Mask,NO-Safety Vest,Person"
2026-02-09T23:17:17,False,"helmet,vest","Hardhat,NO-Hardhat,NO-Mask,NO-Safety Vest,Person"
2026-02-09T23:17:17,False,"helmet,vest","NO-Hardhat,NO-Mask,NO-Safety Vest,Person"
2026-02-09T23:17:17,False,"helmet,vest","NO-Hardhat,NO-Mask,NO-Safety Vest,Person"
2026-02-09T23:17:18,False,"helmet,vest","NO-Hardhat,NO-Mask,NO-Safety Vest,Person"
2026-02-09T23:17:18,False,"helmet,vest","NO-Hardhat,NO-Mask,NO-Safety Vest,Person"
2026-02-09T23:17:18,False,"helmet,vest","NO-Hardhat,NO-Mask,NO-Safety Vest,Person"
2026-02-09T23:17:18,False,"helmet,vest","NO-Hardhat,NO-Mask,NO-Safety Vest,Person"
2026-02-09T23:17:18,False,"helmet,vest","NO-Hardhat,NO-Mask,NO-Safety Vest,Person"
2026-02-09T23:17:18,False,"helmet,vest","NO-Hardhat,NO-Mask,NO-Safety Vest,Person"
2026-02-09T23:17:18,False,"helmet,vest","NO-Hardhat,NO-Mask,NO-Safety Vest,Person"
2026-02-09T23:17:18,False,"helmet,vest","NO-Hardhat,NO-Mask,NO-Safety Vest,Person"
2026-02-09T23:17:18,False,"helmet,vest","NO-Hardhat,NO-Mask,NO-Safety Vest,Person"
2026-02-09T23:17:18,False,"helmet,vest","NO-Hardhat,NO-Mask,NO-Safety Vest,Person"
2026-02-09T23:17:18,False,"helmet,vest","NO-Hardhat,NO-Mask,NO-Safety Vest,Person"
2026-02-09T23:17:18,False,"helmet,vest","NO-Hardhat,NO-Mask,NO-Safety Vest,Person"
2026-02-09T23:17:18,False,"helmet,vest","NO-Hardhat,NO-Mask,NO-Safety Vest,Person"
2026-02-09T23:17:18,False,"helmet,vest","NO-Hardhat,NO-Mask,NO-Safety Vest,Person"
2026-02-09T23:17:18,False,"helmet,vest","NO-Hardhat,NO-Mask,NO-Safety Vest,Person"
2026-02-09T23:17:19,False,"helmet,vest","NO-Hardhat,NO-Mask,NO-Safety Vest,Person"
2026-02-09T23:17:19,False,"helmet,vest","NO-Hardhat,NO-Mask,NO-Safety Vest,Person"
2026-02-09T23:17:19,False,"helmet,vest","NO-Hardhat,NO-Mask,NO-Safety Vest,Person"
2026-02-09T23:17:19,False,"helmet,vest","NO-Hardhat,NO-Mask,NO-Safety Vest,Person"
2026-02-09T23:17:19,False,"helmet,vest","NO-Hardhat,NO-Mask,Person"
2026-02-09T23:17:19,False,"helmet,vest","NO-Hardhat,NO-Mask,NO-Safety Vest,Person"
2026-02-09T23:17:19,False,"helmet,vest","NO-Hardhat,NO-Mask,Person"
2026-02-09T23:17:19,False,"helmet,vest","NO-Hardhat,NO-Mask,NO-Safety Vest,Person"
2026-02-09T23:17:19,False,"helmet,vest","NO-Hardhat,NO-Mask,NO-Safety Vest,Person"
2026-02-09T23:17:19,False,"helmet,vest","NO-Hardhat,NO-Mask,NO-Safety Vest,Person"
2026-02-09T23:17:19,False,"helmet,vest","NO-Hardhat,NO-Mask,NO-Safety Vest,Person"
2026-02-09T23:17:19,False,"helmet,vest","NO-Hardhat,NO-Mask,NO-Safety Vest,Person"
2026-02-09T23:17:19,False,"helmet,vest","NO-Hardhat,NO-Mask,NO-Safety Vest,Person"
2026-02-09T23:17:19,False,"helmet,vest","NO-Hardhat,NO-Mask,Person"
2026-02-09T23:17:19,False,"helmet,vest","NO-Hardhat,NO-Mask,NO-Safety Vest,Person"
2026-02-09T23:17:20,False,"helmet,vest","NO-Hardhat,NO-Mask,NO-Safety Vest,Person"
2026-02-09T23:17:20,False,"helmet,vest","NO-Hardhat,NO-Mask,Person"
2026-02-09T23:17:20,False,"helmet,vest","NO-Hardhat,NO-Mask,NO-Safety Vest,Person"
2026-02-09T23:17:20,False,"helmet,vest","NO-Mask,NO-Safety Vest,Person"
2026-02-09T23:17:20,False,"helmet,vest","Mask,NO-Mask,Person"
2026-02-09T23:17:20,False,"helmet,vest","Mask,NO-Hardhat,NO-Mask,Person"
2026-02-09T23:17:20,False,"helmet,vest","Mask,NO-Mask,Person"
2026-02-09T23:17:20,False,"helmet,vest","Mask,NO-Mask,Person"
2026-02-09T23:17:20,False,"helmet,vest","Mask,NO-Mask,NO-Safety Vest,Person"
2026-02-09T23:17:20,False,"helmet,vest","Mask,NO-Safety Vest,Person"
2026-02-09T23:17:20,False,"helmet,vest","Mask,NO-Mask,Person"
2026-02-09T23:17:20,False,"helmet,vest","Mask,NO-Mask,Person"
2026-02-09T23:17:20,False,"helmet,vest","NO-Mask,Person"
2026-02-09T23:17:20,False,"helmet,vest","NO-Mask,NO-Safety Vest,Person"
2026-02-09T23:17:20,False,"helmet,vest","NO-Mask,Person"
2026-02-09T23:17:21,False,"helmet,vest","Hardhat,NO-Mask,NO-Safety Vest,Person"
2026-02-09T23:17:21,False,"helmet,vest","NO-Hardhat,NO-Mask,NO-Safety Vest,Person"
2026-02-09T23:17:21,False,"helmet,vest","NO-Hardhat,NO-Mask,NO-Safety Vest,Person"
2026-02-09T23:17:21,False,"helmet,vest","NO-Hardhat,NO-Mask,NO-Safety Vest,Person"
2026-02-09T23:17:21,False,"helmet,vest","NO-Hardhat,NO-Mask,NO-Safety Vest,Person"
2026-02-09T23:17:21,False,"helmet,vest","NO-Hardhat,NO-Mask,Person"
2026-02-09T23:17:21,False,"helmet,vest","NO-Hardhat,NO-Mask,Person"
2026-02-09T23:17:21,False,"helmet,vest","NO-Hardhat,NO-Mask,Person"
2026-02-09T23:17:21,False,"helmet,vest","NO-Mask,NO-Safety Vest,Person"
2026-02-09T23:17:21,False,"helmet,vest","NO-Mask,NO-Safety Vest,Person"
2026-02-09T23:17:21,False,"helmet,vest","NO-Hardhat,NO-Mask,NO-Safety Vest,Person"
2026-02-09T23:17:21,False,"helmet,vest","NO-Hardhat,NO-Mask,NO-Safety Vest,Person"
2026-02-09T23:17:21,False,"helmet,vest","NO-Hardhat,NO-Mask,NO-Safety Vest,Person"
2026-02-09T23:17:21,False,"helmet,vest","NO-Mask,NO-Safety Vest,Person"
2026-02-09T23:17:21,False,"helmet,vest","NO-Mask,NO-Safety Vest,Person"
2026-02-09T23:17:22,False,"helmet,vest","NO-Hardhat,NO-Mask,NO-Safety Vest,Person"
2026-02-09T23:17:22,False,"helmet,vest","NO-Hardhat,NO-Mask,NO-Safety Vest,Person"
2026-02-09T23:17:22,False,"helmet,vest","NO-Mask,NO-Safety Vest,Person"
2026-02-09T23:17:22,False,"helmet,vest","NO-Mask,Person"
2026-02-09T23:17:22,False,"helmet,vest","NO-Mask,Person"
2026-02-09T23:17:22,False,"helmet,vest","NO-Mask,Person"
2026-02-09T23:17:22,False,"helmet,vest","NO-Mask,Person"
2026-02-09T23:17:22,False,"helmet,vest","NO-Mask,Person"
2026-02-09T23:17:22,False,"helmet,vest","NO-Mask,Person"
2026-02-09T23:17:22,False,"helmet,vest","NO-Mask,Person"
2026-02-09T23:17:22,False,"helmet,vest","NO-Mask,NO-Safety Vest,Person"
2026-02-09T23:17:22,False,"helmet,vest","NO-Mask,Person"
2026-02-09T23:17:22,False,"helmet,vest","NO-Hardhat,NO-Mask,Person"
2026-02-09T23:17:22,False,"helmet,vest","NO-Hardhat,NO-Mask,NO-Safety Vest,Person"
2026-02-09T23:17:23,False,"helmet,vest","NO-Hardhat,NO-Mask,NO-Safety Vest,Person"
2026-02-09T23:17:23,False,"helmet,vest","NO-Hardhat,NO-Mask,NO-Safety Vest,Person"
2026-02-09T23:17:23,False,"helmet,vest","NO-Hardhat,NO-Mask,NO-Safety Vest,Person"
2026-02-09T23:17:23,False,"helmet,vest","NO-Hardhat,NO-Mask,NO-Safety Vest,Person"
2026-02-09T23:17:23,False,"helmet,vest","NO-Hardhat,NO-Mask,NO-Safety Vest,Person"
2026-02-09T23:17:23,False,"helmet,vest","NO-Hardhat,NO-Mask,Person"
2026-02-09T23:17:23,False,"helmet,vest","NO-Hardhat,NO-Mask,Person"
2026-02-09T23:17:23,False,"helmet,vest","NO-Hardhat,NO-Mask,Person"
2026-02-09T23:17:23,False,"helmet,vest","NO-Hardhat,NO-Mask,Person"
2026-02-09T23:17:23,False,"helmet,vest","NO-Hardhat,NO-Mask,Person"
2026-02-09T23:17:23,False,"helmet,vest","NO-Hardhat,NO-Mask,Person"
2026-02-09T23:17:23,False,"helmet,vest","NO-Hardhat,NO-Mask,Person"
2026-02-09T23:17:23,False,"helmet,vest","NO-Hardhat,NO-Mask,Person"
2026-02-09T23:17:23,False,"helmet,vest","NO-Hardhat,NO-Mask,Person"
2026-02-09T23:17:23,False,"helmet,vest","NO-Hardhat,NO-Mask,Person"
2026-02-09T23:17:24,False,"helmet,vest","NO-Hardhat,NO-Mask,Person"
2026-02-09T23:17:24,False,"helmet,vest","NO-Hardhat,NO-Mask,Person"
2026-02-09T23:17:24,False,"helmet,vest","NO-Hardhat,NO-Mask,Person"
2026-02-09T23:17:24,False,"helmet,vest","NO-Hardhat,NO-Mask,Person"
2026-02-09T23:17:24,False,"helmet,vest","NO-Hardhat,NO-Mask,Person"
2026-02-09T23:17:24,False,"helmet,vest","NO-Hardhat,NO-Mask,Person"
2026-02-09T23:17:24,False,"helmet,vest","NO-Hardhat,NO-Mask,Person"
2026-02-09T23:17:24,False,"helmet,vest","NO-Hardhat,NO-Mask,Person"
2026-02-09T23:17:24,False,"helmet,vest","NO-Hardhat,NO-Mask,Person"
2026-02-09T23:17:24,False,"helmet,vest","NO-Hardhat,NO-Mask,Person"
2026-02-09T23:17:24,False,"helmet,vest","NO-Hardhat,NO-Mask,Person"
2026-02-09T23:17:24,False,"helmet,vest","NO-Hardhat,NO-Mask,Person"
2026-02-09T23:17:24,False,"helmet,vest","NO-Hardhat,NO-Mask,Person"
2026-02-09T23:17:24,False,"helmet,vest","NO-Hardhat,NO-Mask,Person"
2026-02-09T23:17:24,False,"helmet,vest","NO-Hardhat,NO-Mask,Person"
2026-02-09T23:17:25,False,"helmet,vest","NO-Hardhat,NO-Mask,Person"
2026-02-09T23:17:25,False,"helmet,vest","NO-Hardhat,NO-Mask,Person"
2026-02-09T23:17:25,False,"helmet,vest","NO-Hardhat,NO-Mask,Person"
2026-02-09T23:17:25,False,"helmet,vest","NO-Hardhat,NO-Mask,Person"
2026-02-09T23:17:25,False,"helmet,vest","NO-Hardhat,NO-Mask,Person"
2026-02-09T23:17:25,False,"helmet,vest","NO-Hardhat,NO-Mask,Person"
2026-02-09T23:17:25,False,"helmet,vest","NO-Hardhat,NO-Mask,Person"
2026-02-09T23:17:25,False,"helmet,vest","NO-Hardhat,NO-Mask,Person"
2026-02-09T23:17:25,False,"helmet,vest","NO-Hardhat,NO-Mask,Person"
2026-02-09T23:17:25,False,"helmet,vest","NO-Hardhat,NO-Mask,Person"
2026-02-09T23:17:25,False,"helmet,vest","NO-Hardhat,NO-Mask,Person"
2026-02-09T23:17:25,False,"helmet,vest","NO-Hardhat,NO-Mask,Person"
2026-02-09T23:17:25,False,"helmet,vest","NO-Hardhat,NO-Mask,Person"
2026-02-09T23:17:25,False,"helmet,vest","NO-Hardhat,NO-Mask,Person"
2026-02-09T23:17:25,False,"helmet,vest","NO-Hardhat,NO-Mask,Person"
2026-02-09T23:17:26,False,"helmet,vest","NO-Hardhat,NO-Mask,Person"
2026-02-09T23:17:26,False,"helmet,vest","NO-Hardhat,NO-Mask,Person"
2026-02-09T23:17:26,False,"helmet,vest","NO-Hardhat,NO-Mask,Person"
2026-02-09T23:17:26,False,"helmet,vest","NO-Hardhat,NO-Mask,Person"
2026-02-09T23:17:26,False,"helmet,vest","NO-Hardhat,NO-Mask,Person"
2026-02-09T23:17:26,False,"helmet,vest","NO-Hardhat,NO-Mask,NO-Safety Vest,Person"
2026-02-09T23:17:26,False,"helmet,vest","NO-Hardhat,NO-Mask,NO-Safety Vest,Person"
2026-02-09T23:17:26,False,"helmet,vest","NO-Hardhat,NO-Mask,NO-Safety Vest,Person"
2026-02-09T23:17:26,False,"helmet,vest","NO-Hardhat,NO-Mask,NO-Safety Vest,Person"
2026-02-09T23:17:26,False,"helmet,vest","NO-Hardhat,NO-Mask,Person"
2026-02-09T23:17:26,False,"helmet,vest","NO-Hardhat,NO-Mask,Person"
2026-02-09T23:17:26,False,"helmet,vest","NO-Hardhat,NO-Mask,NO-Safety Vest,Person"
2026-02-09T23:17:26,False,"helmet,vest","NO-Hardhat,NO-Mask,Person"
2026-02-09T23:17:26,False,"helmet,vest","NO-Hardhat,NO-Mask,Person"
2026-02-09T23:17:26,False,"helmet,vest","NO-Hardhat,NO-Mask,Person"
2026-02-09T23:17:27,False,"helmet,vest","NO-Hardhat,NO-Mask,Person"
2026-02-09T23:17:27,False,"helmet,vest","NO-Hardhat,NO-Mask,Person"
2026-02-09T23:17:27,False,"helmet,vest","NO-Hardhat,NO-Mask,Person"
2026-02-09T23:17:27,False,"helmet,vest","NO-Hardhat,NO-Mask,Person"
2026-02-09T23:17:27,False,"helmet,vest","NO-Hardhat,NO-Mask,Person"
2026-02-09T23:17:27,False,"helmet,vest","NO-Mask,NO-Safety Vest,Person"
2026-02-09T23:17:27,False,"helmet,vest","NO-Mask,NO-Safety Vest,Person"
2026-02-09T23:17:27,False,"helmet,vest","NO-Mask,NO-Safety Vest,Person"
2026-02-09T23:17:27,False,"helmet,vest","NO-Hardhat,NO-Mask,Person"
2026-02-09T23:17:27,False,"helmet,vest","NO-Hardhat,NO-Mask,Person"
2026-02-09T23:17:27,False,"helmet,vest","NO-Hardhat,NO-Mask,Person"
2026-02-09T23:17:27,False,"helmet,vest","NO-Hardhat,NO-Mask,NO-Safety Vest,Person,Safety Vest"
2026-02-09T23:17:27,False,"helmet,vest","NO-Hardhat,NO-Mask,Person,Safety Vest"
2026-02-09T23:17:27,False,"helmet,vest","NO-Hardhat,NO-Mask,Person"
2026-02-09T23:17:27,False,"helmet,vest","NO-Hardhat,NO-Mask,Person"
2026-02-09T23:17:28,False,"helmet,vest","NO-Hardhat,NO-Mask,Person"
2026-02-09T23:17:28,False,"helmet,vest","NO-Hardhat,NO-Mask,Person"
2026-02-09T23:17:28,False,"helmet,vest","NO-Hardhat,NO-Mask,Person"
2026-02-09T23:17:28,False,"helmet,vest","NO-Hardhat,NO-Mask,Person"
2026-02-09T23:17:28,False,"helmet,vest","NO-Hardhat,NO-Mask,Person"
2026-02-09T23:17:28,False,"helmet,vest","NO-Hardhat,NO-Mask,Person"
2026-02-09T23:17:28,False,"helmet,vest","NO-Hardhat,NO-Mask,Person"
2026-02-09T23:17:28,False,"helmet,vest","NO-Hardhat,NO-Mask,Person"
2026-02-09T23:17:28,False,"helmet,vest","NO-Hardhat,NO-Mask,Person"
2026-02-09T23:17:28,False,"helmet,vest","NO-Hardhat,NO-Mask,Person"
2026-02-09T23:17:28,False,"helmet,vest","NO-Hardhat,NO-Mask,Person"
2026-02-09T23:17:28,False,"helmet,vest","NO-Hardhat,NO-Mask,Person"
2026-02-09T23:17:28,False,"helmet,vest","NO-Hardhat,NO-Mask,NO-Safety Vest,Person"
2026-02-09T23:17:28,False,"helmet,vest","NO-Mask,NO-Safety Vest,Person"
2026-02-09T23:17:28,False,"helmet,vest","NO-Mask,NO-Safety Vest,Person"
2026-02-09T23:17:29,False,"helmet,vest","NO-Hardhat,NO-Mask,NO-Safety Vest,Person"
2026-02-09T23:17:29,False,"helmet,vest","NO-Mask,NO-Safety Vest,Person"
2026-02-09T23:17:29,False,"helmet,vest","NO-Mask,NO-Safety Vest,Person"
2026-02-09T23:17:29,False,"helmet,vest","NO-Mask,NO-Safety Vest,Person"
2026-02-09T23:17:29,False,"helmet,vest","NO-Mask,NO-Safety Vest,Person"
2026-02-09T23:17:29,False,"helmet,vest","NO-Hardhat,NO-Mask,NO-Safety Vest,Person"
2026-02-09T23:17:29,False,"helmet,vest","NO-Mask,NO-Safety Vest,Person"
2026-02-09T23:17:29,False,"helmet,vest","NO-Mask,NO-Safety Vest,Person"
2026-02-09T23:17:29,False,"helmet,vest","NO-Mask,NO-Safety Vest,Person"
2026-02-09T23:17:29,False,"helmet,vest","NO-Mask,NO-Safety Vest,Person"
2026-02-09T23:17:29,False,"helmet,vest","NO-Mask,NO-Safety Vest,Person"
2026-02-09T23:17:29,False,"helmet,vest","NO-Mask,NO-Safety Vest,Person"
2026-02-09T23:17:29,False,"helmet,vest","NO-Mask,NO-Safety Vest,Person"
2026-02-09T23:17:29,False,"helmet,vest","NO-Mask,NO-Safety Vest,Person"
2026-02-09T23:17:29,False,"helmet,vest","NO-Mask,NO-Safety Vest,Person"
2026-02-09T23:17:30,False,"helmet,vest","NO-Mask,NO-Safety Vest,Person"
2026-02-09T23:17:30,False,"helmet,vest","NO-Hardhat,NO-Mask,NO-Safety Vest,Person"
2026-02-09T23:17:30,False,"helmet,vest","NO-Mask,NO-Safety Vest,Person"
2026-02-09T23:17:30,False,"helmet,vest","NO-Hardhat,NO-Mask,NO-Safety Vest,Person"
2026-02-09T23:17:30,False,"helmet,vest","NO-Hardhat,NO-Mask,NO-Safety Vest,Person"
2026-02-09T23:17:30,False,"helmet,vest","NO-Hardhat,NO-Mask,NO-Safety Vest,Person"
2026-02-09T23:17:30,False,"helmet,vest","NO-Hardhat,NO-Mask,Person"
2026-02-09T23:17:30,False,"helmet,vest","NO-Hardhat,NO-Mask,Person"
2026-02-09T23:17:30,False,"helmet,vest","NO-Hardhat,NO-Mask,Person"
2026-02-09T23:17:30,False,"helmet,vest","NO-Hardhat,NO-Mask,Person"
2026-02-09T23:17:30,False,"helmet,vest","NO-Hardhat,NO-Mask,Person"
2026-02-09T23:17:30,False,"helmet,vest","NO-Hardhat,NO-Mask,NO-Safety Vest,Person"
2026-02-09T23:17:30,False,"helmet,vest","NO-Hardhat,NO-Mask,Person"
2026-02-09T23:17:30,False,"helmet,vest","NO-Hardhat,NO-Mask,Person"
2026-02-09T23:17:30,False,"helmet,vest","NO-Hardhat,NO-Mask,Person"
2026-02-09T23:17:31,False,"helmet,vest","NO-Hardhat,NO-Mask,Person"
2026-02-09T23:17:31,False,"helmet,vest","NO-Hardhat,NO-Mask,Person"
2026-02-09T23:17:31,False,"helmet,vest","NO-Hardhat,NO-Mask,Person"
2026-02-09T23:17:31,False,"helmet,vest","NO-Hardhat,NO-Mask,NO-Safety Vest,Person"
2026-02-09T23:17:31,False,"helmet,vest","NO-Hardhat,NO-Mask,NO-Safety Vest,Person"
2026-02-09T23:17:31,False,"helmet,vest","NO-Hardhat,NO-Mask,NO-Safety Vest,Person,Safety Cone"
2026-02-09T23:17:31,False,"helmet,vest","NO-Hardhat,NO-Mask,NO-Safety Vest,Person,Safety Cone"
2026-02-09T23:17:31,False,"helmet,vest","NO-Hardhat,NO-Mask,NO-Safety Vest,Person"
2026-02-09T23:17:31,False,"helmet,vest","NO-Hardhat,NO-Mask,NO-Safety Vest,Person"
2026-02-09T23:17:31,False,"helmet,vest","NO-Hardhat,NO-Mask,Person"
2026-02-09T23:17:31,False,"helmet,vest","NO-Hardhat,NO-Mask,Person"
2026-02-09T23:17:31,False,"helmet,vest","Mask,NO-Hardhat,NO-Mask,Person"
2026-02-09T23:17:31,False,"helmet,vest","NO-Hardhat,NO-Mask,Person"
2026-02-09T23:17:31,False,"helmet,vest","NO-Hardhat,NO-Mask,Person"
2026-02-09T23:17:31,False,"helmet,vest","NO-Hardhat,NO-Mask,Person"
2026-02-09T23:17:32,False,"helmet,vest","NO-Hardhat,NO-Mask,Person"
2026-02-09T23:17:32,False,"helmet,vest","NO-Hardhat,NO-Mask,Person"
2026-02-09T23:17:32,False,"helmet,vest","NO-Hardhat,NO-Mask,NO-Safety Vest,Person"
2026-02-09T23:17:32,False,"helmet,vest","NO-Hardhat,NO-Mask,Person"
2026-02-09T23:17:32,False,"helmet,vest","NO-Hardhat,NO-Mask,Person"
2026-02-09T23:17:32,False,"helmet,vest","NO-Hardhat,NO-Mask,NO-Safety Vest,Person"
2026-02-09T23:17:32,False,"helmet,vest","NO-Hardhat,NO-Mask,NO-Safety Vest,Person"
2026-02-09T23:17:32,False,"helmet,vest","NO-Hardhat,NO-Mask,NO-Safety Vest,Person"
2026-02-09T23:17:32,False,"helmet,vest","NO-Hardhat,NO-Mask,NO-Safety Vest,Person"
2026-02-09T23:17:32,False,"helmet,vest","NO-Hardhat,NO-Mask,Person"
2026-02-09T23:17:32,False,"helmet,vest","NO-Hardhat,NO-Mask,NO-Safety Vest,Person"
2026-02-09T23:17:32,False,"helmet,vest","NO-Hardhat,NO-Mask,NO-Safety Vest,Person"
2026-02-09T23:17:32,False,"helmet,vest","NO-Hardhat,NO-Mask,NO-Safety Vest,Person"
2026-02-09T23:17:32,False,"helmet,vest","NO-Hardhat,NO-Mask,NO-Safety Vest,Person"
2026-02-09T23:17:32,False,"helmet,vest","NO-Hardhat,NO-Mask,Person,Safety Cone"
2026-02-09T23:17:33,False,"helmet,vest","NO-Hardhat,NO-Mask,Person"
2026-02-09T23:17:33,False,"helmet,vest","NO-Hardhat,NO-Mask,NO-Safety Vest,Person"
2026-02-09T23:17:33,False,"helmet,vest","NO-Hardhat,NO-Mask,Person"
2026-02-09T23:17:33,False,"helmet,vest","NO-Hardhat,NO-Mask,NO-Safety Vest,Person"
2026-02-09T23:17:33,False,"helmet,vest","NO-Hardhat,NO-Mask,NO-Safety Vest,Person"
2026-02-09T23:17:33,False,"helmet,vest","NO-Hardhat,NO-Mask,NO-Safety Vest,Person"
2026-02-09T23:17:33,False,"helmet,vest","NO-Hardhat,NO-Mask,NO-Safety Vest,Person"
2026-02-09T23:17:33,False,"helmet,vest","NO-Hardhat,NO-Mask,NO-Safety Vest,Person"
2026-02-09T23:17:33,False,"helmet,vest","NO-Mask,NO-Safety Vest,Person"
2026-02-09T23:17:33,False,"helmet,vest","NO-Mask,NO-Safety Vest,Person"
2026-02-09T23:17:33,False,"helmet,vest","NO-Mask,NO-Safety Vest,Person"
2026-02-09T23:17:33,False,"helmet,vest","NO-Mask,Person"
2026-02-09T23:17:33,False,"helmet,vest","NO-Hardhat,NO-Mask,Person"
2026-02-09T23:17:33,False,"helmet,vest","NO-Hardhat,NO-Mask,Person"
2026-02-09T23:17:33,False,"helmet,vest","NO-Hardhat,NO-Mask,NO-Safety Vest,Person"
2026-02-09T23:17:34,False,"helmet,vest","NO-Hardhat,Person"
2026-02-09T23:17:34,False,"helmet,vest","NO-Hardhat,NO-Mask,Person"
2026-02-09T23:17:34,False,"helmet,vest","NO-Hardhat,NO-Mask,Person"
2026-02-09T23:17:34,False,"helmet,vest","NO-Hardhat,NO-Mask,Person"
2026-02-09T23:17:34,False,"helmet,vest","NO-Hardhat,NO-Mask,NO-Safety Vest,Person,Safety Cone"
2026-02-09T23:17:34,False,"helmet,vest","NO-Hardhat,NO-Mask,Person,Safety Cone"
2026-02-09T23:17:34,False,"helmet,vest","NO-Hardhat,NO-Safety Vest,Person"
2026-02-09T23:17:34,False,"helmet,vest","NO-Hardhat,Person"
2026-02-09T23:17:34,False,"helmet,vest","NO-Hardhat,Person"
2026-02-09T23:17:34,False,"helmet,vest","NO-Hardhat,NO-Mask,Person"
2026-02-09T23:17:34,False,"helmet,vest","NO-Hardhat,Person"
2026-02-09T23:17:34,False,"helmet,vest","NO-Hardhat,NO-Mask,NO-Safety Vest,Person"
2026-02-09T23:17:34,False,"helmet,vest","NO-Hardhat,NO-Mask,Person"
2026-02-09T23:17:34,False,"helmet,vest","NO-Hardhat,NO-Mask,Person"
2026-02-09T23:17:34,False,"helmet,vest","NO-Hardhat,NO-Mask,Person,Safety Cone"
2026-02-09T23:17:35,False,"helmet,vest","NO-Hardhat,NO-Mask,NO-Safety Vest,Person"
2026-02-09T23:17:35,False,"helmet,vest","NO-Hardhat,NO-Mask,NO-Safety Vest,Person"
2026-02-09T23:17:35,False,"helmet,vest","NO-Hardhat,NO-Mask,Person"
2026-02-09T23:17:35,False,"helmet,vest","NO-Hardhat,NO-Mask,Person,Safety Cone"
2026-02-09T23:17:35,False,"helmet,vest","NO-Hardhat,NO-Mask,Person"
2026-02-09T23:17:35,False,"helmet,vest","NO-Hardhat,NO-Mask,Person"
2026-02-09T23:17:35,False,"helmet,vest","NO-Hardhat,NO-Mask,Person"
2026-02-09T23:17:35,False,"helmet,vest","NO-Hardhat,NO-Mask,Person,Safety Cone"
2026-02-09T23:17:35,False,"helmet,vest","NO-Hardhat,NO-Mask,Person"
2026-02-09T23:17:35,False,"helmet,vest","NO-Hardhat,NO-Mask,Person"
2026-02-09T23:17:35,False,"helmet,vest","NO-Hardhat,NO-Mask,Person"
2026-02-09T23:17:35,False,"helmet,vest","NO-Hardhat,NO-Mask,Person"
2026-02-09T23:17:35,False,"helmet,vest","NO-Hardhat,NO-Mask,Person,Safety Cone"
2026-02-09T23:17:35,False,"helmet,vest","NO-Hardhat,NO-Mask,Person,Safety Cone"
2026-02-09T23:17:35,False,"helmet,vest","NO-Hardhat,NO-Mask,NO-Safety Vest,Person,Safety Cone"
2026-02-09T23:17:36,False,"helmet,vest","NO-Hardhat,NO-Mask,NO-Safety Vest,Person"
2026-02-09T23:17:36,False,"helmet,vest","NO-Hardhat,NO-Mask,NO-Safety Vest,Person,Safety Cone"
2026-02-09T23:17:36,False,"helmet,vest","NO-Hardhat,NO-Mask,NO-Safety Vest,Person"
2026-02-09T23:17:36,False,"helmet,vest","NO-Hardhat,NO-Mask,NO-Safety Vest,Person"
2026-02-09T23:17:36,False,"helmet,vest","NO-Hardhat,NO-Mask,NO-Safety Vest,Person"
2026-02-09T23:17:36,False,"helmet,vest","NO-Hardhat,NO-Mask,NO-Safety Vest,Person"
2026-02-09T23:17:36,False,"helmet,vest","NO-Hardhat,NO-Mask,Person"
2026-02-09T23:17:36,False,"helmet,vest","NO-Hardhat,NO-Mask,Person"
2026-02-09T23:17:36,False,"helmet,vest","NO-Hardhat,NO-Mask,NO-Safety Vest,Person"
2026-02-09T23:17:36,False,"helmet,vest","NO-Hardhat,NO-Mask,NO-Safety Vest,Person"
2026-02-09T23:17:36,False,"helmet,vest","NO-Hardhat,NO-Mask,NO-Safety Vest,Person,Safety Cone"
2026-02-09T23:17:36,False,"helmet,vest","NO-Hardhat,NO-Mask,Person,Safety Cone"
2026-02-09T23:17:36,False,"helmet,vest","NO-Hardhat,NO-Mask,NO-Safety Vest,Person,Safety Cone"
2026-02-09T23:17:36,False,"helmet,vest","NO-Hardhat,NO-Mask,NO-Safety Vest,Person,Safety Cone"
2026-02-09T23:17:36,False,"helmet,vest","NO-Hardhat,NO-Mask,Person"
2026-02-09T23:17:37,False,"helmet,vest","NO-Hardhat,NO-Mask,Person"
2026-02-09T23:17:37,False,"helmet,vest","NO-Hardhat,NO-Mask,Person"
2026-02-09T23:17:37,False,"helmet,vest","NO-Hardhat,NO-Mask,NO-Safety Vest,Person"
2026-02-09T23:17:37,False,"helmet,vest","NO-Hardhat,NO-Mask,NO-Safety Vest,Person,Safety Cone"
2026-02-09T23:17:37,False,"helmet,vest","NO-Hardhat,NO-Mask,Person"
2026-02-09T23:17:37,False,"helmet,vest","NO-Hardhat,NO-Mask,Person"
2026-02-09T23:17:37,False,"helmet,vest","NO-Hardhat,NO-Mask,Person"
2026-02-09T23:17:37,False,"helmet,vest","NO-Hardhat,NO-Mask,Person"
2026-02-09T23:17:37,False,"helmet,vest","NO-Hardhat,NO-Mask,Person"
2026-02-09T23:17:37,False,"helmet,vest","NO-Hardhat,NO-Mask,Person"
2026-02-09T23:17:37,False,"helmet,vest","NO-Hardhat,NO-Mask,NO-Safety Vest,Person"
2026-02-09T23:17:37,False,"helmet,vest","NO-Hardhat,NO-Mask,Person"
2026-02-09T23:17:37,False,"helmet,vest","NO-Hardhat,NO-Mask,NO-Safety Vest,Person"
2026-02-09T23:17:37,False,"helmet,vest","NO-Hardhat,NO-Mask,NO-Safety Vest,Person"
2026-02-09T23:17:37,False,"helmet,vest","NO-Hardhat,NO-Mask,NO-Safety Vest,Person"
2026-02-09T23:17:38,False,"helmet,vest","NO-Hardhat,NO-Mask,NO-Safety Vest,Person"
2026-02-09T23:17:38,False,"helmet,vest","NO-Hardhat,NO-Mask,Person"
2026-02-09T23:17:38,False,"helmet,vest","NO-Hardhat,NO-Mask,NO-Safety Vest,Person"
2026-02-09T23:17:38,False,"helmet,vest","NO-Hardhat,NO-Mask,Person"
2026-02-09T23:17:38,False,"helmet,vest","NO-Hardhat,NO-Mask,Person"
2026-02-09T23:17:38,False,"helmet,vest","NO-Hardhat,NO-Mask,Person"
2026-02-09T23:17:38,False,"helmet,vest","NO-Hardhat,Person"
2026-02-09T23:17:38,False,"helmet,vest","NO-Hardhat,NO-Mask,NO-Safety Vest,Person"
2026-02-09T23:17:38,False,"helmet,vest","Mask,NO-Hardhat,NO-Mask,NO-Safety Vest,Person"
2026-02-09T23:17:38,False,"helmet,vest","NO-Hardhat,NO-Mask,NO-Safety Vest,Person"
2026-02-09T23:17:38,False,"helmet,vest","NO-Hardhat,NO-Mask,NO-Safety Vest,Person"
2026-02-09T23:17:38,False,"helmet,vest","NO-Hardhat,NO-Mask,NO-Safety Vest,Person"
2026-02-09T23:17:38,False,"helmet,vest",Person
2026-02-09T23:17:38,False,"helmet,vest","NO-Safety Vest,Person"
2026-02-09T23:17:38,False,"helmet,vest","NO-Safety Vest,Person"
2026-02-09T23:17:39,False,"helmet,vest","NO-Safety Vest,Person"
2026-02-09T23:17:39,False,"helmet,vest","NO-Safety Vest,Person"
2026-02-09T23:17:39,False,"helmet,vest","NO-Safety Vest,Person"
2026-02-09T23:17:39,False,"helmet,vest","NO-Safety Vest,Person,Safety Cone,vehicle"
2026-02-09T23:17:39,False,"helmet,vest","NO-Safety Vest,Safety Cone"
2026-02-09T23:17:39,False,"helmet,vest",NO-Safety Vest
2026-02-09T23:17:39,False,"helmet,vest",NO-Safety Vest
2026-02-09T23:17:39,False,"helmet,vest","NO-Safety Vest,Person"
2026-02-09T23:17:39,False,"helmet,vest",NO-Safety Vest
2026-02-09T23:17:39,False,"helmet,vest","NO-Safety Vest,Person,Safety Cone,Safety Vest"
2026-02-09T23:17:39,False,"helmet,vest","NO-Safety Vest,Safety Cone"
2026-02-09T23:17:39,False,"helmet,vest","NO-Safety Vest,Safety Cone"
2026-02-09T23:17:39,False,"helmet,vest","NO-Safety Vest,Safety Cone"
2026-02-09T23:17:39,False,"helmet,vest","NO-Safety Vest,Person,Safety Cone"
2026-02-09T23:17:40,False,"helmet,vest","NO-Safety Vest,Safety Cone"
2026-02-09T23:17:40,False,"helmet,vest",NO-Safety Vest
2026-02-09T23:17:40,False,"helmet,vest","NO-Safety Vest,Person"
2026-02-09T23:17:40,False,"helmet,vest","NO-Safety Vest,Person"
2026-02-09T23:17:40,False,"helmet,vest","NO-Safety Vest,Person"
2026-02-09T23:17:40,False,"helmet,vest","NO-Safety Vest,Person"
2026-02-09T23:17:40,False,"helmet,vest","NO-Safety Vest,Person,Safety Cone"
2026-02-09T23:17:40,False,"helmet,vest","NO-Safety Vest,Person"
2026-02-09T23:17:40,False,"helmet,vest","NO-Safety Vest,Person"
2026-02-09T23:17:40,False,"helmet,vest",NO-Safety Vest
2026-02-09T23:17:40,False,"helmet,vest","NO-Safety Vest,Safety Cone"
2026-02-09T23:17:40,False,"helmet,vest","NO-Safety Vest,Safety Cone"
2026-02-09T23:17:40,False,"helmet,vest","NO-Safety Vest,Safety Cone"
2026-02-09T23:17:40,False,"helmet,vest","NO-Safety Vest,machinery"
2026-02-09T23:17:40,False,"helmet,vest","NO-Safety Vest,Safety Cone"
2026-02-09T23:17:41,False,"helmet,vest",NO-Safety Vest
2026-02-09T23:17:41,False,"helmet,vest",NO-Safety Vest
2026-02-09T23:17:41,False,"helmet,vest",NO-Safety Vest
2026-02-09T23:17:41,False,"helmet,vest",NO-Safety Vest
2026-02-09T23:17:41,False,"helmet,vest",NO-Safety Vest
2026-02-09T23:17:41,False,"helmet,vest",NO-Safety Vest
2026-02-09T23:17:41,False,"helmet,vest","NO-Safety Vest,Safety Cone"
2026-02-09T23:17:41,False,"helmet,vest","NO-Safety Vest,Person"
2026-02-09T23:17:41,False,"helmet,vest","NO-Safety Vest,Safety Cone"
2026-02-09T23:17:41,False,"helmet,vest","NO-Safety Vest,Safety Cone"
2026-02-09T23:17:41,False,"helmet,vest",NO-Safety Vest
2026-02-09T23:17:41,False,"helmet,vest","NO-Safety Vest,Safety Cone"
2026-02-09T23:17:41,False,"helmet,vest","NO-Safety Vest,Safety Cone"
2026-02-09T23:17:41,False,"helmet,vest","NO-Safety Vest,Safety Cone"
2026-02-09T23:17:41,False,"helmet,vest",NO-Safety Vest
2026-02-09T23:17:42,False,"helmet,vest",NO-Safety Vest
2026-02-09T23:17:42,False,"helmet,vest","NO-Safety Vest,Safety Cone,vehicle"
2026-02-09T23:17:42,False,"helmet,vest","NO-Safety Vest,Safety Cone"
2026-02-09T23:17:42,False,"helmet,vest",NO-Safety Vest
2026-02-09T23:17:42,False,"helmet,vest","NO-Safety Vest,Person,vehicle"
2026-02-09T23:17:42,False,"helmet,vest","NO-Safety Vest,Person,vehicle"
2026-02-09T23:17:42,False,"helmet,vest","NO-Safety Vest,vehicle"
2026-02-09T23:17:42,False,"helmet,vest",NO-Safety Vest
2026-02-09T23:17:42,False,"helmet,vest","NO-Mask,NO-Safety Vest,Person"
2026-02-09T23:17:42,False,"helmet,vest","NO-Hardhat,NO-Mask,Person"
2026-02-09T23:17:42,False,"helmet,vest","NO-Hardhat,NO-Mask,Person"
2026-02-09T23:17:42,False,"helmet,vest","NO-Hardhat,NO-Mask,Person"
2026-02-09T23:17:42,False,"helmet,vest","NO-Hardhat,NO-Mask,NO-Safety Vest,Person"
2026-02-09T23:17:42,False,"helmet,vest","NO-Hardhat,NO-Mask,NO-Safety Vest,Person"
2026-02-09T23:17:42,False,"helmet,vest","NO-Hardhat,NO-Mask,Person"
2026-02-09T23:17:43,False,"helmet,vest","NO-Hardhat,Person"
2026-02-09T23:17:43,False,"helmet,vest","Mask,NO-Safety Vest,Person"
2026-02-09T23:17:43,False,"helmet,vest",Person
2026-02-09T23:17:43,False,"helmet,vest",Person
2026-02-09T23:17:43,False,"helmet,vest",Person
2026-02-09T23:17:43,False,"helmet,vest","Mask,NO-Hardhat,Person"
2026-02-09T23:17:43,False,"helmet,vest","NO-Hardhat,NO-Mask,Person"
2026-02-09T23:17:43,False,"helmet,vest","NO-Hardhat,NO-Mask,NO-Safety Vest,Person"
2026-02-09T23:17:43,False,"helmet,vest","NO-Hardhat,NO-Mask,Person"
2026-02-09T23:17:43,False,"helmet,vest","NO-Hardhat,NO-Mask,Person"
2026-02-09T23:17:43,False,"helmet,vest","NO-Hardhat,NO-Mask,Person"
2026-02-09T23:17:43,False,"helmet,vest","NO-Hardhat,NO-Mask,Person"
2026-02-09T23:17:43,False,"helmet,vest","NO-Hardhat,NO-Mask,Person"
2026-02-09T23:17:43,False,"helmet,vest","NO-Hardhat,NO-Mask,Person"
2026-02-09T23:17:43,False,"helmet,vest","NO-Hardhat,NO-Mask,NO-Safety Vest,Person"
2026-02-09T23:17:44,False,"helmet,vest","NO-Hardhat,NO-Mask,Person"
2026-02-09T23:17:44,False,"helmet,vest","NO-Hardhat,NO-Mask,NO-Safety Vest,Person"
2026-02-09T23:17:44,False,"helmet,vest","NO-Hardhat,NO-Mask,NO-Safety Vest,Person"
2026-02-09T23:17:44,False,"helmet,vest","NO-Hardhat,NO-Mask,Person"
2026-02-09T23:17:44,False,"helmet,vest","NO-Hardhat,NO-Mask,Person"
2026-02-09T23:17:44,False,"helmet,vest","NO-Hardhat,NO-Mask,Person"
2026-02-09T23:17:44,False,"helmet,vest","NO-Hardhat,NO-Mask,Person"
2026-02-09T23:17:44,False,"helmet,vest","NO-Hardhat,NO-Mask,Person"
2026-02-09T23:17:44,False,"helmet,vest","NO-Hardhat,NO-Mask,Person"
2026-02-09T23:17:44,False,"helmet,vest","NO-Hardhat,NO-Mask,Person"
2026-02-09T23:17:44,False,"helmet,vest","NO-Hardhat,NO-Mask,Person"
2026-02-09T23:17:44,False,"helmet,vest","NO-Hardhat,NO-Mask,Person,Safety Vest"
2026-02-09T23:17:44,False,"helmet,vest","NO-Hardhat,NO-Mask,Person,Safety Vest"
2026-02-09T23:17:44,False,"helmet,vest","NO-Hardhat,NO-Mask,Person"
2026-02-09T23:17:44,False,"helmet,vest","NO-Hardhat,NO-Mask,Person"
2026-02-09T23:17:45,False,"helmet,vest","NO-Hardhat,NO-Mask,Person"
2026-02-09T23:17:45,False,"helmet,vest","NO-Hardhat,NO-Mask,Person"
2026-02-09T23:17:45,False,"helmet,vest","NO-Hardhat,NO-Mask,Person,Safety Cone,Safety Vest"
2026-02-09T23:17:45,False,"helmet,vest","NO-Hardhat,NO-Mask,Person"
2026-02-09T23:17:45,False,"helmet,vest","NO-Hardhat,NO-Mask,Person"
2026-02-09T23:17:45,False,"helmet,vest","NO-Hardhat,NO-Mask,Person"
2026-02-09T23:17:45,False,"helmet,vest","NO-Hardhat,NO-Mask,Person"
2026-02-09T23:17:45,False,"helmet,vest","NO-Hardhat,NO-Mask,Person"
2026-02-09T23:17:45,False,"helmet,vest","NO-Hardhat,NO-Mask,Person"
2026-02-09T23:17:45,False,"helmet,vest","NO-Hardhat,NO-Mask,Person,Safety Vest"
2026-02-09T23:17:45,False,"helmet,vest","NO-Hardhat,NO-Mask,Person,Safety Vest"
2026-02-09T23:17:45,False,"helmet,vest","NO-Hardhat,NO-Mask,Person,Safety Vest"
2026-02-09T23:17:45,False,"helmet,vest","NO-Hardhat,NO-Mask,Person,Safety Vest"
2026-02-09T23:17:45,False,"helmet,vest","NO-Hardhat,NO-Mask,Person,Safety Vest"
2026-02-09T23:17:45,False,"helmet,vest","NO-Hardhat,NO-Mask,Person,Safety Vest"
2026-02-09T23:17:46,False,"helmet,vest","NO-Hardhat,NO-Mask,Person,Safety Vest"
2026-02-09T23:17:46,False,"helmet,vest","NO-Hardhat,NO-Mask,Person,Safety Vest"
2026-02-09T23:17:46,False,"helmet,vest","NO-Hardhat,NO-Mask,Person,Safety Vest"
2026-02-09T23:17:46,False,"helmet,vest","NO-Hardhat,NO-Mask,Person,Safety Vest"
2026-02-09T23:17:46,False,"helmet,vest","NO-Hardhat,NO-Mask,Person,Safety Vest"
2026-02-09T23:17:46,False,"helmet,vest","NO-Hardhat,NO-Mask,Person,Safety Vest"
2026-02-09T23:17:46,False,"helmet,vest","NO-Hardhat,NO-Mask,Person,Safety Vest"
2026-02-09T23:17:46,False,"helmet,vest","NO-Hardhat,NO-Mask,Person,Safety Vest"
2026-02-09T23:17:46,False,"helmet,vest","NO-Hardhat,NO-Mask,Person,Safety Vest"
2026-02-09T23:17:46,False,"helmet,vest","NO-Hardhat,NO-Mask,Person,Safety Vest"
2026-02-09T23:17:46,False,"helmet,vest","NO-Hardhat,NO-Mask,Person"
2026-02-09T23:17:46,False,"helmet,vest","NO-Hardhat,NO-Mask,Person,Safety Vest"
2026-02-09T23:17:46,False,"helmet,vest","NO-Hardhat,NO-Mask,Person,Safety Vest"
2026-02-09T23:17:46,False,"helmet,vest","NO-Hardhat,NO-Mask,Person"
2026-02-09T23:17:46,False,"helmet,vest","NO-Hardhat,NO-Mask,Person"
2026-02-09T23:17:47,False,"helmet,vest","NO-Hardhat,NO-Mask,Person"
2026-02-09T23:17:47,False,"helmet,vest","NO-Hardhat,NO-Mask,Person"
2026-02-09T23:17:47,False,"helmet,vest","NO-Hardhat,NO-Mask,Person"
2026-02-09T23:17:47,False,"helmet,vest","NO-Hardhat,NO-Mask,Person"
2026-02-09T23:17:47,False,"helmet,vest","NO-Hardhat,NO-Mask,Person"
2026-02-09T23:17:47,False,"helmet,vest","NO-Hardhat,NO-Mask,Person"
2026-02-09T23:17:47,False,"helmet,vest","NO-Hardhat,NO-Mask,Person"
2026-02-09T23:17:47,False,"helmet,vest","NO-Hardhat,NO-Mask,Person"
2026-02-09T23:17:47,False,"helmet,vest","NO-Hardhat,NO-Mask,Person"
2026-02-09T23:17:47,False,"helmet,vest","NO-Hardhat,NO-Mask,Person"
2026-02-09T23:17:47,False,"helmet,vest","NO-Hardhat,NO-Mask,Person"
2026-02-09T23:17:47,False,"helmet,vest","NO-Hardhat,NO-Mask,Person"
2026-02-09T23:17:47,False,"helmet,vest","NO-Hardhat,NO-Mask,Person"
2026-02-09T23:17:47,False,"helmet,vest","NO-Hardhat,NO-Mask,Person"
2026-02-09T23:17:47,False,"helmet,vest","NO-Hardhat,NO-Mask,Person"
2026-02-09T23:17:48,False,"helmet,vest","NO-Hardhat,NO-Mask,NO-Safety Vest,Person"
2026-02-09T23:17:48,False,"helmet,vest","NO-Hardhat,NO-Mask,NO-Safety Vest,Person"
2026-02-09T23:17:48,False,"helmet,vest","NO-Hardhat,NO-Mask,NO-Safety Vest,Person"
2026-02-09T23:17:48,False,"helmet,vest","NO-Hardhat,NO-Mask,NO-Safety Vest,Person"
2026-02-09T23:17:48,False,"helmet,vest","NO-Hardhat,NO-Mask,NO-Safety Vest,Person"
2026-02-09T23:17:48,False,"helmet,vest","NO-Hardhat,NO-Mask,NO-Safety Vest,Person"
2026-02-09T23:17:48,False,"helmet,vest","NO-Hardhat,NO-Mask,NO-Safety Vest,Person"
2026-02-09T23:17:48,False,"helmet,vest","NO-Hardhat,NO-Mask,Person"
2026-02-09T23:17:48,False,"helmet,vest","NO-Hardhat,NO-Mask,Person"
2026-02-09T23:17:48,False,"helmet,vest","NO-Hardhat,NO-Mask,Person"
2026-02-09T23:17:48,False,"helmet,vest","NO-Hardhat,NO-Mask,Person"
2026-02-09T23:17:48,False,"helmet,vest","NO-Hardhat,NO-Mask,NO-Safety Vest,Person"
2026-02-09T23:17:48,False,"helmet,vest","NO-Hardhat,NO-Mask,NO-Safety Vest,Person"
2026-02-09T23:17:48,False,"helmet,vest","NO-Hardhat,NO-Mask,NO-Safety Vest,Person"
2026-02-09T23:17:48,False,"helmet,vest","NO-Hardhat,NO-Mask,Person"
2026-02-09T23:17:49,False,"helmet,vest","NO-Hardhat,NO-Mask,Person"
2026-02-09T23:17:49,False,"helmet,vest","NO-Hardhat,NO-Mask,Person"
2026-02-09T23:17:49,False,"helmet,vest","NO-Hardhat,NO-Mask,Person"
2026-02-09T23:17:49,False,"helmet,vest","NO-Hardhat,NO-Mask,Person"
2026-02-09T23:17:49,False,"helmet,vest","NO-Hardhat,NO-Mask,Person"
2026-02-09T23:17:49,False,"helmet,vest","NO-Hardhat,NO-Mask,NO-Safety Vest,Person"
2026-02-09T23:17:49,False,"helmet,vest","NO-Hardhat,NO-Mask,Person"
2026-02-09T23:17:49,False,"helmet,vest","NO-Hardhat,NO-Mask,NO-Safety Vest,Person"
2026-02-09T23:17:49,False,"helmet,vest","NO-Hardhat,NO-Mask,NO-Safety Vest,Person"
2026-02-09T23:17:49,False,"helmet,vest","NO-Hardhat,NO-Mask,NO-Safety Vest,Person"
2026-02-09T23:17:49,False,"helmet,vest","NO-Hardhat,NO-Mask,NO-Safety Vest,Person"
2026-02-09T23:17:49,False,"helmet,vest","NO-Hardhat,NO-Mask,NO-Safety Vest,Person"
2026-02-09T23:17:49,False,"helmet,vest","NO-Hardhat,NO-Mask,NO-Safety Vest,Person"
2026-02-09T23:17:49,False,"helmet,vest","NO-Hardhat,NO-Mask,NO-Safety Vest,Person"
2026-02-09T23:17:49,False,"helmet,vest","NO-Hardhat,NO-Mask,NO-Safety Vest,Person"
2026-02-09T23:17:50,False,"helmet,vest","NO-Hardhat,NO-Mask,NO-Safety Vest,Person"
2026-02-09T23:17:50,False,"helmet,vest","NO-Hardhat,NO-Mask,NO-Safety Vest,Person"
2026-02-09T23:17:50,False,"helmet,vest","NO-Hardhat,NO-Mask,NO-Safety Vest,Person"
2026-02-09T23:17:50,False,"helmet,vest","NO-Hardhat,NO-Mask,Person"
2026-02-09T23:17:50,False,"helmet,vest","NO-Hardhat,NO-Mask,Person"
2026-02-09T23:17:50,False,"helmet,vest","NO-Hardhat,NO-Mask,Person"
2026-02-09T23:17:50,False,"helmet,vest","NO-Hardhat,NO-Mask,Person"
2026-02-09T23:17:50,False,"helmet,vest","NO-Hardhat,NO-Mask,Person"
2026-02-09T23:17:50,False,"helmet,vest","NO-Hardhat,NO-Mask,Person"
2026-02-09T23:17:50,False,"helmet,vest","NO-Hardhat,NO-Mask,Person"
2026-02-09T23:17:50,False,"helmet,vest","NO-Hardhat,NO-Mask,Person"
2026-02-09T23:17:50,False,"helmet,vest","NO-Hardhat,NO-Mask,Person"
2026-02-09T23:17:50,False,"helmet,vest","NO-Hardhat,NO-Mask,Person"
2026-02-09T23:17:50,False,"helmet,vest","NO-Hardhat,NO-Mask,Person"
2026-02-09T23:17:50,False,"helmet,vest","NO-Hardhat,NO-Mask,Person"
2026-02-09T23:17:51,False,"helmet,vest","NO-Hardhat,NO-Mask,Person"
2026-02-09T23:17:51,False,"helmet,vest","NO-Hardhat,NO-Mask,Person"
2026-02-09T23:17:51,False,"helmet,vest","NO-Hardhat,NO-Mask,Person"
2026-02-09T23:17:51,False,"helmet,vest","NO-Hardhat,NO-Mask,Person"
2026-02-09T23:17:51,False,"helmet,vest","NO-Hardhat,NO-Mask,Person"
2026-02-09T23:17:51,False,"helmet,vest","NO-Hardhat,NO-Mask,Person"
2026-02-09T23:17:51,False,"helmet,vest","NO-Hardhat,NO-Mask,Person"
2026-02-09T23:17:51,False,"helmet,vest","NO-Hardhat,NO-Mask,Person"
2026-02-09T23:17:51,False,"helmet,vest","NO-Hardhat,NO-Mask,Person"
2026-02-09T23:17:51,False,"helmet,vest","NO-Hardhat,NO-Mask,Person,Safety Vest"
2026-02-09T23:17:51,False,"helmet,vest","NO-Hardhat,NO-Mask,NO-Safety Vest,Person"
2026-02-09T23:17:51,False,"helmet,vest","NO-Hardhat,NO-Mask,NO-Safety Vest,Person"
2026-02-09T23:17:51,False,"helmet,vest","NO-Hardhat,NO-Mask,Person"
2026-02-09T23:17:51,False,"helmet,vest","NO-Hardhat,NO-Mask,Person"
2026-02-09T23:17:51,False,"helmet,vest","NO-Hardhat,NO-Mask,Person"
2026-02-09T23:17:52,False,"helmet,vest","NO-Hardhat,NO-Mask,Person"
2026-02-09T23:17:52,False,"helmet,vest","NO-Hardhat,NO-Mask,Person"
2026-02-09T23:17:52,False,"helmet,vest","NO-Hardhat,NO-Mask,Person"
2026-02-09T23:17:52,False,"helmet,vest","NO-Hardhat,NO-Mask,Person"
2026-02-09T23:17:52,False,"helmet,vest","NO-Hardhat,NO-Mask,Person"
2026-02-09T23:17:52,False,"helmet,vest","NO-Hardhat,NO-Mask,Person,Safety Vest"
2026-02-09T23:17:52,False,"helmet,vest","NO-Hardhat,NO-Mask,Person,Safety Vest"
2026-02-09T23:17:52,False,"helmet,vest","NO-Hardhat,NO-Mask,Person"
2026-02-09T23:17:52,False,"helmet,vest","NO-Hardhat,NO-Mask,Person"
2026-02-09T23:17:52,False,"helmet,vest","NO-Hardhat,NO-Mask,Person"
2026-02-09T23:17:52,False,"helmet,vest","NO-Hardhat,NO-Mask,Person"
2026-02-09T23:17:52,False,"helmet,vest","NO-Hardhat,NO-Mask,Person,Safety Vest"
2026-02-09T23:17:52,False,"helmet,vest","NO-Hardhat,NO-Mask,Person,Safety Vest"
2026-02-09T23:17:52,False,"helmet,vest","NO-Hardhat,NO-Mask,Person,Safety Vest"
2026-02-09T23:17:52,False,"helmet,vest","NO-Hardhat,NO-Mask,Person,Safety Vest"
2026-02-09T23:17:53,False,"helmet,vest","NO-Hardhat,NO-Mask,Person"
2026-02-09T23:17:53,False,"helmet,vest","NO-Hardhat,NO-Mask,Person,Safety Vest"
2026-02-09T23:17:53,False,"helmet,vest","NO-Hardhat,NO-Mask,Person,Safety Vest"
2026-02-09T23:17:53,False,"helmet,vest","NO-Hardhat,NO-Mask,Person,Safety Vest"
2026-02-09T23:17:53,False,"helmet,vest","NO-Hardhat,NO-Mask,Person,Safety Vest"
2026-02-09T23:17:53,False,"helmet,vest","NO-Hardhat,NO-Mask,Person,Safety Vest"
2026-02-09T23:17:53,False,"helmet,vest","NO-Hardhat,NO-Mask,Person,Safety Vest"
2026-02-09T23:17:53,False,"helmet,vest","NO-Hardhat,NO-Mask,Person,Safety Vest"
2026-02-09T23:17:53,False,"helmet,vest","NO-Hardhat,NO-Mask,Person,Safety Vest"
2026-02-09T23:17:53,False,"helmet,vest","NO-Hardhat,NO-Mask,Person,Safety Vest"
2026-02-09T23:17:53,False,"helmet,vest","NO-Hardhat,NO-Mask,Person,Safety Vest"
2026-02-09T23:17:53,False,"helmet,vest","NO-Hardhat,NO-Mask,Person,Safety Vest"
2026-02-09T23:17:53,False,"helmet,vest","NO-Hardhat,NO-Mask,Person,Safety Vest"
2026-02-09T23:17:53,False,"helmet,vest","NO-Hardhat,NO-Mask,Person,Safety Vest"
2026-02-09T23:17:53,False,"helmet,vest","NO-Hardhat,NO-Mask,Person,Safety Vest"
2026-02-09T23:17:54,False,"helmet,vest","NO-Hardhat,NO-Mask,Person,Safety Vest"
2026-02-09T23:17:54,False,"helmet,vest","NO-Hardhat,NO-Mask,Person,Safety Vest"
2026-02-09T23:17:54,False,"helmet,vest","NO-Hardhat,NO-Mask,Person,Safety Vest"
2026-02-09T23:17:54,False,"helmet,vest","NO-Hardhat,NO-Mask,Person,Safety Vest"
2026-02-09T23:17:54,False,"helmet,vest","NO-Hardhat,NO-Mask,Person,Safety Vest"
2026-02-09T23:17:54,False,"helmet,vest","NO-Hardhat,NO-Mask,Person,Safety Vest"
2026-02-09T23:17:54,False,"helmet,vest","NO-Hardhat,NO-Mask,Person,Safety Vest"
2026-02-09T23:17:54,False,"helmet,vest","NO-Hardhat,NO-Mask,Person,Safety Vest"
2026-02-09T23:17:54,False,"helmet,vest","NO-Hardhat,NO-Mask,Person,Safety Vest"
2026-02-09T23:17:54,False,"helmet,vest","NO-Hardhat,NO-Mask,Person,Safety Vest"
2026-02-09T23:17:54,False,"helmet,vest","NO-Hardhat,NO-Mask,Person"
2026-02-09T23:17:54,False,"helmet,vest","NO-Hardhat,NO-Mask,Person,Safety Vest"
2026-02-09T23:17:54,False,"helmet,vest","NO-Hardhat,NO-Mask,Person,Safety Vest"
2026-02-09T23:17:54,False,"helmet,vest","NO-Hardhat,NO-Mask,Person,Safety Vest"
2026-02-09T23:17:54,False,"helmet,vest","NO-Hardhat,NO-Mask,Person,Safety Vest"
2026-02-09T23:17:55,False,"helmet,vest","NO-Hardhat,NO-Mask,Person,Safety Vest"
2026-02-09T23:17:55,False,"helmet,vest","NO-Hardhat,NO-Mask,Person,Safety Vest"
2026-02-09T23:17:55,False,"helmet,vest","NO-Hardhat,NO-Mask,Person,Safety Vest"
2026-02-09T23:17:55,False,"helmet,vest","NO-Hardhat,NO-Mask,Person,Safety Vest"
2026-02-09T23:17:55,False,"helmet,vest","NO-Hardhat,NO-Mask,Person,Safety Vest"
2026-02-09T23:17:55,False,"helmet,vest","NO-Hardhat,NO-Mask,Person,Safety Vest"
2026-02-09T23:17:55,False,"helmet,vest","NO-Hardhat,NO-Mask,Person,Safety Vest"
2026-02-09T23:17:55,False,"helmet,vest","NO-Hardhat,NO-Mask,Person,Safety Vest"
2026-02-09T23:17:55,False,"helmet,vest","NO-Hardhat,NO-Mask,Person,Safety Vest"
2026-02-09T23:17:55,False,"helmet,vest","NO-Hardhat,NO-Mask,Person,Safety Vest"
2026-02-09T23:17:55,False,"helmet,vest","NO-Hardhat,NO-Mask,Person,Safety Vest"
2026-02-09T23:17:55,False,"helmet,vest","NO-Hardhat,NO-Mask,Person,Safety Vest"
2026-02-09T23:17:55,False,"helmet,vest","NO-Hardhat,NO-Mask,Person,Safety Vest"
2026-02-09T23:17:55,False,"helmet,vest","NO-Hardhat,NO-Mask,Person,Safety Vest"
2026-02-09T23:17:55,False,"helmet,vest","NO-Hardhat,NO-Mask,Person,Safety Vest"
2026-02-09T23:17:56,False,"helmet,vest","NO-Hardhat,NO-Mask,Person,Safety Vest"
2026-02-09T23:17:56,False,"helmet,vest","NO-Hardhat,NO-Mask,NO-Safety Vest,Person,Safety Vest"
2026-02-09T23:17:56,False,"helmet,vest","NO-Hardhat,NO-Mask,NO-Safety Vest,Person,Safety Vest"
2026-02-09T23:17:56,False,"helmet,vest","NO-Hardhat,NO-Mask,Person,Safety Vest"
2026-02-09T23:17:56,False,"helmet,vest","NO-Hardhat,NO-Mask,Person,Safety Vest"
2026-02-09T23:17:56,False,"helmet,vest","NO-Hardhat,NO-Mask,Person,Safety Vest"
2026-02-09T23:17:56,False,"helmet,vest","NO-Hardhat,NO-Mask,Person,Safety Vest"
2026-02-09T23:17:56,False,"helmet,vest","NO-Hardhat,NO-Mask,Person,Safety Vest"
2026-02-09T23:17:56,False,"helmet,vest","NO-Hardhat,NO-Mask,Person,Safety Vest"
2026-02-09T23:17:56,False,"helmet,vest","NO-Hardhat,NO-Mask,NO-Safety Vest,Person"
2026-02-09T23:17:56,False,"helmet,vest","NO-Hardhat,NO-Mask,Person,Safety Vest"
2026-02-09T23:17:56,False,"helmet,vest","NO-Hardhat,NO-Mask,Person,Safety Vest"
2026-02-09T23:17:56,False,"helmet,vest","NO-Hardhat,NO-Mask,Person,Safety Vest"
2026-02-09T23:17:56,False,"helmet,vest","NO-Hardhat,NO-Mask,Person,Safety Vest"
2026-02-09T23:17:56,False,"helmet,vest","NO-Hardhat,NO-Mask,Person,Safety Vest"
2026-02-09T23:17:57,False,"helmet,vest","NO-Hardhat,NO-Mask,Person,Safety Vest"
2026-02-09T23:17:57,False,"helmet,vest","NO-Hardhat,NO-Mask,Person,Safety Vest"
2026-02-09T23:17:57,False,"helmet,vest","NO-Hardhat,NO-Mask,Person,Safety Vest"
2026-02-09T23:17:57,False,"helmet,vest","NO-Hardhat,NO-Mask,Person,Safety Vest"
2026-02-09T23:17:57,False,"helmet,vest","NO-Hardhat,NO-Mask,Person,Safety Vest"
2026-02-09T23:17:57,False,"helmet,vest","NO-Hardhat,NO-Mask,Person,Safety Vest"
2026-02-09T23:17:57,False,"helmet,vest","NO-Hardhat,NO-Mask,Person,Safety Vest"
2026-02-09T23:17:57,False,"helmet,vest","NO-Hardhat,NO-Mask,Person,Safety Vest"
2026-02-09T23:17:57,False,"helmet,vest","NO-Hardhat,NO-Mask,Person,Safety Vest"
2026-02-09T23:17:57,False,"helmet,vest","NO-Hardhat,NO-Mask,Person,Safety Vest"
2026-02-09T23:17:57,False,"helmet,vest","NO-Hardhat,NO-Mask,Person,Safety Vest"
2026-02-09T23:17:57,False,"helmet,vest","NO-Hardhat,NO-Mask,Person,Safety Vest"
2026-02-09T23:17:57,False,"helmet,vest","NO-Hardhat,NO-Mask,Person,Safety Vest"
2026-02-09T23:17:57,False,"helmet,vest","NO-Hardhat,NO-Mask,Person,Safety Vest"
2026-02-09T23:17:57,False,"helmet,vest","NO-Hardhat,NO-Mask,Person,Safety Vest"
2026-02-09T23:17:58,False,"helmet,vest","NO-Hardhat,NO-Mask,Person,Safety Vest"
2026-02-09T23:17:58,False,"helmet,vest","NO-Hardhat,NO-Mask,Person"
2026-02-09T23:17:58,False,"helmet,vest","NO-Hardhat,NO-Mask,Person"
2026-02-09T23:17:58,False,"helmet,vest","NO-Hardhat,NO-Mask,Person,Safety Vest"
2026-02-09T23:17:58,False,"helmet,vest","NO-Hardhat,NO-Mask,Person"
2026-02-09T23:17:58,False,"helmet,vest","NO-Hardhat,NO-Mask,Person"
2026-02-09T23:17:58,False,"helmet,vest","NO-Hardhat,NO-Mask,Person"
2026-02-09T23:17:58,False,"helmet,vest","NO-Hardhat,NO-Mask,Person"
2026-02-09T23:17:58,False,"helmet,vest","NO-Hardhat,NO-Mask,Person"
2026-02-09T23:17:58,False,"helmet,vest","NO-Hardhat,NO-Mask,Person"
2026-02-09T23:17:58,False,"helmet,vest","NO-Hardhat,NO-Mask,Person"
2026-02-09T23:17:58,False,"helmet,vest","NO-Hardhat,NO-Mask,Person"
2026-02-09T23:17:58,False,"helmet,vest","NO-Hardhat,NO-Mask,Person"
2026-02-09T23:17:58,False,"helmet,vest","NO-Hardhat,NO-Mask,Person"
2026-02-09T23:17:58,False,"helmet,vest","NO-Hardhat,NO-Mask,Person"
2026-02-09T23:17:59,False,"helmet,vest","NO-Hardhat,NO-Mask,Person"
2026-02-09T23:17:59,False,"helmet,vest","NO-Hardhat,NO-Mask,Person"
2026-02-09T23:17:59,False,"helmet,vest","NO-Hardhat,NO-Mask,Person"
2026-02-09T23:17:59,False,"helmet,vest","NO-Hardhat,NO-Mask,Person"
2026-02-09T23:17:59,False,"helmet,vest","NO-Hardhat,NO-Mask,Person"
2026-02-09T23:17:59,False,"helmet,vest","NO-Hardhat,NO-Mask,Person"
2026-02-09T23:17:59,False,"helmet,vest","NO-Hardhat,NO-Mask,Person"
2026-02-09T23:17:59,False,"helmet,vest","NO-Hardhat,NO-Mask,Person"
2026-02-09T23:17:59,False,"helmet,vest","NO-Hardhat,NO-Mask,Person"
2026-02-09T23:17:59,False,"helmet,vest","NO-Hardhat,NO-Mask,Person"
2026-02-09T23:17:59,False,"helmet,vest","NO-Hardhat,NO-Mask,Person"
2026-02-09T23:17:59,False,"helmet,vest","NO-Hardhat,NO-Mask,Person"
2026-02-09T23:17:59,False,"helmet,vest","NO-Hardhat,NO-Mask,Person"
2026-02-09T23:17:59,False,"helmet,vest","NO-Hardhat,NO-Mask,Person"
2026-02-09T23:17:59,False,"helmet,vest","NO-Hardhat,NO-Mask,Person"
2026-02-09T23:18:00,False,"helmet,vest","NO-Hardhat,NO-Mask,Person"
2026-02-09T23:18:00,False,"helmet,vest","NO-Hardhat,NO-Mask,Person"
2026-02-09T23:18:00,False,"helmet,vest","NO-Hardhat,NO-Mask,Person"
2026-02-09T23:18:00,False,"helmet,vest","NO-Hardhat,NO-Mask,Person"
2026-02-09T23:18:00,False,"helmet,vest","NO-Hardhat,NO-Mask,Person"
2026-02-09T23:18:00,False,"helmet,vest","NO-Hardhat,NO-Mask,Person"
2026-02-09T23:18:00,False,"helmet,vest","NO-Hardhat,NO-Mask,Person"
2026-02-09T23:18:00,False,"helmet,vest","NO-Hardhat,NO-Mask,Person"
2026-02-09T23:18:00,False,"helmet,vest","NO-Hardhat,NO-Mask,Person"
2026-02-09T23:18:00,False,"helmet,vest","NO-Hardhat,NO-Mask,Person"
2026-02-09T23:18:00,False,"helmet,vest","NO-Hardhat,NO-Mask,Person"
2026-02-09T23:18:00,False,"helmet,vest","NO-Hardhat,NO-Mask,Person"
2026-02-09T23:18:00,False,"helmet,vest","NO-Hardhat,NO-Mask,Person"
2026-02-09T23:18:00,False,"helmet,vest","NO-Hardhat,NO-Mask,Person"
2026-02-09T23:18:00,False,"helmet,vest","NO-Hardhat,NO-Mask,Person"
2026-02-09T23:18:01,False,"helmet,vest","NO-Hardhat,NO-Mask,NO-Safety Vest,Person"
2026-02-09T23:18:01,False,"helmet,vest","NO-Hardhat,NO-Mask,Person"
2026-02-09T23:18:01,False,"helmet,vest","NO-Hardhat,NO-Mask,NO-Safety Vest,Person"
2026-02-09T23:18:01,False,"helmet,vest","NO-Hardhat,NO-Mask,NO-Safety Vest,Person"
2026-02-09T23:18:01,False,"helmet,vest","Mask,NO-Hardhat,NO-Mask,NO-Safety Vest,Person"
2026-02-09T23:18:01,False,"helmet,vest","Mask,NO-Safety Vest,Person"
2026-02-09T23:18:01,False,"helmet,vest","NO-Mask,NO-Safety Vest,Person"
2026-02-09T23:18:01,False,"helmet,vest","NO-Safety Vest,Person"
2026-02-09T23:18:01,False,"helmet,vest","Mask,NO-Safety Vest,Person"
2026-02-09T23:18:01,False,"helmet,vest","Mask,NO-Hardhat,NO-Safety Vest,Person"
2026-02-09T23:18:01,False,"helmet,vest","NO-Hardhat,NO-Safety Vest,Person"
2026-02-09T23:18:01,False,"helmet,vest","Mask,NO-Hardhat,NO-Safety Vest,Person,vehicle"
2026-02-09T23:18:01,False,"helmet,vest","Mask,NO-Hardhat,NO-Safety Vest,Person"
2026-02-09T23:18:01,False,"helmet,vest","Mask,NO-Hardhat,NO-Safety Vest,Person"
2026-02-09T23:18:01,False,"helmet,vest","NO-Hardhat,NO-Safety Vest,Person"
2026-02-09T23:18:02,False,"helmet,vest","Mask,NO-Hardhat,NO-Safety Vest,Person"
2026-02-09T23:18:02,False,"helmet,vest","NO-Hardhat,NO-Safety Vest,Person"
2026-02-09T23:18:02,False,"helmet,vest","Mask,NO-Hardhat,NO-Safety Vest,Person"
2026-02-09T23:18:02,False,"helmet,vest","Mask,NO-Hardhat,NO-Safety Vest,Person,vehicle"
2026-02-09T23:18:02,False,"helmet,vest","NO-Hardhat,NO-Safety Vest,Person"
2026-02-09T23:18:02,False,"helmet,vest","Mask,NO-Hardhat,NO-Safety Vest,Person"
2026-02-09T23:18:02,False,"helmet,vest","NO-Hardhat,NO-Safety Vest,Person"
2026-02-09T23:18:02,False,"helmet,vest","NO-Hardhat,NO-Safety Vest,Person"
2026-02-09T23:18:02,False,"helmet,vest","NO-Hardhat,NO-Safety Vest,Person"
2026-02-09T23:18:02,False,"helmet,vest","NO-Hardhat,NO-Safety Vest,Person"
2026-02-09T23:18:02,False,"helmet,vest","NO-Hardhat,NO-Safety Vest,Person"
2026-02-09T23:18:02,False,"helmet,vest","NO-Hardhat,NO-Safety Vest,Person,vehicle"
2026-02-09T23:18:02,False,"helmet,vest","NO-Hardhat,NO-Safety Vest,Person"
2026-02-09T23:18:02,False,"helmet,vest","Mask,NO-Hardhat,NO-Safety Vest,Person"
2026-02-09T23:18:02,False,"helmet,vest","NO-Hardhat,Person"
2026-02-09T23:18:03,False,"helmet,vest","NO-Hardhat,NO-Mask,Person"
2026-02-09T23:18:03,False,"helmet,vest","NO-Hardhat,NO-Mask,Person"
2026-02-09T23:18:03,False,"helmet,vest","NO-Hardhat,NO-Mask,NO-Safety Vest,Person"
2026-02-09T23:18:03,False,"helmet,vest","NO-Hardhat,NO-Mask,NO-Safety Vest,Person"
2026-02-09T23:18:03,False,"helmet,vest","NO-Hardhat,NO-Mask,Person"
2026-02-09T23:18:03,False,"helmet,vest","NO-Hardhat,NO-Mask,Person"
2026-02-09T23:18:03,False,"helmet,vest","NO-Hardhat,NO-Mask,NO-Safety Vest,Person"
2026-02-09T23:18:03,False,"helmet,vest","NO-Hardhat,NO-Mask,NO-Safety Vest,Person"
2026-02-09T23:18:03,False,"helmet,vest","NO-Hardhat,NO-Mask,NO-Safety Vest,Person"
2026-02-09T23:18:03,False,"helmet,vest","NO-Hardhat,NO-Mask,NO-Safety Vest,Person"
2026-02-09T23:18:03,False,"helmet,vest","NO-Hardhat,NO-Mask,NO-Safety Vest,Person"
2026-02-09T23:18:03,False,"helmet,vest","NO-Hardhat,NO-Mask,NO-Safety Vest,Person"
2026-02-09T23:18:03,False,"helmet,vest","NO-Hardhat,NO-Mask,NO-Safety Vest,Person"
2026-02-09T23:18:03,False,"helmet,vest","Hardhat,NO-Hardhat,NO-Mask,NO-Safety Vest,Person"
2026-02-09T23:18:04,False,"helmet,vest","NO-Hardhat,NO-Mask,NO-Safety Vest,Person"
2026-02-09T23:18:04,False,"helmet,vest","Hardhat,NO-Hardhat,NO-Mask,NO-Safety Vest,Person"
2026-02-09T23:18:04,False,"helmet,vest","NO-Hardhat,NO-Mask,NO-Safety Vest,Person"
2026-02-09T23:18:04,False,"helmet,vest","NO-Hardhat,NO-Mask,NO-Safety Vest,Person"
2026-02-09T23:18:04,False,"helmet,vest","NO-Hardhat,NO-Mask,NO-Safety Vest,Person"
2026-02-09T23:18:04,False,"helmet,vest","Hardhat,NO-Hardhat,NO-Mask,NO-Safety Vest,Person"
2026-02-09T23:18:04,False,"helmet,vest","NO-Hardhat,NO-Mask,NO-Safety Vest,Person"
2026-02-09T23:18:04,False,"helmet,vest","NO-Hardhat,NO-Mask,NO-Safety Vest,Person"
2026-02-09T23:18:04,False,"helmet,vest","Hardhat,NO-Hardhat,NO-Mask,NO-Safety Vest,Person"
2026-02-09T23:18:04,False,"helmet,vest","Hardhat,NO-Hardhat,NO-Mask,NO-Safety Vest,Person"
2026-02-09T23:18:04,False,"helmet,vest","Hardhat,NO-Hardhat,NO-Mask,NO-Safety Vest,Person"
2026-02-09T23:18:04,False,"helmet,vest","Hardhat,NO-Hardhat,NO-Mask,NO-Safety Vest,Person"
2026-02-09T23:18:04,False,"helmet,vest","Hardhat,NO-Hardhat,NO-Mask,NO-Safety Vest,Person"
2026-02-09T23:18:04,False,"helmet,vest","Hardhat,NO-Hardhat,NO-Mask,NO-Safety Vest,Person"
2026-02-09T23:18:05,False,"helmet,vest","NO-Hardhat,NO-Mask,NO-Safety Vest,Person"
2026-02-09T23:18:05,False,"helmet,vest","Hardhat,NO-Hardhat,NO-Mask,NO-Safety Vest,Person"
2026-02-09T23:18:05,False,"helmet,vest","Hardhat,NO-Hardhat,NO-Mask,NO-Safety Vest,Person"
2026-02-09T23:18:05,False,"helmet,vest","NO-Hardhat,NO-Mask,NO-Safety Vest,Person"
2026-02-09T23:18:05,False,"helmet,vest","Hardhat,NO-Hardhat,NO-Mask,NO-Safety Vest,Person"
2026-02-09T23:18:05,False,"helmet,vest","Hardhat,NO-Hardhat,NO-Mask,NO-Safety Vest,Person"
2026-02-09T23:18:05,False,"helmet,vest","NO-Hardhat,NO-Mask,NO-Safety Vest,Person"
2026-02-09T23:18:05,False,"helmet,vest","NO-Hardhat,NO-Mask,NO-Safety Vest,Person"
2026-02-09T23:18:05,False,"helmet,vest","NO-Hardhat,NO-Mask,NO-Safety Vest,Person"
2026-02-09T23:18:05,False,"helmet,vest","NO-Hardhat,NO-Mask,NO-Safety Vest,Person"
2026-02-09T23:18:05,False,"helmet,vest","NO-Hardhat,NO-Mask,NO-Safety Vest,Person"
2026-02-09T23:18:05,False,"helmet,vest","NO-Hardhat,NO-Mask,NO-Safety Vest,Person"
2026-02-09T23:18:05,False,"helmet,vest","NO-Hardhat,NO-Mask,NO-Safety Vest,Person"
2026-02-09T23:18:05,False,"helmet,vest","NO-Hardhat,NO-Mask,NO-Safety Vest,Person"
2026-02-09T23:18:06,False,"helmet,vest","NO-Hardhat,NO-Mask,NO-Safety Vest,Person"
2026-02-09T23:18:06,False,"helmet,vest","NO-Hardhat,NO-Mask,NO-Safety Vest,Person"
2026-02-09T23:18:06,False,"helmet,vest","NO-Hardhat,NO-Mask,NO-Safety Vest,Person"
2026-02-09T23:18:06,False,"helmet,vest","NO-Hardhat,NO-Mask,NO-Safety Vest,Person"
2026-02-09T23:18:06,False,"helmet,vest","NO-Hardhat,NO-Mask,NO-Safety Vest,Person"
2026-02-09T23:18:06,False,"helmet,vest","NO-Hardhat,NO-Mask,NO-Safety Vest,Person"
2026-02-09T23:18:06,False,"helmet,vest","NO-Hardhat,NO-Mask,NO-Safety Vest,Person"
2026-02-09T23:18:06,False,"helmet,vest","NO-Hardhat,NO-Mask,NO-Safety Vest,Person"
2026-02-09T23:18:06,False,"helmet,vest","NO-Hardhat,NO-Mask,NO-Safety Vest,Person"
2026-02-09T23:18:06,False,"helmet,vest","Hardhat,NO-Hardhat,NO-Mask,NO-Safety Vest,Person"
2026-02-09T23:18:06,False,"helmet,vest","Hardhat,NO-Hardhat,NO-Mask,NO-Safety Vest,Person"
2026-02-09T23:18:06,False,"helmet,vest","Hardhat,NO-Hardhat,NO-Mask,NO-Safety Vest,Person"
2026-02-09T23:18:06,False,"helmet,vest","Hardhat,NO-Hardhat,NO-Mask,NO-Safety Vest,Person"
2026-02-09T23:18:06,False,"helmet,vest","NO-Hardhat,NO-Mask,NO-Safety Vest,Person"
2026-02-09T23:18:07,False,"helmet,vest","NO-Hardhat,NO-Mask,NO-Safety Vest,Person"
2026-02-09T23:18:07,False,"helmet,vest","Hardhat,NO-Hardhat,NO-Mask,NO-Safety Vest,Person"
2026-02-09T23:18:07,False,"helmet,vest","Hardhat,NO-Hardhat,NO-Mask,NO-Safety Vest,Person"
2026-02-09T23:18:07,False,"helmet,vest","Hardhat,NO-Hardhat,NO-Mask,NO-Safety Vest,Person"
2026-02-09T23:18:07,False,"helmet,vest","Hardhat,NO-Hardhat,NO-Mask,NO-Safety Vest,Person"
2026-02-09T23:18:07,False,"helmet,vest","Hardhat,NO-Hardhat,NO-Mask,NO-Safety Vest,Person"
2026-02-09T23:18:07,False,"helmet,vest","NO-Hardhat,NO-Mask,NO-Safety Vest,Person"
2026-02-09T23:18:07,False,"helmet,vest","Hardhat,NO-Hardhat,NO-Mask,NO-Safety Vest,Person"
2026-02-09T23:18:07,False,"helmet,vest","Hardhat,NO-Hardhat,NO-Mask,NO-Safety Vest,Person"
2026-02-09T23:18:07,False,"helmet,vest","NO-Hardhat,NO-Mask,NO-Safety Vest,Person"
2026-02-09T23:18:07,False,"helmet,vest","Hardhat,NO-Hardhat,NO-Mask,Person"
2026-02-09T23:18:07,False,"helmet,vest","NO-Hardhat,NO-Mask,NO-Safety Vest,Person"
2026-02-09T23:18:07,False,"helmet,vest","NO-Hardhat,NO-Mask,NO-Safety Vest,Person"
2026-02-09T23:18:07,False,"helmet,vest","NO-Hardhat,NO-Mask,NO-Safety Vest,Person"
2026-02-09T23:18:08,False,"helmet,vest","Hardhat,NO-Hardhat,NO-Mask,NO-Safety Vest,Person"
2026-02-09T23:18:08,False,"helmet,vest","Hardhat,NO-Hardhat,NO-Mask,NO-Safety Vest,Person"
2026-02-09T23:18:08,False,"helmet,vest","Hardhat,NO-Hardhat,NO-Mask,NO-Safety Vest,Person"
2026-02-09T23:18:08,False,"helmet,vest","Hardhat,NO-Hardhat,NO-Mask,NO-Safety Vest,Person"
2026-02-09T23:18:08,False,"helmet,vest","Hardhat,NO-Hardhat,NO-Mask,NO-Safety Vest,Person"
2026-02-09T23:18:08,False,"helmet,vest","Hardhat,NO-Hardhat,NO-Mask,NO-Safety Vest,Person"
2026-02-09T23:18:08,False,"helmet,vest","Hardhat,NO-Hardhat,NO-Mask,NO-Safety Vest,Person"
2026-02-09T23:18:08,False,"helmet,vest","Hardhat,NO-Hardhat,NO-Mask,NO-Safety Vest,Person"
2026-02-09T23:18:08,False,"helmet,vest","Hardhat,NO-Hardhat,NO-Mask,NO-Safety Vest,Person"
2026-02-09T23:18:08,False,"helmet,vest","Hardhat,NO-Hardhat,NO-Mask,NO-Safety Vest,Person"
2026-02-09T23:18:08,False,"helmet,vest","Hardhat,NO-Hardhat,NO-Mask,NO-Safety Vest,Person"
2026-02-09T23:18:08,False,"helmet,vest","Hardhat,NO-Hardhat,NO-Mask,NO-Safety Vest,Person"
2026-02-09T23:18:08,False,"helmet,vest","Hardhat,NO-Hardhat,NO-Mask,NO-Safety Vest,Person"
2026-02-09T23:18:08,False,"helmet,vest","Hardhat,NO-Hardhat,NO-Mask,NO-Safety Vest,Person"
2026-02-09T23:18:09,False,"helmet,vest","Hardhat,NO-Hardhat,NO-Mask,NO-Safety Vest,Person"
2026-02-09T23:18:09,False,"helmet,vest","Hardhat,NO-Hardhat,NO-Mask,NO-Safety Vest,Person"
2026-02-09T23:18:10,False,"helmet,vest","Hardhat,NO-Hardhat,NO-Mask,NO-Safety Vest,Person"
2026-02-09T23:18:10,False,"helmet,vest","Hardhat,NO-Hardhat,NO-Mask,NO-Safety Vest,Person"
2026-02-09T23:18:10,False,"helmet,vest","Hardhat,NO-Hardhat,NO-Mask,NO-Safety Vest,Person"
2026-02-09T23:18:10,False,"helmet,vest","Hardhat,NO-Hardhat,NO-Mask,NO-Safety Vest,Person"
2026-02-09T23:18:10,False,"helmet,vest","Hardhat,NO-Hardhat,NO-Mask,NO-Safety Vest,Person,Safety Vest"
2026-02-09T23:18:10,False,"helmet,vest","Hardhat,NO-Hardhat,NO-Mask,NO-Safety Vest,Person"
2026-02-09T23:18:10,False,"helmet,vest","Hardhat,NO-Hardhat,NO-Mask,NO-Safety Vest,Person"
2026-02-09T23:18:10,False,"helmet,vest","Hardhat,NO-Hardhat,NO-Mask,NO-Safety Vest,Person"
2026-02-09T23:18:10,False,"helmet,vest","Hardhat,NO-Hardhat,NO-Mask,NO-Safety Vest,Person"
2026-02-09T23:18:11,False,"helmet,vest","Hardhat,NO-Hardhat,NO-Mask,NO-Safety Vest,Person,Safety Vest"
2026-02-09T23:18:11,False,"helmet,vest","Hardhat,NO-Hardhat,NO-Mask,NO-Safety Vest,Person"
2026-02-09T23:18:11,False,"helmet,vest","Hardhat,NO-Hardhat,NO-Mask,NO-Safety Vest,Person,Safety Vest"
2026-02-09T23:18:11,False,"helmet,vest","Hardhat,NO-Hardhat,NO-Mask,NO-Safety Vest,Person,Safety Vest"
2026-02-09T23:18:11,False,"helmet,vest","Hardhat,NO-Hardhat,NO-Mask,NO-Safety Vest,Person,Safety Vest"
2026-02-09T23:18:11,False,"helmet,vest","Hardhat,NO-Hardhat,NO-Mask,NO-Safety Vest,Person,Safety Vest"
2026-02-09T23:18:11,False,"helmet,vest","Hardhat,NO-Hardhat,NO-Mask,NO-Safety Vest,Person,Safety Vest"
2026-02-09T23:18:11,False,"helmet,vest","Hardhat,NO-Hardhat,NO-Mask,NO-Safety Vest,Person,Safety Vest"
2026-02-09T23:18:11,False,"helmet,vest","Hardhat,NO-Hardhat,NO-Mask,NO-Safety Vest,Person,Safety Vest"
2026-02-09T23:18:11,False,"helmet,vest","Hardhat,NO-Hardhat,NO-Mask,NO-Safety Vest,Person"
2026-02-09T23:18:11,False,"helmet,vest","Hardhat,NO-Hardhat,NO-Mask,NO-Safety Vest,Person"
2026-02-09T23:18:11,False,"helmet,vest","Hardhat,NO-Hardhat,NO-Mask,NO-Safety Vest,Person"
2026-02-09T23:18:11,False,"helmet,vest","Hardhat,NO-Hardhat,NO-Mask,NO-Safety Vest,Person"
2026-02-09T23:18:12,False,"helmet,vest","Hardhat,NO-Hardhat,NO-Mask,NO-Safety Vest,Person"
2026-02-09T23:18:12,False,"helmet,vest","Hardhat,NO-Hardhat,NO-Mask,NO-Safety Vest,Person"
2026-02-09T23:18:12,False,"helmet,vest","Hardhat,NO-Hardhat,NO-Mask,NO-Safety Vest,Person"
2026-02-09T23:18:12,False,"helmet,vest","Hardhat,NO-Hardhat,NO-Mask,NO-Safety Vest,Person,Safety Vest"
2026-02-09T23:18:12,False,"helmet,vest","Hardhat,NO-Hardhat,NO-Mask,NO-Safety Vest,Person,Safety Vest"
2026-02-09T23:18:12,False,"helmet,vest","Hardhat,NO-Hardhat,NO-Mask,NO-Safety Vest,Person,Safety Vest"
2026-02-09T23:18:12,False,"helmet,vest","Hardhat,NO-Hardhat,NO-Mask,NO-Safety Vest,Person"
2026-02-09T23:18:12,False,"helmet,vest","Hardhat,NO-Hardhat,NO-Mask,NO-Safety Vest,Person"
2026-02-09T23:18:12,False,"helmet,vest","Hardhat,NO-Hardhat,NO-Mask,NO-Safety Vest,Person,Safety Vest"
2026-02-09T23:18:12,False,"helmet,vest","Hardhat,NO-Hardhat,NO-Mask,NO-Safety Vest,Person,Safety Vest"
2026-02-09T23:18:12,False,"helmet,vest","Hardhat,NO-Hardhat,NO-Mask,NO-Safety Vest,Person,Safety Vest"
2026-02-09T23:18:12,False,"helmet,vest","Hardhat,NO-Hardhat,NO-Mask,NO-Safety Vest,Person,Safety Vest"
2026-02-09T23:18:12,False,"helmet,vest","Hardhat,NO-Hardhat,NO-Mask,NO-Safety Vest,Person,Safety Vest"
2026-02-09T23:18:12,False,"helmet,vest","Hardhat,NO-Hardhat,NO-Mask,NO-Safety Vest,Person"
2026-02-09T23:18:13,False,"helmet,vest","Hardhat,NO-Hardhat,NO-Mask,NO-Safety Vest,Person"
2026-02-09T23:18:13,False,"helmet,vest","Hardhat,NO-Hardhat,NO-Mask,NO-Safety Vest,Person,Safety Vest"
2026-02-09T23:18:13,False,"helmet,vest","Hardhat,NO-Hardhat,NO-Mask,NO-Safety Vest,Person"
2026-02-09T23:18:13,False,"helmet,vest","Hardhat,NO-Hardhat,NO-Mask,NO-Safety Vest,Person"
2026-02-09T23:18:13,False,"helmet,vest","Hardhat,NO-Hardhat,NO-Mask,NO-Safety Vest,Person"
2026-02-09T23:18:13,False,"helmet,vest","Hardhat,NO-Hardhat,NO-Mask,NO-Safety Vest,Person"
2026-02-09T23:18:13,False,"helmet,vest","Hardhat,NO-Hardhat,NO-Mask,NO-Safety Vest,Person"
2026-02-09T23:18:13,False,"helmet,vest","Hardhat,NO-Hardhat,NO-Mask,NO-Safety Vest,Person"
2026-02-09T23:18:13,False,"helmet,vest","Hardhat,NO-Hardhat,NO-Mask,NO-Safety Vest,Person"
2026-02-09T23:18:13,False,"helmet,vest","Hardhat,NO-Hardhat,NO-Mask,NO-Safety Vest,Person,Safety Vest"
2026-02-09T23:18:13,False,"helmet,vest","Hardhat,NO-Hardhat,NO-Mask,NO-Safety Vest,Person,Safety Vest"
2026-02-09T23:18:13,False,"helmet,vest","Hardhat,NO-Hardhat,NO-Mask,NO-Safety Vest,Person,Safety Vest"
2026-02-09T23:18:13,False,"helmet,vest","Hardhat,NO-Hardhat,NO-Mask,NO-Safety Vest,Person,Safety Vest"
2026-02-09T23:18:13,False,"helmet,vest","Hardhat,NO-Hardhat,NO-Mask,NO-Safety Vest,Person"
2026-02-09T23:18:13,False,"helmet,vest","Hardhat,NO-Hardhat,NO-Mask,NO-Safety Vest,Person"
2026-02-09T23:18:14,False,"helmet,vest","Hardhat,NO-Hardhat,NO-Mask,NO-Safety Vest,Person"
2026-02-09T23:18:14,False,"helmet,vest","Hardhat,NO-Hardhat,NO-Mask,NO-Safety Vest,Person"
2026-02-09T23:18:14,False,"helmet,vest","Hardhat,NO-Hardhat,NO-Mask,NO-Safety Vest,Person"
2026-02-09T23:18:14,False,"helmet,vest","Hardhat,NO-Hardhat,NO-Mask,NO-Safety Vest,Person"
2026-02-09T23:18:14,False,"helmet,vest","Hardhat,NO-Hardhat,NO-Mask,NO-Safety Vest,Person"
2026-02-09T23:18:14,False,"helmet,vest","Hardhat,NO-Hardhat,NO-Mask,NO-Safety Vest,Person"
2026-02-09T23:18:14,False,"helmet,vest","Hardhat,NO-Hardhat,NO-Mask,NO-Safety Vest,Person,Safety Vest"
2026-02-09T23:18:14,False,"helmet,vest","Hardhat,NO-Hardhat,NO-Mask,NO-Safety Vest,Person,Safety Vest"
2026-02-09T23:18:14,False,"helmet,vest","Hardhat,NO-Hardhat,NO-Mask,NO-Safety Vest,Person,Safety Vest"
2026-02-09T23:18:14,False,"helmet,vest","Hardhat,NO-Hardhat,NO-Mask,NO-Safety Vest,Person,Safety Vest"
2026-02-09T23:18:14,False,"helmet,vest","Hardhat,NO-Hardhat,NO-Mask,NO-Safety Vest,Person,Safety Vest"
2026-02-09T23:18:14,False,"helmet,vest","Hardhat,NO-Hardhat,NO-Mask,NO-Safety Vest,Person,Safety Vest"
2026-02-09T23:18:14,False,"helmet,vest","Hardhat,NO-Hardhat,NO-Mask,NO-Safety Vest,Person"
2026-02-09T23:18:14,False,"helmet,vest","Hardhat,NO-Hardhat,NO-Mask,NO-Safety Vest,Person"
2026-02-09T23:18:15,False,"helmet,vest","Hardhat,NO-Hardhat,NO-Mask,NO-Safety Vest,Person"
2026-02-09T23:18:15,False,"helmet,vest","NO-Hardhat,NO-Mask,NO-Safety Vest,Person"
2026-02-09T23:18:15,False,"helmet,vest","NO-Hardhat,Person"
2026-02-09T23:18:15,False,"helmet,vest","NO-Hardhat,Person,Safety Vest"
2026-02-09T23:18:15,False,"helmet,vest","NO-Hardhat,NO-Mask,Person"
2026-02-09T23:18:15,False,"helmet,vest","NO-Hardhat,NO-Mask,Person"
2026-02-09T23:18:15,False,"helmet,vest","NO-Hardhat,NO-Mask,Person"
2026-02-09T23:18:15,False,"helmet,vest","NO-Hardhat,NO-Mask,Person"
2026-02-09T23:18:15,False,"helmet,vest","NO-Hardhat,NO-Mask,Person,Safety Vest"
2026-02-09T23:18:15,False,"helmet,vest","NO-Hardhat,NO-Mask,Person"
2026-02-09T23:18:15,False,"helmet,vest","NO-Hardhat,Person"
2026-02-09T23:18:15,False,"helmet,vest","NO-Hardhat,Person"
2026-02-09T23:18:15,False,"helmet,vest","NO-Hardhat,Person"
2026-02-09T23:18:15,False,"helmet,vest","Mask,NO-Hardhat,Person"
2026-02-09T23:18:15,False,"helmet,vest","NO-Hardhat,NO-Safety Vest,Person"
2026-02-09T23:18:16,False,"helmet,vest","NO-Hardhat,Person"
2026-02-09T23:18:16,False,"helmet,vest","NO-Hardhat,Person"
2026-02-09T23:18:16,False,"helmet,vest","NO-Hardhat,Person"
2026-02-09T23:18:16,False,"helmet,vest","NO-Hardhat,Person"
2026-02-09T23:18:16,False,"helmet,vest","NO-Hardhat,Person"
2026-02-09T23:18:16,False,"helmet,vest","NO-Hardhat,Person"
2026-02-09T23:18:16,False,"helmet,vest","NO-Hardhat,Person"
2026-02-09T23:18:16,False,"helmet,vest",Person
2026-02-09T23:18:16,False,"helmet,vest","Person,Safety Cone"
2026-02-09T23:18:16,False,"helmet,vest","NO-Hardhat,Person"
2026-02-09T23:18:16,False,"helmet,vest",Person
2026-02-09T23:18:16,False,"helmet,vest","NO-Hardhat,Person,Safety Cone"
2026-02-09T23:18:16,False,"helmet,vest","Person,Safety Cone"
2026-02-09T23:18:16,False,"helmet,vest","Person,Safety Cone"
2026-02-09T23:18:16,False,"helmet,vest",Person
2026-02-09T23:18:17,False,"helmet,vest",Person
2026-02-09T23:18:17,False,"helmet,vest",Person
2026-02-09T23:18:17,False,"helmet,vest",Person
2026-02-09T23:18:17,False,"helmet,vest","Person,vehicle"
2026-02-09T23:18:17,False,"helmet,vest","Person,vehicle"
2026-02-09T23:18:17,False,"helmet,vest","Person,vehicle"
2026-02-09T23:18:17,False,"helmet,vest","Person,vehicle"
2026-02-09T23:18:17,False,"helmet,vest","Person,vehicle"
2026-02-09T23:18:17,False,"helmet,vest","Person,vehicle"
2026-02-09T23:18:17,False,"helmet,vest","Person,vehicle"
2026-02-09T23:18:17,False,"helmet,vest","Person,vehicle"
2026-02-09T23:18:17,False,"helmet,vest","Person,vehicle"
2026-02-09T23:18:17,False,"helmet,vest","NO-Safety Vest,Person,vehicle"
2026-02-09T23:18:17,False,"helmet,vest",Person
2026-02-09T23:18:17,False,"helmet,vest",Person
2026-02-09T23:18:18,False,"helmet,vest",Person
2026-02-09T23:18:18,False,"helmet,vest","NO-Hardhat,Person"
2026-02-09T23:18:18,False,"helmet,vest","NO-Hardhat,Person"
2026-02-09T23:18:18,False,"helmet,vest","NO-Hardhat,Person"
2026-02-09T23:18:18,False,"helmet,vest","NO-Hardhat,Person"
2026-02-09T23:18:18,False,"helmet,vest","NO-Hardhat,NO-Mask,Person"
2026-02-09T23:18:18,False,"helmet,vest","NO-Hardhat,NO-Mask,Person"
2026-02-09T23:18:18,False,"helmet,vest","NO-Hardhat,NO-Mask,Person"
2026-02-09T23:18:18,False,"helmet,vest","Hardhat,NO-Hardhat,NO-Mask,Person,Safety Vest"
2026-02-09T23:18:18,False,"helmet,vest","Hardhat,NO-Hardhat,NO-Mask,NO-Safety Vest,Person"
2026-02-09T23:18:18,False,"helmet,vest","Mask,NO-Hardhat,NO-Mask,NO-Safety Vest,Person"
2026-02-09T23:18:18,False,"helmet,vest","Hardhat,Mask,NO-Hardhat,NO-Mask,NO-Safety Vest,Person,Safety Vest"
2026-02-09T23:18:18,False,"helmet,vest","Hardhat,NO-Hardhat,NO-Mask,NO-Safety Vest,Person"
2026-02-09T23:18:18,False,"helmet,vest","NO-Hardhat,NO-Mask,NO-Safety Vest,Person"
2026-02-09T23:18:19,False,"helmet,vest","Hardhat,NO-Hardhat,NO-Mask,NO-Safety Vest,Person"
2026-02-09T23:18:19,False,"helmet,vest","Hardhat,NO-Hardhat,NO-Mask,NO-Safety Vest,Person,Safety Vest"
2026-02-09T23:18:19,False,"helmet,vest","Hardhat,NO-Hardhat,NO-Mask,NO-Safety Vest,Person,Safety Vest"
2026-02-09T23:18:19,False,"helmet,vest","Hardhat,NO-Hardhat,NO-Mask,NO-Safety Vest,Person"
2026-02-09T23:18:19,False,"helmet,vest","Hardhat,NO-Hardhat,NO-Mask,NO-Safety Vest,Person"
2026-02-09T23:18:19,False,"helmet,vest","Hardhat,NO-Hardhat,NO-Mask,NO-Safety Vest,Person,Safety Vest"
2026-02-09T23:18:19,False,"helmet,vest","Hardhat,NO-Hardhat,NO-Mask,NO-Safety Vest,Person"
2026-02-09T23:18:19,False,"helmet,vest","Hardhat,NO-Hardhat,NO-Mask,NO-Safety Vest,Person,Safety Vest"
2026-02-09T23:18:19,False,"helmet,vest","Hardhat,NO-Hardhat,NO-Mask,NO-Safety Vest,Person,Safety Vest"
2026-02-09T23:18:19,False,"helmet,vest","Hardhat,NO-Hardhat,NO-Mask,NO-Safety Vest,Person,Safety Vest"
2026-02-09T23:18:19,False,"helmet,vest","Hardhat,NO-Hardhat,NO-Mask,NO-Safety Vest,Person,Safety Vest"
2026-02-09T23:18:19,False,"helmet,vest","Hardhat,NO-Hardhat,NO-Mask,NO-Safety Vest,Person,Safety Vest"
2026-02-09T23:18:19,False,"helmet,vest","Hardhat,NO-Hardhat,NO-Mask,NO-Safety Vest,Person,Safety Vest"
2026-02-09T23:18:20,False,"helmet,vest","Hardhat,NO-Hardhat,NO-Mask,NO-Safety Vest,Person,Safety Vest"
2026-02-09T23:18:20,False,"helmet,vest","Hardhat,NO-Hardhat,NO-Mask,NO-Safety Vest,Person,Safety Vest"
2026-02-09T23:18:20,False,"helmet,vest","Hardhat,NO-Hardhat,NO-Mask,NO-Safety Vest,Person,Safety Vest"
2026-02-09T23:18:20,False,"helmet,vest","Hardhat,NO-Hardhat,NO-Mask,NO-Safety Vest,Person,Safety Vest"
2026-02-09T23:18:20,False,"helmet,vest","NO-Hardhat,NO-Mask,NO-Safety Vest,Person"
2026-02-09T23:18:20,False,"helmet,vest","NO-Hardhat,NO-Mask,NO-Safety Vest,Person,Safety Vest"
2026-02-09T23:18:20,False,"helmet,vest","Hardhat,NO-Hardhat,NO-Mask,Person,Safety Vest"
2026-02-09T23:18:20,False,"helmet,vest","Hardhat,NO-Hardhat,NO-Mask,Person,Safety Vest"
2026-02-09T23:18:20,False,"helmet,vest","Hardhat,NO-Hardhat,NO-Mask,Person,Safety Vest"
2026-02-09T23:18:20,False,"helmet,vest","Hardhat,NO-Hardhat,NO-Mask,NO-Safety Vest,Person,Safety Vest"
2026-02-09T23:18:20,False,"helmet,vest","Hardhat,NO-Hardhat,NO-Mask,NO-Safety Vest,Person,Safety Vest"
2026-02-09T23:18:20,False,"helmet,vest","Hardhat,NO-Hardhat,NO-Mask,NO-Safety Vest,Person,Safety Vest"
2026-02-09T23:18:20,False,"helmet,vest","Hardhat,NO-Hardhat,NO-Mask,NO-Safety Vest,Person,Safety Vest"
2026-02-09T23:18:21,False,"helmet,vest","Hardhat,NO-Hardhat,NO-Mask,NO-Safety Vest,Person,Safety Vest"
2026-02-09T23:18:21,False,"helmet,vest","Hardhat,Mask,NO-Hardhat,NO-Mask,NO-Safety Vest,Person,Safety Vest"
2026-02-09T23:18:21,False,"helmet,vest","Hardhat,NO-Hardhat,NO-Mask,NO-Safety Vest,Person,Safety Vest"
2026-02-09T23:18:21,False,"helmet,vest","Hardhat,NO-Hardhat,NO-Mask,Person,Safety Vest"
2026-02-09T23:18:21,False,"helmet,vest","Hardhat,NO-Hardhat,NO-Mask,NO-Safety Vest,Person,Safety Vest"
2026-02-09T23:18:21,False,"helmet,vest","Hardhat,NO-Hardhat,NO-Mask,Person,Safety Vest"
2026-02-09T23:18:21,False,"helmet,vest","Hardhat,NO-Hardhat,NO-Mask,Person,Safety Vest"
2026-02-09T23:18:21,False,"helmet,vest","Hardhat,NO-Hardhat,NO-Mask,Person,Safety Vest"
2026-02-09T23:18:21,False,"helmet,vest","Hardhat,NO-Hardhat,NO-Mask,Person,Safety Vest"
2026-02-09T23:18:21,False,"helmet,vest","Hardhat,NO-Hardhat,NO-Mask,Person,Safety Vest"
2026-02-09T23:18:21,False,"helmet,vest","Hardhat,NO-Hardhat,NO-Mask,Person,Safety Vest"
2026-02-09T23:18:21,False,"helmet,vest","Hardhat,NO-Hardhat,NO-Mask,Person,Safety Vest"
2026-02-09T23:18:21,False,"helmet,vest","Hardhat,NO-Hardhat,NO-Mask,Person,Safety Vest"
2026-02-09T23:18:22,False,"helmet,vest","Hardhat,NO-Hardhat,NO-Mask,Person,Safety Vest"
2026-02-09T23:18:22,False,"helmet,vest","Hardhat,NO-Hardhat,NO-Mask,Person,Safety Vest"
2026-02-09T23:18:22,False,"helmet,vest","Hardhat,NO-Hardhat,NO-Mask,Person,Safety Vest"
2026-02-09T23:18:22,False,"helmet,vest","Hardhat,NO-Hardhat,NO-Mask,Person,Safety Vest"
2026-02-09T23:18:22,False,"helmet,vest","Hardhat,NO-Hardhat,NO-Mask,Person,Safety Vest"
2026-02-09T23:18:22,False,"helmet,vest","Hardhat,NO-Hardhat,NO-Mask,Person,Safety Vest"
2026-02-09T23:18:22,False,"helmet,vest","Hardhat,NO-Hardhat,NO-Mask,Person,Safety Vest"
2026-02-09T23:18:22,False,"helmet,vest","Hardhat,NO-Hardhat,NO-Mask,Person,Safety Vest"
2026-02-09T23:18:22,False,"helmet,vest","Hardhat,NO-Hardhat,NO-Mask,Person,Safety Vest"
2026-02-09T23:18:22,False,"helmet,vest","Hardhat,NO-Hardhat,NO-Mask,Person,Safety Vest"
2026-02-09T23:18:22,False,"helmet,vest","Hardhat,NO-Hardhat,NO-Mask,Person,Safety Vest"
2026-02-09T23:18:22,False,"helmet,vest","Hardhat,NO-Hardhat,NO-Mask,NO-Safety Vest,Person,Safety Vest"
2026-02-09T23:18:22,False,"helmet,vest","Hardhat,NO-Hardhat,NO-Mask,NO-Safety Vest,Person,Safety Vest"
2026-02-09T23:18:23,False,"helmet,vest","Hardhat,NO-Hardhat,NO-Mask,NO-Safety Vest,Person,Safety Vest"
2026-02-09T23:18:23,False,"helmet,vest","Hardhat,NO-Hardhat,NO-Mask,NO-Safety Vest,Person,Safety Vest"
2026-02-09T23:18:23,False,"helmet,vest","Hardhat,NO-Hardhat,NO-Mask,NO-Safety Vest,Person,Safety Vest"
2026-02-09T23:18:23,False,"helmet,vest","Hardhat,NO-Hardhat,NO-Mask,NO-Safety Vest,Person,Safety Vest"
2026-02-09T23:18:23,False,"helmet,vest","Hardhat,NO-Hardhat,NO-Mask,NO-Safety Vest,Person,Safety Vest"
2026-02-09T23:18:23,False,"helmet,vest","Hardhat,NO-Hardhat,NO-Mask,NO-Safety Vest,Person,Safety Vest"
2026-02-09T23:18:23,False,"helmet,vest","Hardhat,NO-Hardhat,NO-Mask,NO-Safety Vest,Person,Safety Vest"
2026-02-09T23:18:23,False,"helmet,vest","Hardhat,NO-Hardhat,NO-Mask,NO-Safety Vest,Person,Safety Vest"
2026-02-09T23:18:23,False,"helmet,vest","Hardhat,NO-Hardhat,NO-Mask,NO-Safety Vest,Person,Safety Vest"
2026-02-09T23:18:23,False,"helmet,vest","Hardhat,NO-Hardhat,NO-Mask,NO-Safety Vest,Person,Safety Vest"
2026-02-09T23:18:23,False,"helmet,vest","Hardhat,NO-Hardhat,NO-Mask,NO-Safety Vest,Person,Safety Vest"
2026-02-09T23:18:24,False,"helmet,vest","Hardhat,NO-Hardhat,NO-Mask,NO-Safety Vest,Person,Safety Vest"
2026-02-09T23:18:24,False,"helmet,vest","Hardhat,NO-Hardhat,NO-Mask,NO-Safety Vest,Person,Safety Vest"
2026-02-09T23:18:24,False,"helmet,vest","Hardhat,NO-Hardhat,NO-Mask,NO-Safety Vest,Person,Safety Vest"
2026-02-09T23:18:24,False,"helmet,vest","Hardhat,NO-Hardhat,NO-Mask,NO-Safety Vest,Person,Safety Vest"
2026-02-09T23:18:24,False,"helmet,vest","Hardhat,NO-Hardhat,NO-Mask,NO-Safety Vest,Person,Safety Vest"
2026-02-09T23:18:24,False,"helmet,vest","Hardhat,NO-Hardhat,NO-Mask,NO-Safety Vest,Person,Safety Vest"
2026-02-09T23:18:24,False,"helmet,vest","Hardhat,NO-Hardhat,NO-Mask,NO-Safety Vest,Person,Safety Vest"
2026-02-09T23:18:24,False,"helmet,vest","Hardhat,NO-Hardhat,NO-Mask,NO-Safety Vest,Person,Safety Vest"
2026-02-09T23:18:24,False,"helmet,vest","Hardhat,NO-Hardhat,NO-Mask,NO-Safety Vest,Person,Safety Vest"
2026-02-09T23:18:24,False,"helmet,vest","Hardhat,NO-Hardhat,NO-Mask,NO-Safety Vest,Person,Safety Vest"
2026-02-09T23:18:24,False,"helmet,vest","Hardhat,NO-Hardhat,NO-Mask,NO-Safety Vest,Person,Safety Vest"
2026-02-09T23:18:24,False,"helmet,vest","Hardhat,NO-Hardhat,NO-Mask,NO-Safety Vest,Person,Safety Vest"
2026-02-09T23:18:24,False,"helmet,vest","Hardhat,NO-Hardhat,NO-Mask,NO-Safety Vest,Person,Safety Vest"
2026-02-09T23:18:24,False,"helmet,vest","Hardhat,NO-Hardhat,NO-Mask,NO-Safety Vest,Person,Safety Vest"
2026-02-09T23:18:25,False,"helmet,vest","Hardhat,NO-Hardhat,NO-Mask,NO-Safety Vest,Person,Safety Vest"
2026-02-09T23:18:25,False,"helmet,vest","Hardhat,NO-Hardhat,NO-Mask,NO-Safety Vest,Person,Safety Vest"
2026-02-09T23:18:25,False,"helmet,vest","Hardhat,NO-Hardhat,NO-Mask,NO-Safety Vest,Person,Safety Vest"
2026-02-09T23:18:25,False,"helmet,vest","Hardhat,NO-Hardhat,NO-Mask,NO-Safety Vest,Person,Safety Vest"
2026-02-09T23:18:25,False,"helmet,vest","Hardhat,NO-Hardhat,NO-Mask,NO-Safety Vest,Person,Safety Vest"
2026-02-09T23:18:25,False,"helmet,vest","Hardhat,NO-Hardhat,NO-Mask,NO-Safety Vest,Person,Safety Vest"
2026-02-09T23:18:25,False,"helmet,vest","Hardhat,NO-Hardhat,NO-Mask,NO-Safety Vest,Person,Safety Vest"
2026-02-09T23:18:25,False,"helmet,vest","Hardhat,NO-Hardhat,NO-Mask,NO-Safety Vest,Person,Safety Vest"
2026-02-09T23:18:25,False,"helmet,vest","Hardhat,NO-Hardhat,NO-Mask,NO-Safety Vest,Person,Safety Vest"
2026-02-09T23:18:25,False,"helmet,vest","Hardhat,NO-Hardhat,NO-Mask,NO-Safety Vest,Person,Safety Vest"
2026-02-09T23:18:25,False,"helmet,vest","Hardhat,NO-Hardhat,NO-Mask,NO-Safety Vest,Person,Safety Vest"
2026-02-09T23:18:25,False,"helmet,vest","Hardhat,NO-Hardhat,NO-Mask,NO-Safety Vest,Person,Safety Vest"
2026-02-09T23:18:25,False,"helmet,vest","Hardhat,NO-Hardhat,NO-Mask,NO-Safety Vest,Person,Safety Vest"
2026-02-09T23:18:26,False,"helmet,vest","Hardhat,NO-Hardhat,NO-Mask,NO-Safety Vest,Person,Safety Vest"
2026-02-09T23:18:26,False,"helmet,vest","Hardhat,NO-Hardhat,NO-Mask,NO-Safety Vest,Person,Safety Vest"
2026-02-09T23:18:26,False,"helmet,vest","Hardhat,NO-Hardhat,NO-Mask,NO-Safety Vest,Person,Safety Vest"
2026-02-09T23:18:26,False,"helmet,vest","Hardhat,NO-Hardhat,NO-Mask,NO-Safety Vest,Person,Safety Vest"
2026-02-09T23:18:26,False,"helmet,vest","Hardhat,NO-Hardhat,NO-Mask,NO-Safety Vest,Person,Safety Vest"
2026-02-09T23:18:26,False,"helmet,vest","Hardhat,NO-Hardhat,NO-Mask,NO-Safety Vest,Person,Safety Vest"
2026-02-09T23:18:26,False,"helmet,vest","Hardhat,NO-Hardhat,NO-Mask,NO-Safety Vest,Person,Safety Vest"
2026-02-09T23:18:26,False,"helmet,vest","Hardhat,NO-Hardhat,NO-Mask,NO-Safety Vest,Person,Safety Vest"
2026-02-09T23:18:26,False,"helmet,vest","Hardhat,NO-Hardhat,NO-Mask,NO-Safety Vest,Person,Safety Vest"
2026-02-09T23:18:26,False,"helmet,vest","Hardhat,NO-Hardhat,NO-Mask,NO-Safety Vest,Person,Safety Vest"
2026-02-09T23:18:26,False,"helmet,vest","Hardhat,NO-Hardhat,NO-Mask,NO-Safety Vest,Person,Safety Vest"
2026-02-09T23:18:26,False,"helmet,vest","Hardhat,NO-Hardhat,NO-Mask,NO-Safety Vest,Person,Safety Vest"
2026-02-09T23:18:26,False,"helmet,vest","Hardhat,NO-Hardhat,NO-Mask,NO-Safety Vest,Person,Safety Vest"
2026-02-09T23:18:26,False,"helmet,vest","Hardhat,NO-Hardhat,NO-Mask,NO-Safety Vest,Person,Safety Vest"
2026-02-09T23:18:28,False,"helmet,vest","Hardhat,NO-Hardhat,NO-Mask,NO-Safety Vest,Person,Safety Vest"
2026-02-09T23:18:28,False,"helmet,vest","Hardhat,NO-Hardhat,NO-Mask,NO-Safety Vest,Person,Safety Vest"
2026-02-09T23:18:28,False,"helmet,vest","Hardhat,NO-Hardhat,NO-Mask,NO-Safety Vest,Person,Safety Vest"
2026-02-09T23:18:28,False,"helmet,vest","Hardhat,NO-Hardhat,NO-Mask,Person"
2026-02-09T23:18:28,False,"helmet,vest","Hardhat,NO-Hardhat,NO-Mask,Person"
2026-02-09T23:18:28,False,"helmet,vest","NO-Mask,Person"
2026-02-09T23:18:28,False,"helmet,vest","NO-Mask,Person"
2026-02-09T23:18:28,False,"helmet,vest","NO-Mask,Person"
2026-02-09T23:18:28,False,"helmet,vest","Hardhat,Mask,NO-Mask,NO-Safety Vest,Person"
2026-02-09T23:18:28,False,"helmet,vest","NO-Hardhat,NO-Mask,NO-Safety Vest,Person"
2026-02-09T23:18:28,False,"helmet,vest","NO-Hardhat,NO-Mask,Person"
2026-02-09T23:18:28,False,"helmet,vest","NO-Hardhat,NO-Mask,NO-Safety Vest,Person"
2026-02-09T23:18:28,False,"helmet,vest","NO-Hardhat,NO-Mask,NO-Safety Vest,Person"
2026-02-09T23:18:28,False,"helmet,vest","NO-Hardhat,NO-Mask,NO-Safety Vest,Person,machinery"
2026-02-09T23:18:29,False,"helmet,vest","NO-Hardhat,NO-Mask,NO-Safety Vest,Person,machinery"
2026-02-09T23:18:29,False,"helmet,vest","NO-Hardhat,NO-Mask,NO-Safety Vest,Person"
2026-02-09T23:18:29,False,"helmet,vest","NO-Hardhat,NO-Mask,NO-Safety Vest,Person"
2026-02-09T23:18:29,False,"helmet,vest","NO-Hardhat,NO-Mask,NO-Safety Vest,Person"
2026-02-09T23:18:29,False,"helmet,vest","NO-Hardhat,NO-Mask,NO-Safety Vest,Person"
2026-02-09T23:18:29,False,"helmet,vest","NO-Hardhat,NO-Mask,NO-Safety Vest,Person"
2026-02-09T23:18:29,False,"helmet,vest","NO-Hardhat,NO-Mask,NO-Safety Vest,Person"
2026-02-09T23:18:29,False,"helmet,vest","NO-Hardhat,NO-Mask,NO-Safety Vest,Person"
2026-02-09T23:18:29,False,"helmet,vest","NO-Hardhat,NO-Mask,NO-Safety Vest,Person"
2026-02-09T23:18:29,False,"helmet,vest","NO-Hardhat,NO-Mask,Person"
2026-02-09T23:18:29,False,"helmet,vest","NO-Hardhat,NO-Mask,NO-Safety Vest,Person"
2026-02-09T23:18:29,False,"helmet,vest","NO-Hardhat,NO-Mask,Person"
2026-02-09T23:18:29,False,"helmet,vest","NO-Hardhat,NO-Mask,Person"
2026-02-09T23:18:29,False,"helmet,vest","NO-Hardhat,NO-Mask,NO-Safety Vest,Person"
2026-02-09T23:18:30,False,"helmet,vest","NO-Hardhat,NO-Mask,NO-Safety Vest,Person"
2026-02-09T23:18:30,False,"helmet,vest","NO-Hardhat,NO-Mask,NO-Safety Vest,Person"
2026-02-09T23:18:30,False,"helmet,vest","NO-Hardhat,NO-Mask,NO-Safety Vest,Person"
2026-02-09T23:18:30,False,"helmet,vest","NO-Hardhat,NO-Mask,NO-Safety Vest,Person,machinery"
2026-02-09T23:18:30,False,"helmet,vest","Hardhat,NO-Hardhat,NO-Mask,NO-Safety Vest,Person"
2026-02-09T23:18:30,False,"helmet,vest","NO-Hardhat,NO-Mask,NO-Safety Vest,Person"
2026-02-09T23:18:30,False,"helmet,vest","Hardhat,NO-Mask,NO-Safety Vest,Person"
2026-02-09T23:18:30,False,"helmet,vest","NO-Safety Vest,Person"
2026-02-09T23:18:30,False,"helmet,vest","NO-Safety Vest,Person"
2026-02-09T23:18:30,False,"helmet,vest","NO-Safety Vest,Person"
2026-02-09T23:18:30,False,"helmet,vest",Person
2026-02-09T23:18:30,False,"helmet,vest","NO-Safety Vest,Person"
2026-02-09T23:18:30,False,"helmet,vest",Person
2026-02-09T23:18:30,False,"helmet,vest","NO-Safety Vest,Person"
2026-02-09T23:18:30,False,"helmet,vest","NO-Safety Vest,Person"
2026-02-09T23:18:30,False,"helmet,vest",Person
2026-02-09T23:18:31,False,"helmet,vest",Person
2026-02-09T23:18:31,False,"helmet,vest",Person
2026-02-09T23:18:31,False,"helmet,vest",Person
2026-02-09T23:18:31,False,"helmet,vest",Person
2026-02-09T23:18:31,False,"helmet,vest",Person
2026-02-09T23:18:31,False,"helmet,vest","NO-Safety Vest,Person"
2026-02-09T23:18:31,False,"helmet,vest","NO-Safety Vest,Person"
2026-02-09T23:18:31,False,"helmet,vest","NO-Safety Vest,Person"
2026-02-09T23:18:31,False,"helmet,vest","NO-Safety Vest,Person"
2026-02-09T23:18:31,False,"helmet,vest","NO-Safety Vest,Person"
2026-02-09T23:18:31,False,"helmet,vest",Person
2026-02-09T23:18:31,False,"helmet,vest","NO-Safety Vest,Person"
2026-02-09T23:18:31,False,"helmet,vest","NO-Safety Vest,Person"
2026-02-09T23:18:31,False,"helmet,vest",Person
2026-02-09T23:18:31,False,"helmet,vest","Person,Safety Cone"
2026-02-09T23:18:32,False,"helmet,vest","Person,machinery"
2026-02-09T23:18:32,False,"helmet,vest","NO-Safety Vest,Person"
2026-02-09T23:18:32,False,"helmet,vest",Person
2026-02-09T23:18:32,False,"helmet,vest","NO-Safety Vest,Person"
2026-02-09T23:18:32,False,"helmet,vest","NO-Safety Vest,Person"
2026-02-09T23:18:32,False,"helmet,vest","Person,machinery"
2026-02-09T23:18:32,False,"helmet,vest","NO-Safety Vest,Person"
2026-02-09T23:18:32,False,"helmet,vest",Person
2026-02-09T23:18:32,False,"helmet,vest",Person
2026-02-09T23:18:32,False,"helmet,vest",Person
2026-02-09T23:18:32,False,"helmet,vest","NO-Safety Vest,Person"
2026-02-09T23:18:32,False,"helmet,vest","NO-Safety Vest,Person"
2026-02-09T23:18:32,False,"helmet,vest","NO-Safety Vest,Person"
2026-02-09T23:18:32,False,"helmet,vest","NO-Safety Vest,Person"
2026-02-09T23:18:32,False,"helmet,vest","NO-Safety Vest,Person"
2026-02-09T23:18:33,False,"helmet,vest","NO-Safety Vest,Person"
2026-02-09T23:18:33,False,"helmet,vest","NO-Safety Vest,Person"
2026-02-09T23:18:33,False,"helmet,vest","NO-Safety Vest,Person"
2026-02-09T23:18:33,False,"helmet,vest",Person
2026-02-09T23:18:33,False,"helmet,vest","NO-Mask,NO-Safety Vest,Person"
2026-02-09T23:18:33,False,"helmet,vest","NO-Safety Vest,Person"
2026-02-09T23:18:33,False,"helmet,vest","NO-Mask,NO-Safety Vest,Person"
2026-02-09T23:18:33,False,"helmet,vest","NO-Mask,NO-Safety Vest,Person"
2026-02-09T23:18:33,False,"helmet,vest","NO-Mask,NO-Safety Vest,Person"
2026-02-09T23:18:33,False,"helmet,vest","NO-Hardhat,NO-Mask,NO-Safety Vest,Person"
2026-02-09T23:18:33,False,"helmet,vest","NO-Hardhat,NO-Mask,NO-Safety Vest,Person"
2026-02-09T23:18:33,False,"helmet,vest","NO-Hardhat,NO-Mask,NO-Safety Vest,Person"
2026-02-09T23:18:33,False,"helmet,vest","NO-Hardhat,NO-Mask,Person"
2026-02-09T23:18:33,False,"helmet,vest","Hardhat,NO-Hardhat,NO-Mask,Person"
2026-02-09T23:18:34,False,"helmet,vest","NO-Hardhat,NO-Mask,Person"
2026-02-09T23:18:34,False,"helmet,vest","NO-Hardhat,NO-Mask,Person"
2026-02-09T23:18:34,False,"helmet,vest","NO-Hardhat,NO-Mask,Person"
2026-02-09T23:18:34,False,"helmet,vest","NO-Hardhat,NO-Mask,Person"
2026-02-09T23:18:34,False,"helmet,vest","NO-Hardhat,NO-Mask,Person"
2026-02-09T23:18:34,False,"helmet,vest","NO-Hardhat,NO-Mask,NO-Safety Vest,Person"
2026-02-09T23:18:34,False,"helmet,vest","NO-Hardhat,NO-Mask,Person"
2026-02-09T23:18:34,False,"helmet,vest","NO-Hardhat,NO-Mask,Person"
2026-02-09T23:18:34,False,"helmet,vest","NO-Hardhat,NO-Mask,Person"
2026-02-09T23:18:34,False,"helmet,vest","NO-Hardhat,NO-Mask,NO-Safety Vest,Person"
2026-02-09T23:18:34,False,"helmet,vest","NO-Hardhat,NO-Mask,Person"
2026-02-09T23:18:34,False,"helmet,vest","NO-Hardhat,NO-Mask,Person"
2026-02-09T23:18:34,False,"helmet,vest","NO-Hardhat,NO-Mask,Person"
2026-02-09T23:18:34,False,"helmet,vest","NO-Hardhat,NO-Mask,Person,Safety Vest"
2026-02-09T23:18:34,False,"helmet,vest","NO-Hardhat,NO-Mask,Person"
2026-02-09T23:18:34,False,"helmet,vest","NO-Hardhat,NO-Mask,Person"
2026-02-09T23:18:35,False,"helmet,vest","NO-Hardhat,NO-Mask,Person"
2026-02-09T23:18:35,False,"helmet,vest","NO-Hardhat,NO-Mask,Person"
2026-02-09T23:18:35,False,"helmet,vest","NO-Hardhat,NO-Mask,Person"
2026-02-09T23:18:35,False,"helmet,vest","NO-Hardhat,NO-Mask,Person"
2026-02-09T23:18:35,False,"helmet,vest","NO-Hardhat,NO-Mask,Person"
2026-02-09T23:18:35,False,"helmet,vest","NO-Hardhat,NO-Mask,Person"
2026-02-09T23:18:35,False,"helmet,vest","NO-Hardhat,NO-Mask,Person"
2026-02-09T23:18:35,False,"helmet,vest","NO-Hardhat,NO-Mask,Person"
2026-02-09T23:18:35,False,"helmet,vest","NO-Hardhat,NO-Mask,Person"
2026-02-09T23:18:35,False,"helmet,vest","NO-Hardhat,NO-Mask,Person"
2026-02-09T23:18:35,False,"helmet,vest","NO-Hardhat,NO-Mask,Person"
2026-02-09T23:18:35,False,"helmet,vest","NO-Hardhat,NO-Mask,Person"
2026-02-09T23:18:35,False,"helmet,vest","NO-Hardhat,NO-Mask,Person"
2026-02-09T23:18:35,False,"helmet,vest","NO-Hardhat,NO-Mask,Person"
2026-02-09T23:18:35,False,"helmet,vest","NO-Hardhat,NO-Mask,Person"
2026-02-09T23:18:36,False,"helmet,vest","NO-Hardhat,NO-Mask,Person,Safety Vest"
2026-02-09T23:18:36,False,"helmet,vest","NO-Hardhat,NO-Mask,Person,Safety Vest"
2026-02-09T23:18:36,False,"helmet,vest","NO-Hardhat,NO-Mask,Person,Safety Vest"
2026-02-09T23:18:36,False,"helmet,vest","NO-Hardhat,NO-Mask,Person,Safety Vest"
2026-02-09T23:18:36,False,"helmet,vest","NO-Hardhat,NO-Mask,Person"
2026-02-09T23:18:36,False,"helmet,vest","NO-Hardhat,NO-Mask,Person"
2026-02-09T23:18:36,False,"helmet,vest","NO-Hardhat,NO-Mask,Person"
2026-02-09T23:18:36,False,"helmet,vest","NO-Hardhat,NO-Mask,Person"
2026-02-09T23:18:36,False,"helmet,vest","NO-Hardhat,NO-Mask,Person"
2026-02-09T23:18:36,False,"helmet,vest","NO-Hardhat,NO-Mask,NO-Safety Vest,Person"
2026-02-09T23:18:36,False,"helmet,vest","NO-Hardhat,NO-Mask,NO-Safety Vest,Person"
2026-02-09T23:18:36,False,"helmet,vest","NO-Hardhat,NO-Mask,Person"
2026-02-09T23:18:36,False,"helmet,vest","NO-Hardhat,NO-Mask,Person"
2026-02-09T23:18:36,False,"helmet,vest","NO-Hardhat,NO-Mask,Person"
2026-02-09T23:18:36,False,"helmet,vest","NO-Hardhat,NO-Mask,Person"
2026-02-09T23:18:37,False,"helmet,vest","NO-Hardhat,NO-Mask,Person"
2026-02-09T23:18:37,False,"helmet,vest","NO-Hardhat,NO-Mask,Person"
2026-02-09T23:18:37,False,"helmet,vest","NO-Hardhat,NO-Mask,Person"
2026-02-09T23:18:37,False,"helmet,vest","NO-Hardhat,NO-Mask,Person"
2026-02-09T23:18:37,False,"helmet,vest","NO-Hardhat,NO-Mask,Person"
2026-02-09T23:18:37,False,"helmet,vest","NO-Hardhat,NO-Mask,Person"
2026-02-09T23:18:37,False,"helmet,vest","NO-Hardhat,NO-Mask,Person"
2026-02-09T23:18:37,False,"helmet,vest","NO-Hardhat,NO-Mask,NO-Safety Vest,Person"
2026-02-09T23:18:37,False,"helmet,vest","NO-Hardhat,NO-Mask,NO-Safety Vest,Person"
2026-02-09T23:18:37,False,"helmet,vest","NO-Hardhat,NO-Mask,Person"
2026-02-09T23:18:37,False,"helmet,vest","NO-Hardhat,NO-Mask,Person"
2026-02-09T23:18:37,False,"helmet,vest","Hardhat,NO-Hardhat,NO-Mask,Person"
2026-02-09T23:18:37,False,"helmet,vest","NO-Hardhat,NO-Mask,Person"
2026-02-09T23:18:37,False,"helmet,vest","Hardhat,NO-Mask,Person"
2026-02-09T23:18:38,False,"helmet,vest","Hardhat,Person"
2026-02-09T23:18:38,False,"helmet,vest",Person
2026-02-09T23:18:38,False,"helmet,vest",Person
2026-02-09T23:18:38,False,"helmet,vest","NO-Mask,Person"
2026-02-09T23:18:38,False,"helmet,vest","NO-Hardhat,NO-Mask,Person"
2026-02-09T23:18:38,False,"helmet,vest","Hardhat,NO-Hardhat,NO-Mask,Person"
2026-02-09T23:18:38,False,"helmet,vest","NO-Hardhat,NO-Mask,Person"
2026-02-09T23:18:38,False,"helmet,vest","NO-Hardhat,NO-Mask,Person"
2026-02-09T23:18:38,False,"helmet,vest","NO-Hardhat,Person"
2026-02-09T23:18:38,False,"helmet,vest","NO-Hardhat,Person"
2026-02-09T23:18:38,False,"helmet,vest","NO-Hardhat,Person"
2026-02-09T23:18:38,False,"helmet,vest","NO-Hardhat,Person"
2026-02-09T23:18:38,False,"helmet,vest",Person
2026-02-09T23:18:38,False,"helmet,vest","NO-Hardhat,Person"
2026-02-09T23:18:38,False,"helmet,vest","NO-Hardhat,NO-Mask,Person"
2026-02-09T23:18:38,False,"helmet,vest","NO-Hardhat,Person"
2026-02-09T23:18:39,False,"helmet,vest","NO-Hardhat,NO-Mask,Person"
2026-02-09T23:18:39,False,"helmet,vest","NO-Hardhat,NO-Mask,Person"
2026-02-09T23:18:39,False,"helmet,vest","NO-Hardhat,NO-Mask,Person"
2026-02-09T23:18:39,False,"helmet,vest","NO-Hardhat,NO-Mask,Person"
2026-02-09T23:18:39,False,"helmet,vest","NO-Hardhat,NO-Mask,Person"
2026-02-09T23:18:39,False,"helmet,vest","NO-Hardhat,NO-Mask,Person"
2026-02-09T23:18:39,False,"helmet,vest","NO-Hardhat,NO-Mask,Person"
2026-02-09T23:18:39,False,"helmet,vest","NO-Hardhat,NO-Mask,Person"
2026-02-09T23:18:39,False,"helmet,vest","NO-Hardhat,NO-Mask,Person"
2026-02-09T23:18:39,False,"helmet,vest","NO-Hardhat,NO-Mask,Person"
2026-02-09T23:18:39,False,"helmet,vest","NO-Hardhat,NO-Mask,Person"
2026-02-09T23:18:39,False,"helmet,vest","NO-Hardhat,NO-Mask,Person"
2026-02-09T23:18:39,False,"helmet,vest","NO-Hardhat,NO-Mask,Person"
2026-02-09T23:18:39,False,"helmet,vest","NO-Hardhat,NO-Mask,Person"
2026-02-09T23:18:39,False,"helmet,vest","NO-Hardhat,NO-Mask,Person"
2026-02-09T23:18:40,False,"helmet,vest","NO-Hardhat,NO-Mask,Person"
2026-02-09T23:18:40,False,"helmet,vest","NO-Hardhat,NO-Mask,Person"
2026-02-09T23:18:40,False,"helmet,vest","NO-Hardhat,NO-Mask,Person"
2026-02-09T23:18:40,False,"helmet,vest","NO-Hardhat,NO-Mask,Person"
2026-02-09T23:18:40,False,"helmet,vest","NO-Hardhat,NO-Mask,Person"
2026-02-09T23:18:40,False,"helmet,vest","NO-Hardhat,NO-Mask,Person"
2026-02-09T23:18:40,False,"helmet,vest","NO-Hardhat,NO-Mask,Person"
2026-02-09T23:18:40,False,"helmet,vest","NO-Hardhat,NO-Mask,Person"
2026-02-09T23:18:40,False,"helmet,vest","NO-Hardhat,NO-Mask,Person"
2026-02-09T23:18:40,False,"helmet,vest","NO-Hardhat,NO-Mask,Person"
2026-02-09T23:18:40,False,"helmet,vest","NO-Hardhat,NO-Mask,Person"
2026-02-09T23:18:40,False,"helmet,vest","NO-Hardhat,NO-Mask,Person"
2026-02-09T23:18:40,False,"helmet,vest","NO-Hardhat,NO-Mask,Person"
2026-02-09T23:18:40,False,"helmet,vest","NO-Hardhat,NO-Mask,Person"
2026-02-09T23:18:40,False,"helmet,vest","NO-Hardhat,NO-Mask,Person"
2026-02-09T23:18:41,False,"helmet,vest","NO-Hardhat,NO-Mask,Person"
2026-02-09T23:18:41,False,"helmet,vest","NO-Hardhat,NO-Mask,Person"
2026-02-09T23:18:41,False,"helmet,vest","NO-Hardhat,NO-Mask,Person"
2026-02-09T23:18:41,False,"helmet,vest","NO-Hardhat,NO-Mask,Person"
2026-02-09T23:18:41,False,"helmet,vest","NO-Hardhat,NO-Mask,Person"
2026-02-09T23:18:41,False,"helmet,vest","NO-Hardhat,NO-Mask,Person"
2026-02-09T23:18:41,False,"helmet,vest","NO-Hardhat,NO-Mask,Person"
2026-02-09T23:18:41,False,"helmet,vest","NO-Hardhat,NO-Mask,Person"
2026-02-09T23:18:41,False,"helmet,vest","NO-Hardhat,NO-Mask,Person"
2026-02-09T23:18:41,False,"helmet,vest","NO-Hardhat,NO-Mask,Person"
2026-02-09T23:18:41,False,"helmet,vest","Mask,NO-Hardhat,NO-Mask,Person"
2026-02-09T23:18:41,False,"helmet,vest","Mask,NO-Hardhat,NO-Mask,Person"
2026-02-09T23:18:41,False,"helmet,vest","Mask,NO-Hardhat,NO-Mask,Person"
2026-02-09T23:18:41,False,"helmet,vest","NO-Hardhat,NO-Mask,Person"
2026-02-09T23:18:41,False,"helmet,vest","Mask,NO-Hardhat,NO-Mask,Person"
2026-02-09T23:18:42,False,"helmet,vest","Mask,NO-Hardhat,NO-Mask,Person"
2026-02-09T23:18:42,False,"helmet,vest","Mask,NO-Hardhat,NO-Mask,Person"
2026-02-09T23:18:42,False,"helmet,vest","NO-Hardhat,NO-Mask,Person"
2026-02-09T23:18:42,False,"helmet,vest","Mask,NO-Hardhat,NO-Mask,Person"
2026-02-09T23:18:42,False,"helmet,vest","NO-Hardhat,NO-Mask,Person"
2026-02-09T23:18:42,False,"helmet,vest","NO-Hardhat,NO-Mask,Person"
2026-02-09T23:18:42,False,"helmet,vest","NO-Hardhat,NO-Mask,Person"
2026-02-09T23:18:42,False,"helmet,vest","NO-Hardhat,NO-Mask,Person"
2026-02-09T23:18:42,False,"helmet,vest","NO-Hardhat,NO-Mask,Person"
2026-02-09T23:18:42,False,"helmet,vest","NO-Hardhat,NO-Mask,Person"
2026-02-09T23:18:42,False,"helmet,vest","NO-Hardhat,NO-Mask,Person"
2026-02-09T23:18:42,False,"helmet,vest","NO-Hardhat,NO-Mask,Person"
2026-02-09T23:18:42,False,"helmet,vest","NO-Hardhat,NO-Mask,Person"
2026-02-09T23:18:42,False,"helmet,vest","NO-Hardhat,NO-Mask,Person"
2026-02-09T23:18:42,False,"helmet,vest","NO-Hardhat,NO-Mask,Person"
2026-02-09T23:18:43,False,"helmet,vest","NO-Hardhat,NO-Mask,Person"
2026-02-09T23:18:43,False,"helmet,vest","NO-Hardhat,NO-Mask,Person"
2026-02-09T23:18:43,False,"helmet,vest","NO-Hardhat,NO-Mask,Person"
2026-02-09T23:18:43,False,"helmet,vest","NO-Hardhat,NO-Mask,Person"
2026-02-09T23:18:43,False,"helmet,vest","NO-Hardhat,NO-Mask,Person"
2026-02-09T23:18:43,False,"helmet,vest","NO-Hardhat,NO-Mask,Person"
2026-02-09T23:18:43,False,"helmet,vest","NO-Hardhat,NO-Mask,Person"
2026-02-09T23:18:43,False,"helmet,vest","NO-Hardhat,NO-Mask,Person"
2026-02-09T23:18:43,False,"helmet,vest","NO-Hardhat,NO-Mask,Person"
2026-02-09T23:18:43,False,"helmet,vest","NO-Hardhat,NO-Mask,Person"
2026-02-09T23:18:43,False,"helmet,vest","NO-Hardhat,NO-Mask,Person"
2026-02-09T23:18:43,False,"helmet,vest","NO-Hardhat,NO-Mask,Person"
2026-02-09T23:18:43,False,"helmet,vest","NO-Hardhat,NO-Mask,Person"
2026-02-09T23:18:43,False,"helmet,vest","NO-Hardhat,NO-Mask,Person"
2026-02-09T23:18:43,False,"helmet,vest","NO-Hardhat,NO-Mask,Person"
2026-02-09T23:18:44,False,"helmet,vest","NO-Hardhat,NO-Mask,Person"
2026-02-09T23:18:44,False,"helmet,vest","NO-Hardhat,NO-Mask,Person"
2026-02-09T23:18:44,False,"helmet,vest","NO-Hardhat,NO-Mask,Person"
2026-02-09T23:18:44,False,"helmet,vest","NO-Hardhat,NO-Mask,Person"
2026-02-09T23:18:44,False,"helmet,vest","NO-Hardhat,NO-Mask,Person"
2026-02-09T23:18:44,False,"helmet,vest","NO-Hardhat,NO-Mask,Person"
2026-02-09T23:18:44,False,"helmet,vest","NO-Hardhat,NO-Mask,Person"
2026-02-09T23:18:44,False,"helmet,vest","NO-Hardhat,NO-Mask,Person"
2026-02-09T23:18:44,False,"helmet,vest","NO-Hardhat,NO-Mask,Person"
2026-02-09T23:18:44,False,"helmet,vest","NO-Hardhat,NO-Mask,Person"
2026-02-09T23:18:44,False,"helmet,vest","NO-Hardhat,NO-Mask,Person"
2026-02-09T23:18:44,False,"helmet,vest","NO-Hardhat,NO-Mask,Person"
2026-02-09T23:18:44,False,"helmet,vest","NO-Hardhat,NO-Mask,Person"
2026-02-09T23:18:44,False,"helmet,vest","NO-Hardhat,NO-Mask,Person"
2026-02-09T23:18:44,False,"helmet,vest","NO-Hardhat,NO-Mask,Person"
2026-02-09T23:18:45,False,"helmet,vest","NO-Hardhat,NO-Mask,Person"
2026-02-09T23:18:45,False,"helmet,vest","NO-Hardhat,NO-Mask,Person"
2026-02-09T23:18:45,False,"helmet,vest","NO-Hardhat,NO-Mask,Person"
2026-02-09T23:18:45,False,"helmet,vest","NO-Hardhat,NO-Mask,Person"
2026-02-09T23:18:45,False,"helmet,vest","NO-Hardhat,NO-Mask,Person"
2026-02-09T23:18:45,False,"helmet,vest","NO-Hardhat,NO-Mask,Person"
2026-02-09T23:18:45,False,"helmet,vest","NO-Hardhat,NO-Mask,Person"
2026-02-09T23:18:45,False,"helmet,vest","NO-Hardhat,NO-Mask,Person"
2026-02-09T23:18:45,False,"helmet,vest","NO-Hardhat,NO-Mask,Person"
2026-02-09T23:18:45,False,"helmet,vest","NO-Hardhat,NO-Mask,Person"
2026-02-09T23:18:45,False,"helmet,vest","NO-Hardhat,NO-Mask,Person"
2026-02-09T23:18:45,False,"helmet,vest","NO-Hardhat,NO-Mask,Person"
2026-02-09T23:18:45,False,"helmet,vest","NO-Hardhat,NO-Mask,Person"
2026-02-09T23:18:45,False,"helmet,vest","NO-Hardhat,NO-Mask,Person"
2026-02-09T23:18:46,False,"helmet,vest","NO-Hardhat,NO-Mask,Person"
2026-02-09T23:18:46,False,"helmet,vest","NO-Hardhat,NO-Mask,Person"
2026-02-09T23:18:46,False,"helmet,vest","NO-Hardhat,NO-Mask,Person"
2026-02-09T23:18:46,False,"helmet,vest","NO-Hardhat,NO-Mask,Person"
2026-02-09T23:18:46,False,"helmet,vest","NO-Hardhat,NO-Mask,Person"
2026-02-09T23:18:46,False,"helmet,vest","NO-Hardhat,NO-Mask,Person"
2026-02-09T23:18:46,False,"helmet,vest","NO-Hardhat,NO-Mask,Person"
2026-02-09T23:18:46,False,"helmet,vest","NO-Hardhat,NO-Mask,Person"
2026-02-09T23:18:46,False,"helmet,vest","NO-Hardhat,NO-Mask,Person"
2026-02-09T23:18:46,False,"helmet,vest","NO-Hardhat,NO-Mask,Person"
2026-02-09T23:18:46,False,"helmet,vest","NO-Hardhat,NO-Mask,Person"
2026-02-09T23:18:46,False,"helmet,vest","NO-Hardhat,NO-Mask,Person"
2026-02-09T23:18:46,False,"helmet,vest","NO-Hardhat,NO-Mask,Person"
2026-02-09T23:18:46,False,"helmet,vest","NO-Hardhat,NO-Mask,Person"
2026-02-09T23:18:46,False,"helmet,vest","NO-Hardhat,NO-Mask,Person"
2026-02-09T23:18:47,False,"helmet,vest","NO-Hardhat,NO-Mask,Person"
2026-02-09T23:18:47,False,"helmet,vest","NO-Hardhat,NO-Mask,Person"
2026-02-09T23:18:47,False,"helmet,vest","NO-Hardhat,NO-Mask,Person"
2026-02-09T23:18:47,False,"helmet,vest","NO-Hardhat,NO-Mask,Person"
2026-02-09T23:18:47,False,"helmet,vest","NO-Hardhat,NO-Mask,Person"
2026-02-09T23:18:47,False,"helmet,vest","NO-Hardhat,NO-Mask,Person"
2026-02-09T23:18:47,False,"helmet,vest","NO-Hardhat,NO-Mask,Person"
2026-02-09T23:18:47,False,"helmet,vest","NO-Hardhat,NO-Mask,Person"
2026-02-09T23:18:47,False,"helmet,vest","NO-Hardhat,NO-Mask,Person"
2026-02-09T23:18:47,False,"helmet,vest","NO-Hardhat,NO-Mask,Person"
2026-02-09T23:18:47,False,"helmet,vest","NO-Hardhat,NO-Mask,Person"
2026-02-09T23:18:47,False,"helmet,vest","NO-Hardhat,NO-Mask,Person"
2026-02-09T23:18:47,False,"helmet,vest","NO-Hardhat,NO-Mask,NO-Safety Vest,Person"
2026-02-09T23:18:47,False,"helmet,vest","Hardhat,NO-Hardhat,NO-Mask,Person"
2026-02-09T23:18:48,False,"helmet,vest","Hardhat,NO-Hardhat,NO-Mask,NO-Safety Vest,Person"
2026-02-09T23:18:48,False,"helmet,vest","Hardhat,NO-Hardhat,NO-Mask,Person"
2026-02-09T23:18:48,False,"helmet,vest","Hardhat,NO-Hardhat,NO-Mask,Person,Safety Vest"
2026-02-09T23:18:48,False,"helmet,vest","Hardhat,NO-Hardhat,NO-Mask,Person,Safety Vest"
2026-02-09T23:18:48,False,"helmet,vest","Hardhat,NO-Hardhat,NO-Mask,Person,Safety Vest"
2026-02-09T23:18:48,False,"helmet,vest","Hardhat,NO-Hardhat,NO-Mask,Person,Safety Vest"
2026-02-09T23:18:48,False,"helmet,vest","Hardhat,NO-Hardhat,NO-Mask,Person,Safety Vest"
2026-02-09T23:18:48,False,"helmet,vest","Hardhat,NO-Hardhat,NO-Mask,Person,Safety Vest"
2026-02-09T23:18:48,False,"helmet,vest","Hardhat,NO-Hardhat,NO-Mask,NO-Safety Vest,Person,Safety Vest"
2026-02-09T23:18:48,False,"helmet,vest","NO-Hardhat,NO-Mask,Person"
2026-02-09T23:18:48,False,"helmet,vest","Hardhat,NO-Hardhat,NO-Mask,Person,Safety Vest"
2026-02-09T23:18:48,False,"helmet,vest","Hardhat,NO-Hardhat,NO-Mask,Person,Safety Vest"
2026-02-09T23:18:48,False,"helmet,vest","Hardhat,NO-Hardhat,NO-Mask,Person,Safety Vest"
2026-02-09T23:18:48,False,"helmet,vest","Hardhat,NO-Hardhat,NO-Mask,Person,Safety Vest"
2026-02-09T23:18:48,False,"helmet,vest","Hardhat,NO-Hardhat,NO-Mask,Person,Safety Vest"
2026-02-09T23:18:49,False,"helmet,vest","Hardhat,NO-Hardhat,NO-Mask,Person,Safety Vest"
2026-02-09T23:18:49,False,"helmet,vest","Hardhat,NO-Hardhat,NO-Mask,Person,Safety Vest"
2026-02-09T23:18:49,False,"helmet,vest","NO-Hardhat,NO-Mask,Person,Safety Vest"
2026-02-09T23:18:49,False,"helmet,vest","NO-Hardhat,NO-Mask,Person,Safety Vest"
2026-02-09T23:18:49,False,"helmet,vest","NO-Hardhat,NO-Mask,Person,Safety Vest"
2026-02-09T23:18:49,False,"helmet,vest","Hardhat,NO-Hardhat,NO-Mask,Person,Safety Vest"
2026-02-09T23:18:49,False,"helmet,vest","Hardhat,NO-Hardhat,NO-Mask,Person,Safety Vest"
2026-02-09T23:18:49,False,"helmet,vest","Hardhat,NO-Hardhat,NO-Mask,Person,Safety Vest"
2026-02-09T23:18:49,False,"helmet,vest","Hardhat,NO-Hardhat,NO-Mask,Person,Safety Vest"
2026-02-09T23:18:49,False,"helmet,vest","Hardhat,NO-Hardhat,NO-Mask,Person,Safety Vest"
2026-02-09T23:18:49,False,"helmet,vest","Hardhat,NO-Hardhat,NO-Mask,Person,Safety Vest"
2026-02-09T23:18:49,False,"helmet,vest","Hardhat,NO-Hardhat,NO-Mask,Person,Safety Vest"
2026-02-09T23:18:49,False,"helmet,vest","Hardhat,NO-Hardhat,NO-Mask,Person,Safety Vest"
2026-02-09T23:18:49,False,"helmet,vest","Hardhat,NO-Hardhat,NO-Mask,Person,Safety Vest"
2026-02-09T23:18:50,False,"helmet,vest","Hardhat,NO-Hardhat,NO-Mask,Person,Safety Vest"
2026-02-09T23:18:50,False,"helmet,vest","Hardhat,NO-Hardhat,NO-Mask,Person,Safety Vest"
2026-02-09T23:18:50,False,"helmet,vest","Hardhat,NO-Hardhat,NO-Mask,Person,Safety Vest"
2026-02-09T23:18:50,False,"helmet,vest","Hardhat,NO-Hardhat,NO-Mask,NO-Safety Vest,Person,Safety Vest"
2026-02-09T23:18:50,False,"helmet,vest","Hardhat,NO-Hardhat,NO-Mask,Person,Safety Vest"
2026-02-09T23:18:50,False,"helmet,vest","Hardhat,NO-Hardhat,NO-Mask,Person,Safety Vest"
2026-02-09T23:18:50,False,"helmet,vest","Hardhat,NO-Hardhat,NO-Mask,Person,Safety Vest"
2026-02-09T23:18:50,False,"helmet,vest","Hardhat,NO-Hardhat,NO-Mask,Person,Safety Vest"
2026-02-09T23:18:50,False,"helmet,vest","Hardhat,NO-Hardhat,NO-Mask,Person,Safety Vest"
2026-02-09T23:18:50,False,"helmet,vest","Hardhat,NO-Hardhat,NO-Mask,Person,Safety Vest"
2026-02-09T23:18:50,False,"helmet,vest","Hardhat,NO-Hardhat,NO-Mask,Person,Safety Vest"
2026-02-09T23:18:50,False,"helmet,vest","Hardhat,NO-Hardhat,NO-Mask,Person,Safety Vest"
2026-02-09T23:18:50,False,"helmet,vest","Hardhat,Mask,NO-Hardhat,NO-Mask,Person,Safety Vest"
2026-02-09T23:18:50,False,"helmet,vest","Hardhat,NO-Hardhat,NO-Mask,Person,Safety Vest"
2026-02-09T23:18:50,False,"helmet,vest","Hardhat,NO-Hardhat,NO-Mask,Person,Safety Vest"
2026-02-09T23:18:51,False,"helmet,vest","Hardhat,Mask,NO-Hardhat,NO-Mask,Person,Safety Vest"
2026-02-09T23:18:51,False,"helmet,vest","Hardhat,Mask,NO-Hardhat,NO-Mask,Person,Safety Vest"
2026-02-09T23:18:51,False,"helmet,vest","Hardhat,Mask,NO-Hardhat,NO-Mask,Person,Safety Vest"
2026-02-09T23:18:51,False,"helmet,vest","Hardhat,Mask,NO-Hardhat,NO-Mask,Person,Safety Vest"
2026-02-09T23:18:51,False,"helmet,vest","Hardhat,Mask,NO-Hardhat,NO-Mask,Person,Safety Vest"
2026-02-09T23:18:51,False,"helmet,vest","Hardhat,Mask,NO-Hardhat,NO-Mask,Person,Safety Vest"
2026-02-09T23:18:51,False,"helmet,vest","Hardhat,NO-Hardhat,NO-Mask,Person,Safety Vest"
2026-02-09T23:18:51,False,"helmet,vest","Hardhat,NO-Hardhat,NO-Mask,Person,Safety Vest"
2026-02-09T23:18:51,False,"helmet,vest","Hardhat,NO-Hardhat,NO-Mask,Person,Safety Vest"
2026-02-09T23:18:51,False,"helmet,vest","Hardhat,Mask,NO-Hardhat,NO-Mask,Person,Safety Vest"
2026-02-09T23:18:51,False,"helmet,vest","Hardhat,Mask,NO-Hardhat,NO-Mask,Person,Safety Vest"
2026-02-09T23:18:51,False,"helmet,vest","Hardhat,NO-Hardhat,NO-Mask,Person,Safety Vest"
2026-02-09T23:18:51,False,"helmet,vest","Hardhat,Mask,NO-Hardhat,NO-Mask,Person,Safety Vest"
2026-02-09T23:18:51,False,"helmet,vest","Hardhat,NO-Hardhat,NO-Mask,Person,Safety Vest"
2026-02-09T23:18:52,False,"helmet,vest","Hardhat,Mask,NO-Hardhat,NO-Mask,Person,Safety Vest"
2026-02-09T23:18:52,False,"helmet,vest","Hardhat,Mask,NO-Hardhat,NO-Mask,Person,Safety Vest"
2026-02-09T23:18:52,False,"helmet,vest","Hardhat,NO-Hardhat,NO-Mask,Person,Safety Vest"
2026-02-09T23:18:52,False,"helmet,vest","Hardhat,NO-Hardhat,NO-Mask,Person,Safety Vest"
2026-02-09T23:18:52,False,"helmet,vest","Hardhat,NO-Hardhat,NO-Mask,Person,Safety Vest"
2026-02-09T23:18:52,False,"helmet,vest","Hardhat,Mask,NO-Hardhat,NO-Mask,Person,Safety Vest"
2026-02-09T23:18:52,False,"helmet,vest","Hardhat,Mask,NO-Hardhat,NO-Mask,Person,Safety Vest"
2026-02-09T23:18:52,False,"helmet,vest","Hardhat,Mask,NO-Hardhat,NO-Mask,Person,Safety Vest"
2026-02-09T23:18:52,False,"helmet,vest","Hardhat,Mask,NO-Hardhat,NO-Mask,Person,Safety Vest"
2026-02-09T23:18:52,False,"helmet,vest","Hardhat,Mask,NO-Hardhat,NO-Mask,Person,Safety Vest"
2026-02-09T23:18:52,False,"helmet,vest","Hardhat,Mask,NO-Hardhat,NO-Mask,Person,Safety Vest"
2026-02-09T23:18:52,False,"helmet,vest","Hardhat,Mask,NO-Hardhat,NO-Mask,Person,Safety Vest"
2026-02-09T23:18:52,False,"helmet,vest","Hardhat,Mask,NO-Hardhat,NO-Mask,Person,Safety Vest"
2026-02-09T23:18:52,False,"helmet,vest","Hardhat,Mask,NO-Hardhat,NO-Mask,Person,Safety Vest"
2026-02-09T23:18:52,False,"helmet,vest","Hardhat,NO-Hardhat,NO-Mask,Person,Safety Vest"
2026-02-09T23:18:52,False,"helmet,vest","Hardhat,NO-Hardhat,NO-Mask,Person,Safety Vest"
2026-02-09T23:18:53,False,"helmet,vest","Hardhat,Mask,NO-Hardhat,NO-Mask,Person,Safety Vest"
2026-02-09T23:18:53,False,"helmet,vest","Hardhat,Mask,NO-Hardhat,NO-Mask,Person,Safety Vest"
2026-02-09T23:18:53,False,"helmet,vest","Hardhat,Mask,NO-Hardhat,NO-Mask,Person,Safety Vest"
2026-02-09T23:18:53,False,"helmet,vest","Hardhat,Mask,NO-Hardhat,NO-Mask,Person,Safety Vest"
2026-02-09T23:18:53,False,"helmet,vest","Hardhat,NO-Hardhat,NO-Mask,Person,Safety Vest"
2026-02-09T23:18:53,False,"helmet,vest","Hardhat,Mask,NO-Hardhat,NO-Mask,Person,Safety Vest"
2026-02-09T23:18:53,False,"helmet,vest","Hardhat,NO-Hardhat,NO-Mask,Person,Safety Vest"
2026-02-09T23:18:53,False,"helmet,vest","Hardhat,NO-Hardhat,NO-Mask,Person,Safety Vest"
2026-02-09T23:18:53,False,"helmet,vest","Hardhat,NO-Hardhat,NO-Mask,Person,Safety Vest,machinery"
2026-02-09T23:18:53,False,"helmet,vest","Hardhat,NO-Hardhat,NO-Mask,Person,Safety Vest"
2026-02-09T23:18:53,False,"helmet,vest","Hardhat,NO-Hardhat,NO-Mask,Person,Safety Vest"
2026-02-09T23:18:53,False,"helmet,vest","Hardhat,NO-Hardhat,NO-Mask,Person,Safety Vest"
2026-02-09T23:18:53,False,"helmet,vest","Hardhat,NO-Hardhat,NO-Mask,Person,Safety Vest"
2026-02-09T23:18:53,False,"helmet,vest","Hardhat,NO-Hardhat,NO-Mask,Person,Safety Vest"
2026-02-09T23:18:54,False,"helmet,vest","Hardhat,NO-Hardhat,NO-Mask,Person,Safety Vest"
2026-02-09T23:18:54,False,"helmet,vest","Hardhat,NO-Hardhat,NO-Mask,Person,Safety Vest"
2026-02-09T23:18:54,False,"helmet,vest","Hardhat,NO-Hardhat,NO-Mask,Person,Safety Vest"
2026-02-09T23:18:54,False,"helmet,vest","Hardhat,NO-Hardhat,NO-Mask,Person,Safety Vest"
2026-02-09T23:18:54,False,"helmet,vest","Hardhat,NO-Hardhat,NO-Mask,Person,Safety Vest"
2026-02-09T23:18:54,False,"helmet,vest","Hardhat,NO-Hardhat,NO-Mask,Person,Safety Vest"
2026-02-09T23:18:54,False,"helmet,vest","Hardhat,NO-Hardhat,NO-Mask,Person,Safety Vest"
2026-02-09T23:18:54,False,"helmet,vest","Hardhat,NO-Hardhat,NO-Mask,Person,Safety Vest"
2026-02-09T23:18:54,False,"helmet,vest","Hardhat,NO-Hardhat,NO-Mask,Person,Safety Vest"
2026-02-09T23:18:54,False,"helmet,vest","Hardhat,NO-Hardhat,NO-Mask,Person,Safety Vest"
2026-02-09T23:18:54,False,"helmet,vest","Hardhat,NO-Hardhat,NO-Mask,Person,Safety Vest"
2026-02-09T23:18:54,False,"helmet,vest","Hardhat,NO-Hardhat,NO-Mask,Person,Safety Vest"
2026-02-09T23:18:54,False,"helmet,vest","Hardhat,NO-Hardhat,NO-Mask,Person,Safety Vest"
2026-02-09T23:18:54,False,"helmet,vest","Hardhat,NO-Hardhat,NO-Mask,Person,Safety Vest"
2026-02-09T23:18:54,False,"helmet,vest","Hardhat,NO-Hardhat,NO-Mask,Person,Safety Vest"
2026-02-09T23:18:55,False,"helmet,vest","Hardhat,NO-Hardhat,NO-Mask,Person,Safety Vest"
2026-02-09T23:18:55,False,"helmet,vest","Hardhat,NO-Hardhat,NO-Mask,Person,Safety Vest"
2026-02-09T23:18:55,False,"helmet,vest","Hardhat,NO-Hardhat,NO-Mask,Person,Safety Vest"
2026-02-09T23:18:55,False,"helmet,vest","Hardhat,NO-Hardhat,NO-Mask,Person,Safety Vest"
2026-02-09T23:18:55,False,"helmet,vest","Hardhat,NO-Hardhat,NO-Mask,Person,Safety Vest"
2026-02-09T23:18:55,False,"helmet,vest","Hardhat,NO-Hardhat,NO-Mask,Person,Safety Vest"
2026-02-09T23:18:55,False,"helmet,vest","Hardhat,NO-Hardhat,NO-Mask,Person,Safety Vest"
2026-02-09T23:18:55,False,"helmet,vest","Hardhat,NO-Hardhat,NO-Mask,Person,Safety Vest"
2026-02-09T23:18:55,False,"helmet,vest","Hardhat,NO-Hardhat,NO-Mask,Person,Safety Vest"
2026-02-09T23:18:55,False,"helmet,vest","Hardhat,NO-Hardhat,NO-Mask,Person,Safety Vest"
2026-02-09T23:18:55,False,"helmet,vest","Hardhat,NO-Hardhat,NO-Mask,Person,Safety Vest"
2026-02-09T23:18:55,False,"helmet,vest","Hardhat,Mask,NO-Hardhat,NO-Mask,Person,Safety Vest"
2026-02-09T23:18:55,False,"helmet,vest","Hardhat,NO-Hardhat,NO-Mask,Person,Safety Vest"
2026-02-09T23:18:55,False,"helmet,vest","Hardhat,NO-Hardhat,NO-Mask,Person,Safety Vest"
2026-02-09T23:18:55,False,"helmet,vest","Hardhat,NO-Hardhat,NO-Mask,Person,Safety Vest"
2026-02-09T23:18:56,False,"helmet,vest","Hardhat,NO-Hardhat,NO-Mask,Person,Safety Vest"
2026-02-09T23:18:56,False,"helmet,vest","Hardhat,NO-Hardhat,NO-Mask,Person,Safety Vest"
2026-02-09T23:18:56,False,"helmet,vest","Hardhat,NO-Hardhat,NO-Mask,Person,Safety Vest"
2026-02-09T23:18:56,False,"helmet,vest","Hardhat,NO-Hardhat,NO-Mask,Person,Safety Vest"
2026-02-09T23:18:56,False,"helmet,vest","Hardhat,NO-Hardhat,NO-Mask,Person,Safety Vest"
2026-02-09T23:18:56,False,"helmet,vest","Hardhat,NO-Hardhat,NO-Mask,Person,Safety Vest"
2026-02-09T23:18:56,False,"helmet,vest","Hardhat,NO-Hardhat,NO-Mask,Person,Safety Vest"
2026-02-09T23:18:56,False,"helmet,vest","Hardhat,NO-Hardhat,NO-Mask,Person,Safety Vest"
2026-02-09T23:18:56,False,"helmet,vest","Hardhat,NO-Hardhat,NO-Mask,Person,Safety Vest"
2026-02-09T23:18:56,False,"helmet,vest","Hardhat,NO-Hardhat,NO-Mask,Person,Safety Vest"
2026-02-09T23:18:56,False,"helmet,vest","Hardhat,NO-Hardhat,NO-Mask,Person,Safety Vest"
2026-02-09T23:18:56,False,"helmet,vest","Hardhat,NO-Hardhat,NO-Mask,Person,Safety Vest"
2026-02-09T23:18:56,False,"helmet,vest","Hardhat,NO-Hardhat,NO-Mask,Person,Safety Vest"
2026-02-09T23:18:56,False,"helmet,vest","Hardhat,NO-Hardhat,NO-Mask,Person,Safety Vest"
2026-02-09T23:18:56,False,"helmet,vest","Hardhat,NO-Hardhat,NO-Mask,Person,Safety Vest"
2026-02-09T23:18:57,False,"helmet,vest","Hardhat,NO-Hardhat,NO-Mask,Person,Safety Vest"
2026-02-09T23:18:57,False,"helmet,vest","Hardhat,NO-Hardhat,NO-Mask,Person,Safety Vest"
2026-02-09T23:18:57,False,"helmet,vest","Hardhat,NO-Hardhat,NO-Mask,Person,Safety Vest"
2026-02-09T23:18:57,False,"helmet,vest","Hardhat,NO-Hardhat,NO-Mask,Person,Safety Vest"
2026-02-09T23:18:57,False,"helmet,vest","Hardhat,NO-Hardhat,NO-Mask,Person,Safety Vest"
2026-02-09T23:18:57,False,"helmet,vest","Hardhat,NO-Hardhat,NO-Mask,Person,Safety Vest"
2026-02-09T23:18:57,False,"helmet,vest","Hardhat,NO-Hardhat,NO-Mask,Person,Safety Vest"
2026-02-09T23:18:57,False,"helmet,vest","Hardhat,NO-Hardhat,NO-Mask,Person,Safety Vest"
2026-02-09T23:18:57,False,"helmet,vest","Hardhat,NO-Hardhat,NO-Mask,Person,Safety Vest"
2026-02-09T23:18:57,False,"helmet,vest","Hardhat,NO-Hardhat,NO-Mask,Person,Safety Vest"
2026-02-09T23:18:57,False,"helmet,vest","Hardhat,NO-Hardhat,NO-Mask,Person,Safety Vest"
2026-02-09T23:18:57,False,"helmet,vest","Hardhat,NO-Hardhat,NO-Mask,Person,Safety Vest"
2026-02-09T23:18:57,False,"helmet,vest","Hardhat,NO-Hardhat,NO-Mask,Person,Safety Vest"
2026-02-09T23:18:57,False,"helmet,vest","Hardhat,NO-Hardhat,NO-Mask,Person,Safety Vest"
2026-02-09T23:18:57,False,"helmet,vest","Hardhat,NO-Hardhat,NO-Mask,Person,Safety Vest"
2026-02-09T23:18:58,False,"helmet,vest","Hardhat,NO-Hardhat,NO-Mask,Person,Safety Vest"
2026-02-09T23:18:58,False,"helmet,vest","Hardhat,NO-Hardhat,NO-Mask,Person,Safety Vest"
2026-02-09T23:18:58,False,"helmet,vest","Hardhat,NO-Hardhat,NO-Mask,Person,Safety Vest"
2026-02-09T23:18:58,False,"helmet,vest","Hardhat,NO-Hardhat,NO-Mask,Person,Safety Vest"
2026-02-09T23:18:58,False,"helmet,vest","Hardhat,NO-Hardhat,NO-Mask,Person,Safety Vest"
2026-02-09T23:18:58,False,"helmet,vest","Hardhat,NO-Hardhat,NO-Mask,Person,Safety Vest"
2026-02-09T23:18:58,False,"helmet,vest","Hardhat,NO-Hardhat,NO-Mask,Person,Safety Vest"
2026-02-09T23:18:58,False,"helmet,vest","Hardhat,NO-Hardhat,NO-Mask,Person,Safety Vest"
2026-02-09T23:18:58,False,"helmet,vest","Hardhat,NO-Hardhat,NO-Mask,Person,Safety Vest"
2026-02-09T23:18:58,False,"helmet,vest","Hardhat,NO-Hardhat,NO-Mask,Person,Safety Vest"
2026-02-09T23:18:58,False,"helmet,vest","Hardhat,NO-Hardhat,NO-Mask,Person,Safety Vest"
2026-02-09T23:18:58,False,"helmet,vest","Hardhat,NO-Hardhat,NO-Mask,Person,Safety Vest"
2026-02-09T23:18:58,False,"helmet,vest","Hardhat,NO-Hardhat,NO-Mask,Person,Safety Vest"
2026-02-09T23:18:58,False,"helmet,vest","Hardhat,NO-Hardhat,NO-Mask,Person,Safety Vest"
2026-02-09T23:18:59,False,"helmet,vest","Hardhat,NO-Hardhat,NO-Mask,Person,Safety Vest"
2026-02-09T23:18:59,False,"helmet,vest","Hardhat,NO-Hardhat,NO-Mask,Person,Safety Vest"
2026-02-09T23:18:59,False,"helmet,vest","Hardhat,NO-Hardhat,NO-Mask,Person,Safety Vest"
2026-02-09T23:18:59,False,"helmet,vest","Hardhat,NO-Hardhat,NO-Mask,Person,Safety Vest"
2026-02-09T23:18:59,False,"helmet,vest","Hardhat,NO-Hardhat,NO-Mask,Person,Safety Vest"
2026-02-09T23:18:59,False,"helmet,vest","Hardhat,NO-Hardhat,NO-Mask,Person,Safety Vest"
2026-02-09T23:18:59,False,"helmet,vest","Hardhat,NO-Hardhat,NO-Mask,Person,Safety Vest"
2026-02-09T23:18:59,False,"helmet,vest","Hardhat,NO-Hardhat,NO-Mask,Person,Safety Vest"
2026-02-09T23:18:59,False,"helmet,vest","Hardhat,NO-Hardhat,NO-Mask,Person,Safety Vest"
2026-02-09T23:18:59,False,"helmet,vest","Hardhat,NO-Hardhat,NO-Mask,Person,Safety Vest"
2026-02-09T23:18:59,False,"helmet,vest","Hardhat,NO-Hardhat,NO-Mask,Person,Safety Vest"
2026-02-09T23:18:59,False,"helmet,vest","Hardhat,NO-Hardhat,NO-Mask,Person,Safety Vest"
2026-02-09T23:18:59,False,"helmet,vest","Hardhat,NO-Hardhat,NO-Mask,Person,Safety Vest"
2026-02-09T23:18:59,False,"helmet,vest","Hardhat,NO-Hardhat,NO-Mask,Person,Safety Vest"
2026-02-09T23:19:00,False,"helmet,vest","Hardhat,NO-Hardhat,NO-Mask,Person,Safety Vest"
2026-02-09T23:19:00,False,"helmet,vest","Hardhat,NO-Hardhat,NO-Mask,Person,Safety Vest"
2026-02-09T23:19:00,False,"helmet,vest","Hardhat,NO-Hardhat,NO-Mask,Person,Safety Vest"
2026-02-09T23:19:00,False,"helmet,vest","Hardhat,NO-Hardhat,NO-Mask,Person,Safety Vest"
2026-02-09T23:19:00,False,"helmet,vest","Hardhat,NO-Hardhat,NO-Mask,Person,Safety Vest"
2026-02-09T23:19:00,False,"helmet,vest","Hardhat,NO-Hardhat,NO-Mask,Person,Safety Vest"
2026-02-09T23:19:00,False,"helmet,vest","Hardhat,NO-Hardhat,NO-Mask,Person,Safety Vest"
2026-02-09T23:19:00,False,"helmet,vest","Hardhat,NO-Hardhat,NO-Mask,Person,Safety Vest"
2026-02-09T23:19:00,False,"helmet,vest","Hardhat,NO-Hardhat,NO-Mask,Person,Safety Vest"
2026-02-09T23:19:00,False,"helmet,vest","Hardhat,NO-Hardhat,NO-Mask,Person,Safety Vest"
2026-02-09T23:19:00,False,"helmet,vest","Hardhat,NO-Hardhat,NO-Mask,Person,Safety Vest"
2026-02-09T23:19:00,False,"helmet,vest","Hardhat,NO-Hardhat,NO-Mask,Person,Safety Vest"
2026-02-09T23:19:00,False,"helmet,vest","Hardhat,NO-Hardhat,NO-Mask,Person,Safety Vest"
2026-02-09T23:19:00,False,"helmet,vest","Hardhat,NO-Hardhat,NO-Mask,Person,Safety Vest"
2026-02-09T23:19:00,False,"helmet,vest","Hardhat,NO-Hardhat,NO-Mask,Person,Safety Vest"
2026-02-09T23:19:01,False,"helmet,vest","Hardhat,NO-Hardhat,NO-Mask,Person,Safety Vest"
2026-02-09T23:19:01,False,"helmet,vest","Hardhat,NO-Hardhat,NO-Mask,Person,Safety Vest"
2026-02-09T23:19:01,False,"helmet,vest","Hardhat,NO-Hardhat,NO-Mask,Person,Safety Vest"
2026-02-09T23:19:01,False,"helmet,vest","Hardhat,NO-Hardhat,NO-Mask,Person,Safety Vest"
2026-02-09T23:19:01,False,"helmet,vest","Hardhat,Mask,NO-Hardhat,NO-Mask,Person,Safety Vest"
2026-02-09T23:19:01,False,"helmet,vest","Hardhat,NO-Hardhat,NO-Mask,Person,Safety Vest"
2026-02-09T23:19:01,False,"helmet,vest","Hardhat,NO-Hardhat,NO-Mask,Person,Safety Vest"
2026-02-09T23:19:01,False,"helmet,vest","Hardhat,NO-Hardhat,NO-Mask,Person,Safety Vest"
2026-02-09T23:19:01,False,"helmet,vest","Hardhat,NO-Hardhat,NO-Mask,Person,Safety Vest"
2026-02-09T23:19:01,False,"helmet,vest","Hardhat,NO-Hardhat,NO-Mask,Person,Safety Vest"
2026-02-09T23:19:01,False,"helmet,vest","Hardhat,NO-Hardhat,NO-Mask,Person,Safety Vest"
2026-02-09T23:19:01,False,"helmet,vest","Hardhat,NO-Hardhat,NO-Mask,Person,Safety Vest"
2026-02-09T23:19:01,False,"helmet,vest","Hardhat,NO-Hardhat,NO-Mask,Person,Safety Vest"
2026-02-09T23:19:01,False,"helmet,vest","Hardhat,NO-Hardhat,NO-Mask,Person,Safety Vest"
2026-02-09T23:19:02,False,"helmet,vest","Hardhat,NO-Hardhat,NO-Mask,Person,Safety Vest"
2026-02-09T23:19:02,False,"helmet,vest","Hardhat,NO-Hardhat,NO-Mask,Person,Safety Vest"
2026-02-09T23:19:02,False,"helmet,vest","Hardhat,NO-Hardhat,NO-Mask,Person,Safety Vest"
2026-02-09T23:19:02,False,"helmet,vest","Hardhat,NO-Hardhat,NO-Mask,Person,Safety Vest"
2026-02-09T23:19:02,False,"helmet,vest","Hardhat,NO-Hardhat,NO-Mask,Person,Safety Vest"
2026-02-09T23:19:02,False,"helmet,vest","Hardhat,NO-Hardhat,NO-Mask,Person,Safety Vest"
2026-02-09T23:19:02,False,"helmet,vest","Hardhat,NO-Hardhat,NO-Mask,Person,Safety Vest"
2026-02-09T23:19:02,False,"helmet,vest","Hardhat,NO-Hardhat,NO-Mask,NO-Safety Vest,Person,Safety Vest"
2026-02-09T23:19:02,False,"helmet,vest","Hardhat,NO-Hardhat,NO-Mask,NO-Safety Vest,Person,Safety Vest"
2026-02-09T23:19:02,False,"helmet,vest","Hardhat,NO-Hardhat,NO-Mask,NO-Safety Vest,Person,Safety Vest"
2026-02-09T23:19:02,False,"helmet,vest","Hardhat,NO-Hardhat,NO-Mask,Person,Safety Vest"
2026-02-09T23:19:02,False,"helmet,vest","Hardhat,NO-Hardhat,NO-Mask,Person,Safety Vest"
2026-02-09T23:19:02,False,"helmet,vest","Hardhat,NO-Hardhat,NO-Mask,Person,Safety Vest"
2026-02-09T23:19:02,False,"helmet,vest","Hardhat,NO-Hardhat,NO-Mask,Person,Safety Vest"
2026-02-09T23:19:02,False,"helmet,vest","Hardhat,NO-Hardhat,NO-Mask,Person,Safety Vest"
2026-02-09T23:19:03,False,"helmet,vest","Hardhat,NO-Hardhat,NO-Mask,Person,Safety Vest"
2026-02-09T23:19:03,False,"helmet,vest","Hardhat,NO-Hardhat,NO-Mask,Person,Safety Vest"
2026-02-09T23:19:03,False,"helmet,vest","Hardhat,NO-Hardhat,NO-Mask,Person,Safety Vest"
2026-02-09T23:19:03,False,"helmet,vest","Hardhat,NO-Hardhat,NO-Mask,Person,Safety Vest"
2026-02-09T23:19:03,False,"helmet,vest","Hardhat,NO-Hardhat,NO-Mask,Person,Safety Vest"
2026-02-09T23:19:03,False,"helmet,vest","Hardhat,NO-Hardhat,NO-Mask,Person,Safety Vest"
2026-02-09T23:19:03,False,"helmet,vest","Hardhat,NO-Hardhat,NO-Mask,Person,Safety Vest"
2026-02-09T23:19:03,False,"helmet,vest","Hardhat,NO-Hardhat,NO-Mask,Person,Safety Vest"
2026-02-09T23:19:03,False,"helmet,vest","Hardhat,NO-Hardhat,NO-Mask,Person,Safety Vest"
2026-02-09T23:19:03,False,"helmet,vest","Hardhat,NO-Hardhat,NO-Mask,Person,Safety Vest"
2026-02-09T23:19:03,False,"helmet,vest","Hardhat,NO-Hardhat,NO-Mask,Person,Safety Vest"
2026-02-09T23:19:03,False,"helmet,vest","Hardhat,NO-Hardhat,NO-Mask,Person,Safety Vest"
2026-02-09T23:19:03,False,"helmet,vest","Hardhat,NO-Hardhat,NO-Mask,Person,Safety Vest"
2026-02-09T23:19:03,False,"helmet,vest","Hardhat,NO-Hardhat,NO-Mask,Person,Safety Vest"
2026-02-09T23:19:03,False,"helmet,vest","Hardhat,NO-Hardhat,NO-Mask,Person,Safety Vest"
2026-02-09T23:19:04,False,"helmet,vest","Hardhat,NO-Hardhat,NO-Mask,Person,Safety Vest"
2026-02-09T23:19:04,False,"helmet,vest","Hardhat,NO-Hardhat,NO-Mask,Person,Safety Vest"
2026-02-09T23:19:04,False,"helmet,vest","Hardhat,NO-Hardhat,NO-Mask,Person,Safety Vest"
2026-02-09T23:19:04,False,"helmet,vest","Hardhat,NO-Hardhat,NO-Mask,Person,Safety Vest"
2026-02-09T23:19:04,False,"helmet,vest","Hardhat,NO-Hardhat,NO-Mask,NO-Safety Vest,Person,Safety Vest"
2026-02-09T23:19:04,False,"helmet,vest","Hardhat,NO-Hardhat,NO-Mask,Person,Safety Vest"
2026-02-09T23:19:04,False,"helmet,vest","Hardhat,NO-Hardhat,NO-Mask,Person,Safety Vest"
2026-02-09T23:19:04,False,"helmet,vest","Hardhat,NO-Hardhat,NO-Mask,Person,Safety Vest"
2026-02-09T23:19:04,False,"helmet,vest","Hardhat,NO-Hardhat,NO-Mask,Person,Safety Vest"
2026-02-09T23:19:04,False,"helmet,vest","Hardhat,NO-Hardhat,NO-Mask,NO-Safety Vest,Person,Safety Vest"
2026-02-09T23:19:04,False,"helmet,vest","Hardhat,NO-Hardhat,NO-Mask,Person,Safety Vest"
2026-02-09T23:19:04,False,"helmet,vest","Hardhat,NO-Hardhat,NO-Mask,Person,Safety Vest"
2026-02-09T23:19:04,False,"helmet,vest","Hardhat,NO-Hardhat,NO-Mask,Person,Safety Vest"
2026-02-09T23:19:04,False,"helmet,vest","Hardhat,NO-Hardhat,NO-Mask,Person,Safety Vest"
2026-02-09T23:19:05,False,"helmet,vest","Hardhat,NO-Hardhat,NO-Mask,Person,Safety Vest"
2026-02-09T23:19:05,False,"helmet,vest","Hardhat,NO-Hardhat,NO-Mask,Person,Safety Vest"
2026-02-09T23:19:05,False,"helmet,vest","Hardhat,NO-Hardhat,NO-Mask,NO-Safety Vest,Person,Safety Vest"
2026-02-09T23:19:05,False,"helmet,vest","Hardhat,NO-Hardhat,NO-Mask,Person,Safety Vest"
2026-02-09T23:19:05,False,"helmet,vest","Hardhat,NO-Hardhat,NO-Mask,Person,Safety Vest"
2026-02-09T23:19:05,False,"helmet,vest","Hardhat,NO-Hardhat,NO-Mask,Person,Safety Vest"
2026-02-09T23:19:05,False,"helmet,vest","Hardhat,NO-Hardhat,NO-Mask,Person,Safety Vest"
2026-02-09T23:19:05,False,"helmet,vest","Hardhat,NO-Hardhat,NO-Mask,Person,Safety Vest"
2026-02-09T23:19:05,False,"helmet,vest","Hardhat,NO-Hardhat,NO-Mask,Person,Safety Vest"
2026-02-09T23:19:05,False,"helmet,vest","Hardhat,NO-Hardhat,NO-Mask,Person,Safety Vest"
2026-02-09T23:19:05,False,"helmet,vest","Hardhat,NO-Hardhat,NO-Mask,Person,Safety Vest"
2026-02-09T23:19:05,False,"helmet,vest","Hardhat,NO-Hardhat,NO-Mask,Person,Safety Vest"
2026-02-09T23:19:05,False,"helmet,vest","Hardhat,NO-Hardhat,NO-Mask,Person,Safety Vest"
2026-02-09T23:19:05,False,"helmet,vest","Hardhat,NO-Hardhat,NO-Mask,Person,Safety Vest"
2026-02-09T23:19:06,False,"helmet,vest","Hardhat,NO-Hardhat,NO-Mask,Person,Safety Vest"
2026-02-09T23:19:06,False,"helmet,vest","Hardhat,NO-Hardhat,NO-Mask,Person,Safety Vest"
2026-02-09T23:19:06,False,"helmet,vest","Hardhat,NO-Hardhat,NO-Mask,Person,Safety Vest"
2026-02-09T23:19:06,False,"helmet,vest","Hardhat,NO-Hardhat,NO-Mask,Person,Safety Vest"
2026-02-09T23:19:06,False,"helmet,vest","Hardhat,NO-Hardhat,NO-Mask,Person,Safety Vest"
2026-02-09T23:19:06,False,"helmet,vest","Hardhat,NO-Hardhat,NO-Mask,Person,Safety Vest"
2026-02-09T23:19:06,False,"helmet,vest","Hardhat,NO-Hardhat,NO-Mask,Person,Safety Vest"
2026-02-09T23:19:06,False,"helmet,vest","Hardhat,NO-Hardhat,NO-Mask,Person,Safety Vest"
2026-02-09T23:19:06,False,"helmet,vest","Hardhat,NO-Hardhat,NO-Mask,Person,Safety Vest"
2026-02-09T23:19:06,False,"helmet,vest","Hardhat,NO-Hardhat,NO-Mask,Person,Safety Vest"
2026-02-09T23:19:06,False,"helmet,vest","Hardhat,NO-Hardhat,NO-Mask,Person,Safety Vest"
2026-02-09T23:19:06,False,"helmet,vest","Hardhat,NO-Hardhat,NO-Mask,Person,Safety Vest"
2026-02-09T23:19:06,False,"helmet,vest","Hardhat,NO-Hardhat,NO-Mask,Person,Safety Vest"
2026-02-09T23:19:06,False,"helmet,vest","Hardhat,NO-Hardhat,NO-Mask,Person,Safety Vest"
2026-02-09T23:19:06,False,"helmet,vest","Hardhat,NO-Hardhat,NO-Mask,Person,Safety Vest"
2026-02-09T23:19:07,False,"helmet,vest","Hardhat,NO-Hardhat,NO-Mask,Person,Safety Vest"
2026-02-09T23:19:07,False,"helmet,vest","Hardhat,NO-Hardhat,NO-Mask,NO-Safety Vest,Person,Safety Vest"
2026-02-09T23:19:07,False,"helmet,vest","Hardhat,NO-Hardhat,NO-Mask,NO-Safety Vest,Person,Safety Vest"
2026-02-09T23:19:07,False,"helmet,vest","Hardhat,NO-Hardhat,NO-Mask,Person,Safety Vest"
2026-02-09T23:19:07,False,"helmet,vest","Hardhat,NO-Hardhat,NO-Mask,Person,Safety Vest"
2026-02-09T23:19:07,False,"helmet,vest","Hardhat,NO-Hardhat,NO-Mask,Person,Safety Vest"
2026-02-09T23:19:07,False,"helmet,vest","Hardhat,NO-Hardhat,NO-Mask,NO-Safety Vest,Person,Safety Vest"
2026-02-09T23:19:07,False,"helmet,vest","Hardhat,NO-Hardhat,NO-Mask,NO-Safety Vest,Person,Safety Vest"
2026-02-09T23:19:07,False,"helmet,vest","Hardhat,NO-Hardhat,NO-Mask,NO-Safety Vest,Person,Safety Vest"
2026-02-09T23:19:07,False,"helmet,vest","Hardhat,NO-Hardhat,NO-Mask,NO-Safety Vest,Person,Safety Vest"
2026-02-09T23:19:07,False,"helmet,vest","Hardhat,NO-Hardhat,NO-Mask,Person,Safety Vest"
2026-02-09T23:19:07,False,"helmet,vest","Hardhat,NO-Hardhat,NO-Mask,Person,Safety Vest"
2026-02-09T23:19:07,False,"helmet,vest","Hardhat,NO-Hardhat,NO-Mask,Person,Safety Vest"
2026-02-09T23:19:07,False,"helmet,vest","Hardhat,NO-Hardhat,NO-Mask,NO-Safety Vest,Person,Safety Vest"
2026-02-09T23:19:08,False,"helmet,vest","Hardhat,NO-Hardhat,NO-Mask,Person,Safety Vest"
2026-02-09T23:19:08,False,"helmet,vest","Hardhat,NO-Hardhat,NO-Mask,Person,Safety Vest"
2026-02-09T23:19:08,False,"helmet,vest","Hardhat,NO-Hardhat,NO-Mask,Person,Safety Vest"
2026-02-09T23:19:08,False,"helmet,vest","Hardhat,NO-Hardhat,NO-Mask,Person,Safety Vest"
2026-02-09T23:19:08,False,"helmet,vest","Hardhat,NO-Hardhat,NO-Mask,Person,Safety Vest"
2026-02-09T23:19:08,False,"helmet,vest","Hardhat,NO-Hardhat,NO-Mask,Person,Safety Vest"
2026-02-09T23:19:08,False,"helmet,vest","Hardhat,NO-Hardhat,NO-Mask,Person,Safety Vest"
2026-02-09T23:19:08,False,"helmet,vest","Hardhat,NO-Hardhat,NO-Mask,Person,Safety Vest"
2026-02-09T23:19:08,False,"helmet,vest","Hardhat,NO-Hardhat,NO-Mask,Person,Safety Vest"
2026-02-09T23:19:08,False,"helmet,vest","Hardhat,NO-Hardhat,NO-Mask,Person,Safety Vest"
2026-02-09T23:19:08,False,"helmet,vest","Hardhat,NO-Hardhat,NO-Mask,Person,Safety Vest"
2026-02-09T23:19:08,False,"helmet,vest","Hardhat,NO-Hardhat,NO-Mask,Person,Safety Vest"
2026-02-09T23:19:08,False,"helmet,vest","Hardhat,NO-Hardhat,NO-Mask,Person,Safety Vest"
2026-02-09T23:19:08,False,"helmet,vest","Hardhat,NO-Hardhat,NO-Mask,Person,Safety Vest"
2026-02-09T23:19:08,False,"helmet,vest","Hardhat,NO-Hardhat,NO-Mask,Person,Safety Vest"
2026-02-09T23:19:09,False,"helmet,vest","Hardhat,NO-Hardhat,NO-Mask,Person,Safety Vest"
2026-02-09T23:19:09,False,"helmet,vest","Hardhat,NO-Hardhat,NO-Mask,Person,Safety Vest"
2026-02-09T23:19:09,False,"helmet,vest","Hardhat,NO-Hardhat,NO-Mask,Person,Safety Vest"
2026-02-09T23:19:09,False,"helmet,vest","Hardhat,NO-Hardhat,NO-Mask,Person,Safety Vest"
2026-02-09T23:19:09,False,"helmet,vest","Hardhat,NO-Hardhat,NO-Mask,Person,Safety Vest"
2026-02-09T23:19:09,False,"helmet,vest","Hardhat,NO-Hardhat,NO-Mask,Person,Safety Vest"
2026-02-09T23:19:09,False,"helmet,vest","Hardhat,NO-Hardhat,NO-Mask,Person,Safety Vest"
2026-02-09T23:19:09,False,"helmet,vest","Hardhat,NO-Hardhat,NO-Mask,Person,Safety Vest"
2026-02-09T23:19:09,False,"helmet,vest","Hardhat,NO-Hardhat,NO-Mask,Person,Safety Vest"
2026-02-09T23:19:09,False,"helmet,vest","Hardhat,NO-Hardhat,NO-Mask,Person,Safety Vest"
2026-02-09T23:19:09,False,"helmet,vest","Hardhat,NO-Hardhat,NO-Mask,Person,Safety Vest"
2026-02-09T23:19:09,False,"helmet,vest","Hardhat,NO-Hardhat,NO-Mask,Person,Safety Vest"
2026-02-09T23:19:09,False,"helmet,vest","Hardhat,NO-Hardhat,NO-Mask,Person,Safety Vest"
2026-02-09T23:19:09,False,"helmet,vest","Hardhat,NO-Hardhat,NO-Mask,Person,Safety Vest"
2026-02-09T23:19:09,False,"helmet,vest","Hardhat,NO-Hardhat,NO-Mask,Person,Safety Vest"
2026-02-09T23:19:10,False,"helmet,vest","Hardhat,NO-Hardhat,NO-Mask,Person,Safety Vest"
2026-02-09T23:19:10,False,"helmet,vest","Hardhat,NO-Hardhat,NO-Mask,Person,Safety Vest"
2026-02-09T23:19:10,False,"helmet,vest","Hardhat,NO-Hardhat,NO-Mask,Person,Safety Vest"
2026-02-09T23:19:10,False,"helmet,vest","Hardhat,NO-Hardhat,NO-Mask,Person,Safety Vest"
2026-02-09T23:19:10,False,"helmet,vest","Hardhat,NO-Hardhat,NO-Mask,Person,Safety Vest"
2026-02-09T23:19:10,False,"helmet,vest","Hardhat,NO-Hardhat,NO-Mask,Person,Safety Vest"
2026-02-09T23:19:10,False,"helmet,vest","Hardhat,NO-Hardhat,NO-Mask,Person,Safety Vest"
2026-02-09T23:19:10,False,"helmet,vest","Hardhat,NO-Hardhat,NO-Mask,Person,Safety Vest"
2026-02-09T23:19:10,False,"helmet,vest","Hardhat,NO-Hardhat,NO-Mask,Person,Safety Vest"
2026-02-09T23:19:10,False,"helmet,vest","Hardhat,NO-Hardhat,NO-Mask,Person,Safety Vest"
2026-02-09T23:19:10,False,"helmet,vest","Hardhat,NO-Hardhat,NO-Mask,Person,Safety Vest"
2026-02-09T23:19:10,False,"helmet,vest","Hardhat,NO-Hardhat,NO-Mask,Person,Safety Vest"
2026-02-09T23:19:10,False,"helmet,vest","Hardhat,NO-Hardhat,NO-Mask,Person,Safety Vest"
2026-02-09T23:19:10,False,"helmet,vest","Hardhat,NO-Hardhat,NO-Mask,Person,Safety Vest"
2026-02-09T23:19:11,False,"helmet,vest","Hardhat,NO-Hardhat,NO-Mask,Person,Safety Vest"
2026-02-09T23:19:11,False,"helmet,vest","Hardhat,NO-Hardhat,NO-Mask,Person,Safety Vest"
2026-02-09T23:19:11,False,"helmet,vest","Hardhat,NO-Hardhat,NO-Mask,Person,Safety Vest"
2026-02-09T23:19:11,False,"helmet,vest","Hardhat,NO-Hardhat,NO-Mask,Person,Safety Vest"
2026-02-09T23:19:11,False,"helmet,vest","Hardhat,NO-Hardhat,NO-Mask,Person,Safety Vest"
2026-02-09T23:19:11,False,"helmet,vest","Hardhat,NO-Hardhat,NO-Mask,Person,Safety Vest"
2026-02-09T23:19:11,False,"helmet,vest","Hardhat,NO-Hardhat,NO-Mask,Person,Safety Vest"
2026-02-09T23:19:11,False,"helmet,vest","Hardhat,NO-Hardhat,NO-Mask,Person,Safety Vest"
2026-02-09T23:19:11,False,"helmet,vest","Hardhat,NO-Hardhat,NO-Mask,Person,Safety Vest"
2026-02-09T23:19:11,False,"helmet,vest","Hardhat,NO-Hardhat,NO-Mask,Person,Safety Vest"
2026-02-09T23:19:11,False,"helmet,vest","Hardhat,NO-Hardhat,NO-Mask,Person,Safety Vest"
2026-02-09T23:19:11,False,"helmet,vest","Hardhat,NO-Hardhat,NO-Mask,Person,Safety Vest"
2026-02-09T23:19:11,False,"helmet,vest","Hardhat,NO-Hardhat,NO-Mask,Person,Safety Vest"
2026-02-09T23:19:11,False,"helmet,vest","Hardhat,NO-Hardhat,NO-Mask,Person,Safety Vest"
2026-02-09T23:19:11,False,"helmet,vest","Hardhat,NO-Hardhat,NO-Mask,Person,Safety Vest"
2026-02-09T23:19:12,False,"helmet,vest","Hardhat,NO-Hardhat,NO-Mask,Person,Safety Vest"
2026-02-09T23:19:12,False,"helmet,vest","Hardhat,NO-Hardhat,NO-Mask,Person,Safety Vest"
2026-02-09T23:19:12,False,"helmet,vest","Hardhat,NO-Hardhat,NO-Mask,Person,Safety Vest"
2026-02-09T23:19:12,False,"helmet,vest","Hardhat,NO-Hardhat,NO-Mask,Person,Safety Vest"
2026-02-09T23:19:12,False,"helmet,vest","Hardhat,NO-Hardhat,NO-Mask,Person,Safety Vest"
2026-02-09T23:19:12,False,"helmet,vest","Hardhat,NO-Hardhat,NO-Mask,Person,Safety Vest"
2026-02-09T23:19:12,False,"helmet,vest","Hardhat,NO-Hardhat,NO-Mask,Person,Safety Vest"
2026-02-09T23:19:12,False,"helmet,vest","Hardhat,NO-Hardhat,NO-Mask,Person,Safety Vest"
2026-02-09T23:19:12,False,"helmet,vest","Hardhat,NO-Hardhat,NO-Mask,Person,Safety Vest"
2026-02-09T23:19:12,False,"helmet,vest","Hardhat,NO-Hardhat,NO-Mask,Person,Safety Vest"
2026-02-09T23:19:12,False,"helmet,vest","Hardhat,NO-Hardhat,NO-Mask,Person,Safety Vest"
2026-02-09T23:19:12,False,"helmet,vest","Hardhat,NO-Hardhat,NO-Mask,Person,Safety Vest"
2026-02-09T23:19:12,False,"helmet,vest","Hardhat,NO-Hardhat,NO-Mask,Person,Safety Vest"
2026-02-09T23:19:12,False,"helmet,vest","Hardhat,NO-Hardhat,NO-Mask,Person,Safety Vest"
2026-02-09T23:19:12,False,"helmet,vest","Hardhat,NO-Hardhat,NO-Mask,Person,Safety Vest"
2026-02-09T23:19:13,False,"helmet,vest","Hardhat,NO-Hardhat,NO-Mask,Person,Safety Vest"
2026-02-09T23:19:13,False,"helmet,vest","Hardhat,NO-Hardhat,NO-Mask,Person,Safety Vest"
2026-02-09T23:19:13,False,"helmet,vest","Hardhat,NO-Hardhat,NO-Mask,Person,Safety Vest"
2026-02-09T23:19:13,False,"helmet,vest","Hardhat,NO-Hardhat,NO-Mask,Person,Safety Vest"
2026-02-09T23:19:13,False,"helmet,vest","Hardhat,NO-Hardhat,NO-Mask,Person,Safety Vest"
2026-02-09T23:19:13,False,"helmet,vest","Hardhat,NO-Hardhat,NO-Mask,Person,Safety Vest"
2026-02-09T23:19:13,False,"helmet,vest","Hardhat,NO-Hardhat,NO-Mask,Person,Safety Vest"
2026-02-09T23:19:13,False,"helmet,vest","Hardhat,NO-Hardhat,NO-Mask,Person,Safety Vest"
2026-02-09T23:19:13,False,"helmet,vest","Hardhat,NO-Hardhat,NO-Mask,Person,Safety Vest"
2026-02-09T23:19:13,False,"helmet,vest","Hardhat,NO-Hardhat,NO-Mask,Person,Safety Vest"
2026-02-09T23:19:13,False,"helmet,vest","Hardhat,NO-Hardhat,NO-Mask,Person,Safety Vest"
2026-02-09T23:19:13,False,"helmet,vest","Hardhat,NO-Hardhat,NO-Mask,Person,Safety Vest"
2026-02-09T23:19:13,False,"helmet,vest","Hardhat,NO-Hardhat,NO-Mask,Person,Safety Vest"
2026-02-09T23:19:13,False,"helmet,vest","Hardhat,NO-Hardhat,NO-Mask,Person,Safety Vest"
2026-02-09T23:19:13,False,"helmet,vest","Hardhat,NO-Hardhat,NO-Mask,Person,Safety Vest"
2026-02-09T23:19:14,False,"helmet,vest","Hardhat,NO-Hardhat,NO-Mask,Person,Safety Vest"
2026-02-09T23:19:14,False,"helmet,vest","Hardhat,NO-Hardhat,NO-Mask,Person,Safety Vest"
2026-02-09T23:19:14,False,"helmet,vest","Hardhat,NO-Hardhat,NO-Mask,Person,Safety Vest"
2026-02-09T23:19:14,False,"helmet,vest","Hardhat,NO-Hardhat,NO-Mask,Person,Safety Vest"
2026-02-09T23:19:14,False,"helmet,vest","Hardhat,NO-Hardhat,NO-Mask,Person,Safety Vest"
2026-02-09T23:19:14,False,"helmet,vest","Hardhat,NO-Hardhat,NO-Mask,Person,Safety Vest"
2026-02-09T23:19:14,False,"helmet,vest","Hardhat,NO-Hardhat,NO-Mask,Person,Safety Vest"
2026-02-09T23:19:14,False,"helmet,vest","Hardhat,NO-Hardhat,NO-Mask,Person,Safety Vest"
2026-02-09T23:19:14,False,"helmet,vest","Hardhat,NO-Hardhat,NO-Mask,Person,Safety Vest"
2026-02-09T23:19:14,False,"helmet,vest","Hardhat,NO-Hardhat,NO-Mask,Person,Safety Vest"
2026-02-09T23:19:14,False,"helmet,vest","Hardhat,NO-Hardhat,NO-Mask,Person,Safety Vest"
2026-02-09T23:19:14,False,"helmet,vest","Hardhat,NO-Hardhat,NO-Mask,Person,Safety Vest"
2026-02-09T23:19:14,False,"helmet,vest","Hardhat,NO-Hardhat,NO-Mask,Person,Safety Vest"
2026-02-09T23:19:14,False,"helmet,vest","Hardhat,NO-Hardhat,NO-Mask,Person,Safety Vest"
2026-02-09T23:19:15,False,"helmet,vest","Hardhat,NO-Hardhat,NO-Mask,Person,Safety Vest"
2026-02-09T23:19:15,False,"helmet,vest","Hardhat,NO-Hardhat,NO-Mask,Person,Safety Vest"
2026-02-09T23:19:15,False,"helmet,vest","Hardhat,NO-Hardhat,NO-Mask,Person,Safety Vest"
2026-02-09T23:19:15,False,"helmet,vest","Hardhat,NO-Hardhat,NO-Mask,Person,Safety Vest"
2026-02-09T23:19:15,False,"helmet,vest","Hardhat,NO-Hardhat,NO-Mask,Person,Safety Vest"
2026-02-09T23:19:15,False,"helmet,vest","Hardhat,NO-Hardhat,NO-Mask,Person,Safety Vest"
2026-02-09T23:19:15,False,"helmet,vest","Hardhat,NO-Hardhat,NO-Mask,Person,Safety Vest"
2026-02-09T23:19:15,False,"helmet,vest","Hardhat,NO-Hardhat,NO-Mask,Person,Safety Vest"
2026-02-09T23:19:15,False,"helmet,vest","Hardhat,NO-Hardhat,NO-Mask,Person,Safety Vest"
2026-02-09T23:19:15,False,"helmet,vest","Hardhat,NO-Hardhat,NO-Mask,Person,Safety Vest"
2026-02-09T23:19:15,False,"helmet,vest","Hardhat,NO-Hardhat,NO-Mask,Person,Safety Vest"
2026-02-09T23:19:15,False,"helmet,vest","Hardhat,NO-Hardhat,NO-Mask,Person"
2026-02-09T23:19:15,False,"helmet,vest","Hardhat,NO-Hardhat,NO-Mask,Person,Safety Vest"
2026-02-09T23:19:15,False,"helmet,vest","Hardhat,NO-Hardhat,NO-Mask,Person,Safety Vest"
2026-02-09T23:19:16,False,"helmet,vest","Hardhat,NO-Mask,NO-Safety Vest,Person"
2026-02-09T23:19:16,False,"helmet,vest","Hardhat,NO-Mask,Person"
2026-02-09T23:19:16,False,"helmet,vest","Hardhat,NO-Mask,NO-Safety Vest,Person"
2026-02-09T23:19:16,False,"helmet,vest","Hardhat,NO-Mask,Person,Safety Vest"
2026-02-09T23:19:16,False,"helmet,vest","Hardhat,NO-Mask,NO-Safety Vest,Person"
2026-02-09T23:19:16,False,"helmet,vest","Hardhat,NO-Mask,Person"
2026-02-09T23:19:16,False,"helmet,vest","Hardhat,NO-Mask,NO-Safety Vest,Person"
2026-02-09T23:19:16,False,"helmet,vest","Hardhat,NO-Mask,NO-Safety Vest,Person,Safety Vest"
2026-02-09T23:19:16,False,"helmet,vest","Hardhat,NO-Mask,NO-Safety Vest,Person"
2026-02-09T23:19:16,False,"helmet,vest","Hardhat,NO-Mask,Person"
2026-02-09T23:19:16,False,"helmet,vest","Hardhat,NO-Mask,Person"
2026-02-09T23:19:16,False,"helmet,vest","Hardhat,NO-Mask,Person"
2026-02-09T23:19:16,False,"helmet,vest","Hardhat,NO-Mask,Person"
2026-02-09T23:19:16,False,"helmet,vest","Hardhat,NO-Mask,Person"
2026-02-09T23:19:16,False,"helmet,vest","Hardhat,NO-Mask,Person"
2026-02-09T23:19:17,False,"helmet,vest","Hardhat,NO-Mask,Person"
2026-02-09T23:19:17,False,"helmet,vest","Hardhat,NO-Mask,Person"
2026-02-09T23:19:17,False,"helmet,vest","Hardhat,NO-Mask,NO-Safety Vest,Person"
2026-02-09T23:19:17,False,"helmet,vest","Hardhat,NO-Mask,NO-Safety Vest,Person"
2026-02-09T23:19:17,False,"helmet,vest","Hardhat,NO-Mask,Person,machinery"
2026-02-09T23:19:17,False,"helmet,vest","Hardhat,NO-Mask,NO-Safety Vest,Person,machinery"
2026-02-09T23:19:17,False,"helmet,vest","Hardhat,NO-Mask,Person"
2026-02-09T23:19:17,False,"helmet,vest","Hardhat,NO-Mask,Person"
2026-02-09T23:19:17,False,"helmet,vest","Hardhat,Mask,NO-Mask,Person"
2026-02-09T23:19:17,False,"helmet,vest","Hardhat,Mask,NO-Mask,Person"
2026-02-09T23:19:17,False,"helmet,vest","Hardhat,NO-Mask,Person"
2026-02-09T23:19:17,False,"helmet,vest","Hardhat,NO-Mask,Person,machinery"
2026-02-09T23:19:17,False,"helmet,vest","Hardhat,NO-Mask,Person,machinery"
2026-02-09T23:19:17,False,"helmet,vest","Hardhat,NO-Mask,Person"
2026-02-09T23:19:17,False,"helmet,vest","Hardhat,Mask,Person"
2026-02-09T23:19:18,False,"helmet,vest","Mask,Person"
2026-02-09T23:19:18,False,"helmet,vest","NO-Mask,Person"
2026-02-09T23:19:18,False,"helmet,vest",Person
2026-02-09T23:19:18,False,"helmet,vest",Person
2026-02-09T23:19:18,False,"helmet,vest","Mask,Person"
2026-02-09T23:19:18,False,"helmet,vest","Mask,NO-Mask,Person"
2026-02-09T23:19:18,False,"helmet,vest","Mask,NO-Mask,Person"
2026-02-09T23:19:18,False,"helmet,vest","Mask,NO-Mask,Person"
2026-02-09T23:19:18,False,"helmet,vest","Mask,NO-Mask,Person"
2026-02-09T23:19:18,False,"helmet,vest","NO-Mask,Person"
2026-02-09T23:19:18,False,"helmet,vest","Mask,NO-Mask,Person"
2026-02-09T23:19:18,False,"helmet,vest","Mask,NO-Mask,Person"
2026-02-09T23:19:18,False,"helmet,vest","NO-Mask,Person"
2026-02-09T23:19:18,False,"helmet,vest","Mask,NO-Mask,Person"
2026-02-09T23:19:18,False,"helmet,vest","Mask,NO-Mask,Person"
2026-02-09T23:19:19,False,"helmet,vest","Mask,NO-Mask,Person"
2026-02-09T23:19:19,False,"helmet,vest","Mask,NO-Mask,Person"
2026-02-09T23:19:19,False,"helmet,vest","Mask,NO-Mask,NO-Safety Vest,Person"
2026-02-09T23:19:19,False,"helmet,vest","Mask,NO-Mask,NO-Safety Vest,Person"
2026-02-09T23:19:19,False,"helmet,vest","Mask,NO-Safety Vest,Person"
2026-02-09T23:19:19,False,"helmet,vest","NO-Mask,Person"
2026-02-09T23:19:19,False,"helmet,vest","NO-Mask,NO-Safety Vest,Person"
2026-02-09T23:19:19,False,"helmet,vest","Mask,NO-Mask,NO-Safety Vest,Person"
2026-02-09T23:19:19,False,"helmet,vest","Mask,NO-Mask,Person"
2026-02-09T23:19:19,False,"helmet,vest","Mask,NO-Safety Vest,Person"
2026-02-09T23:19:19,False,"helmet,vest","NO-Mask,NO-Safety Vest,Person"
2026-02-09T23:19:19,False,"helmet,vest","NO-Mask,Person"
2026-02-09T23:19:19,False,"helmet,vest","NO-Mask,NO-Safety Vest,Person"
2026-02-09T23:19:19,False,"helmet,vest","Mask,NO-Mask,NO-Safety Vest,Person,machinery"
2026-02-09T23:19:19,False,"helmet,vest","NO-Mask,Person"
2026-02-09T23:19:20,False,"helmet,vest","NO-Mask,Person"
2026-02-09T23:19:20,False,"helmet,vest","Mask,NO-Mask,Person"
2026-02-09T23:19:20,False,"helmet,vest","NO-Mask,NO-Safety Vest,Person"
2026-02-09T23:19:20,False,"helmet,vest","NO-Mask,NO-Safety Vest,Person,Safety Vest"
2026-02-09T23:19:20,False,"helmet,vest","Hardhat,NO-Mask,NO-Safety Vest,Person"
2026-02-09T23:19:20,False,"helmet,vest","NO-Mask,NO-Safety Vest,Person"
2026-02-09T23:19:20,False,"helmet,vest","NO-Mask,NO-Safety Vest,Person"
2026-02-09T23:19:20,False,"helmet,vest","NO-Hardhat,NO-Mask,NO-Safety Vest,Person"
2026-02-09T23:19:20,False,"helmet,vest","NO-Mask,NO-Safety Vest,Person"
2026-02-09T23:19:20,False,"helmet,vest","NO-Hardhat,NO-Safety Vest,Person"
2026-02-09T23:19:20,False,"helmet,vest","NO-Hardhat,NO-Safety Vest,Person"
2026-02-09T23:19:20,False,"helmet,vest","NO-Hardhat,NO-Safety Vest,Person"
2026-02-09T23:19:20,False,"helmet,vest","NO-Mask,NO-Safety Vest,Person"
2026-02-09T23:19:20,False,"helmet,vest","NO-Safety Vest,Person"
2026-02-09T23:19:20,False,"helmet,vest","NO-Hardhat,NO-Safety Vest,Person"
2026-02-09T23:19:21,False,"helmet,vest","NO-Safety Vest,Person"
2026-02-09T23:19:21,False,"helmet,vest",Person
2026-02-09T23:19:21,False,"helmet,vest","Mask,Person"
2026-02-09T23:19:21,False,"helmet,vest",Person
2026-02-09T23:19:21,False,"helmet,vest","NO-Safety Vest,Person"
2026-02-09T23:19:21,False,"helmet,vest",Person
2026-02-09T23:19:21,False,"helmet,vest","Hardhat,Person"
2026-02-09T23:19:21,False,"helmet,vest",Person
2026-02-09T23:19:21,False,"helmet,vest","Hardhat,Person"
2026-02-09T23:19:21,False,"helmet,vest",Person
2026-02-09T23:19:21,False,"helmet,vest",Person
2026-02-09T23:19:21,False,"helmet,vest","Mask,NO-Safety Vest,Person"
2026-02-09T23:19:21,False,"helmet,vest","Mask,NO-Hardhat,Person"
2026-02-09T23:19:21,False,"helmet,vest","Mask,Person,Safety Vest"
2026-02-09T23:19:21,False,"helmet,vest","Mask,Person"
2026-02-09T23:19:22,False,"helmet,vest","Person,Safety Vest"
2026-02-09T23:19:22,False,"helmet,vest","Person,Safety Vest"
2026-02-09T23:19:22,False,"helmet,vest","Mask,Person"
2026-02-09T23:19:22,False,"helmet,vest","Mask,Person"
2026-02-09T23:19:22,False,"helmet,vest",Person
2026-02-09T23:19:22,False,"helmet,vest","Mask,NO-Hardhat,Person"
2026-02-09T23:19:22,False,"helmet,vest","NO-Hardhat,Person"
2026-02-09T23:19:22,False,"helmet,vest","Mask,NO-Hardhat,Person"
2026-02-09T23:19:22,False,"helmet,vest","NO-Hardhat,Person"
2026-02-09T23:19:22,False,"helmet,vest","NO-Hardhat,Person"
2026-02-09T23:19:22,False,"helmet,vest","NO-Hardhat,Person"
2026-02-09T23:19:22,False,"helmet,vest","NO-Hardhat,Person"
2026-02-09T23:19:22,False,"helmet,vest","Mask,Person"
2026-02-09T23:19:22,False,"helmet,vest","Mask,Person"
2026-02-09T23:19:22,False,"helmet,vest","Mask,Person"
2026-02-09T23:19:23,False,"helmet,vest","Mask,Person"
2026-02-09T23:19:23,False,"helmet,vest",Person
2026-02-09T23:19:23,False,"helmet,vest",Person
2026-02-09T23:19:23,False,"helmet,vest","Mask,Person"
2026-02-09T23:19:23,False,"helmet,vest",Person
2026-02-09T23:19:23,False,"helmet,vest",Person
2026-02-09T23:19:23,False,"helmet,vest",Person
2026-02-09T23:19:23,False,"helmet,vest",Person
2026-02-09T23:19:23,False,"helmet,vest",Person
2026-02-09T23:19:23,False,"helmet,vest",Person
2026-02-09T23:19:23,False,"helmet,vest",Person
2026-02-09T23:19:23,False,"helmet,vest",Person
2026-02-09T23:19:23,False,"helmet,vest",Person
2026-02-09T23:19:23,False,"helmet,vest",Person
2026-02-09T23:19:23,False,"helmet,vest",Person
2026-02-09T23:19:24,False,"helmet,vest",Person
2026-02-09T23:19:24,False,"helmet,vest",Person
2026-02-09T23:19:24,False,"helmet,vest","Person,Safety Cone"
2026-02-09T23:19:24,False,"helmet,vest","NO-Hardhat,Person"
2026-02-09T23:19:24,False,"helmet,vest",Person
2026-02-09T23:19:24,False,"helmet,vest","Mask,NO-Hardhat,Person"
2026-02-09T23:19:24,False,"helmet,vest","Mask,NO-Hardhat,Person"
2026-02-09T23:19:24,False,"helmet,vest",Person
2026-02-09T23:19:24,False,"helmet,vest","Person,Safety Vest"
2026-02-09T23:19:24,False,"helmet,vest","NO-Hardhat,Person"
2026-02-09T23:19:24,False,"helmet,vest","NO-Hardhat,Person"
2026-02-09T23:19:24,False,"helmet,vest","NO-Hardhat,Person"
2026-02-09T23:19:24,False,"helmet,vest",Person
2026-02-09T23:19:24,False,"helmet,vest",Person
2026-02-09T23:19:25,False,"helmet,vest",Person
2026-02-09T23:19:25,False,"helmet,vest",Person
2026-02-09T23:19:25,False,"helmet,vest",Person
2026-02-09T23:19:25,False,"helmet,vest",Person
2026-02-09T23:19:25,False,"helmet,vest",Person
2026-02-09T23:19:25,False,"helmet,vest",Person
2026-02-09T23:19:25,False,"helmet,vest",Person
2026-02-09T23:19:25,False,"helmet,vest",Person
2026-02-09T23:19:25,False,"helmet,vest",Person
2026-02-09T23:19:25,False,"helmet,vest",Person
2026-02-09T23:19:25,False,"helmet,vest",Person
2026-02-09T23:19:25,False,"helmet,vest",Person
2026-02-09T23:19:25,False,"helmet,vest",Person
2026-02-09T23:19:25,False,"helmet,vest",Person
2026-02-09T23:19:25,False,"helmet,vest",Person
2026-02-09T23:19:26,False,"helmet,vest",Person
2026-02-09T23:19:26,False,"helmet,vest",Person
2026-02-09T23:19:26,False,"helmet,vest",Person
2026-02-09T23:19:26,False,"helmet,vest",Person
2026-02-09T23:19:26,False,"helmet,vest","Person,Safety Cone"
2026-02-09T23:19:26,False,"helmet,vest","Person,Safety Cone"
2026-02-09T23:19:26,False,"helmet,vest",Person
2026-02-09T23:19:26,False,"helmet,vest",Person
2026-02-09T23:19:26,False,"helmet,vest",Person
2026-02-09T23:19:26,False,"helmet,vest",Person
2026-02-09T23:19:26,False,"helmet,vest",Person
2026-02-09T23:19:26,False,"helmet,vest",Person
2026-02-09T23:19:26,False,"helmet,vest","Mask,Person"
2026-02-09T23:19:26,False,"helmet,vest",Person
2026-02-09T23:19:26,False,"helmet,vest",Person
2026-02-09T23:19:27,False,"helmet,vest",Person
2026-02-09T23:19:27,False,"helmet,vest",Person
2026-02-09T23:19:27,False,"helmet,vest",Person
2026-02-09T23:19:27,False,"helmet,vest",Person
2026-02-09T23:19:27,False,"helmet,vest","Person,Safety Cone"
2026-02-09T23:19:27,False,"helmet,vest","Person,Safety Cone"
2026-02-09T23:19:27,False,"helmet,vest",Person
2026-02-09T23:19:27,False,"helmet,vest",Person
2026-02-09T23:19:27,False,"helmet,vest",Person
2026-02-09T23:19:27,False,"helmet,vest",Person
2026-02-09T23:19:27,False,"helmet,vest",Person
2026-02-09T23:19:27,False,"helmet,vest",Person
2026-02-09T23:19:27,False,"helmet,vest","NO-Safety Vest,Person"
2026-02-09T23:19:27,False,"helmet,vest","NO-Safety Vest,Person"
2026-02-09T23:19:27,False,"helmet,vest",Person
2026-02-09T23:19:28,False,"helmet,vest",Person
2026-02-09T23:19:28,False,"helmet,vest",Person
2026-02-09T23:19:28,False,"helmet,vest",Person
2026-02-09T23:19:28,False,"helmet,vest",Person
2026-02-09T23:19:28,False,"helmet,vest",Person
2026-02-09T23:19:28,False,"helmet,vest",Person
2026-02-09T23:19:28,False,"helmet,vest","NO-Hardhat,Person"
2026-02-09T23:19:28,False,"helmet,vest","Mask,Person"
2026-02-09T23:19:28,False,"helmet,vest","NO-Safety Vest,Person"
2026-02-09T23:19:28,False,"helmet,vest",Person
2026-02-09T23:19:28,False,"helmet,vest",Person
2026-02-09T23:19:28,False,"helmet,vest",Person
2026-02-09T23:19:28,False,"helmet,vest","NO-Safety Vest,Person"
2026-02-09T23:19:28,False,"helmet,vest","NO-Safety Vest,Person"
2026-02-09T23:19:28,False,"helmet,vest",Person
2026-02-09T23:19:29,False,"helmet,vest",Person
2026-02-09T23:19:29,False,"helmet,vest",Person
2026-02-09T23:19:29,False,"helmet,vest",Person
2026-02-09T23:19:29,False,"helmet,vest","NO-Hardhat,Person"
2026-02-09T23:19:29,False,"helmet,vest",Person
2026-02-09T23:19:29,False,"helmet,vest",Person
2026-02-09T23:19:29,False,"helmet,vest","NO-Safety Vest,Person"
2026-02-09T23:19:29,False,"helmet,vest",Person
2026-02-09T23:19:29,False,"helmet,vest",Person
2026-02-09T23:19:29,False,"helmet,vest","Mask,Person"
2026-02-09T23:19:29,False,"helmet,vest",Person
2026-02-09T23:19:29,False,"helmet,vest","NO-Hardhat,Person"
2026-02-09T23:19:29,False,"helmet,vest","NO-Hardhat,Person"
2026-02-09T23:19:29,False,"helmet,vest","NO-Hardhat,Person"
2026-02-09T23:19:29,False,"helmet,vest","NO-Hardhat,Person"
2026-02-09T23:19:30,False,"helmet,vest","NO-Hardhat,Person"
2026-02-09T23:19:30,False,"helmet,vest","NO-Hardhat,Person"
2026-02-09T23:19:30,False,"helmet,vest","NO-Hardhat,Person"
2026-02-09T23:19:30,False,"helmet,vest","NO-Hardhat,Person"
2026-02-09T23:19:30,False,"helmet,vest","NO-Hardhat,Person"
2026-02-09T23:19:30,False,"helmet,vest","NO-Hardhat,Person"
2026-02-09T23:19:30,False,"helmet,vest","NO-Hardhat,Person"
2026-02-09T23:19:30,False,"helmet,vest","NO-Hardhat,Person"
2026-02-09T23:19:30,False,"helmet,vest","NO-Hardhat,Person"
2026-02-09T23:19:30,False,"helmet,vest","NO-Hardhat,Person"
2026-02-09T23:19:30,False,"helmet,vest","NO-Hardhat,NO-Safety Vest,Person"
2026-02-09T23:19:30,False,"helmet,vest","NO-Hardhat,Person"
2026-02-09T23:19:30,False,"helmet,vest","NO-Hardhat,Person"
2026-02-09T23:19:30,False,"helmet,vest","NO-Hardhat,Person"
2026-02-09T23:19:30,False,"helmet,vest","NO-Hardhat,Person"
2026-02-09T23:19:31,False,"helmet,vest","NO-Hardhat,Person"
2026-02-09T23:19:31,False,"helmet,vest","NO-Hardhat,Person"
2026-02-09T23:19:31,False,"helmet,vest","NO-Hardhat,NO-Safety Vest,Person"
2026-02-09T23:19:31,False,"helmet,vest","NO-Hardhat,NO-Safety Vest,Person"
2026-02-09T23:19:31,False,"helmet,vest","NO-Hardhat,NO-Safety Vest,Person"
2026-02-09T23:19:31,False,"helmet,vest","NO-Hardhat,NO-Safety Vest,Person"
2026-02-09T23:19:31,False,"helmet,vest","NO-Hardhat,NO-Safety Vest,Person"
2026-02-09T23:19:31,False,"helmet,vest","NO-Hardhat,NO-Safety Vest,Person"
2026-02-09T23:19:31,False,"helmet,vest","NO-Hardhat,NO-Safety Vest,Person"
2026-02-09T23:19:31,False,"helmet,vest","NO-Hardhat,Person"
2026-02-09T23:19:31,False,"helmet,vest","Mask,NO-Hardhat,NO-Safety Vest,Person"
2026-02-09T23:19:31,False,"helmet,vest","NO-Hardhat,Person"
2026-02-09T23:19:31,False,"helmet,vest","NO-Hardhat,Person"
2026-02-09T23:19:31,False,"helmet,vest","NO-Hardhat,Person"
2026-02-09T23:19:31,False,"helmet,vest","NO-Hardhat,Person"
2026-02-09T23:19:32,False,"helmet,vest","NO-Hardhat,Person"
2026-02-09T23:19:32,False,"helmet,vest","NO-Hardhat,Person"
2026-02-09T23:19:32,False,"helmet,vest","NO-Hardhat,Person"
2026-02-09T23:19:32,False,"helmet,vest","NO-Hardhat,Person"
2026-02-09T23:19:32,False,"helmet,vest","NO-Hardhat,Person"
2026-02-09T23:19:32,False,"helmet,vest","NO-Hardhat,Person"
2026-02-09T23:19:32,False,"helmet,vest","NO-Hardhat,NO-Safety Vest,Person"
2026-02-09T23:19:32,False,"helmet,vest","NO-Hardhat,Person"
2026-02-09T23:19:32,False,"helmet,vest","NO-Hardhat,NO-Safety Vest,Person"
2026-02-09T23:19:32,False,"helmet,vest","NO-Hardhat,NO-Safety Vest,Person"
2026-02-09T23:19:32,False,"helmet,vest","NO-Hardhat,Person"
2026-02-09T23:19:32,False,"helmet,vest","NO-Hardhat,Person"
2026-02-09T23:19:32,False,"helmet,vest","NO-Hardhat,NO-Safety Vest,Person"
2026-02-09T23:19:32,False,"helmet,vest","NO-Hardhat,NO-Safety Vest,Person"
2026-02-09T23:19:32,False,"helmet,vest","NO-Hardhat,NO-Safety Vest,Person"
2026-02-09T23:19:32,False,"helmet,vest","NO-Hardhat,NO-Safety Vest,Person"
2026-02-09T23:19:33,False,"helmet,vest","NO-Hardhat,NO-Safety Vest,Person"
2026-02-09T23:19:33,False,"helmet,vest","NO-Hardhat,NO-Safety Vest,Person"
2026-02-09T23:19:33,False,"helmet,vest","NO-Hardhat,Person"
2026-02-09T23:19:33,False,"helmet,vest","NO-Hardhat,Person"
2026-02-09T23:19:33,False,"helmet,vest","NO-Hardhat,Person"
2026-02-09T23:19:33,False,"helmet,vest","NO-Hardhat,Person"
2026-02-09T23:19:33,False,"helmet,vest","NO-Hardhat,Person"
2026-02-09T23:19:33,False,"helmet,vest","NO-Hardhat,Person"
2026-02-09T23:19:33,False,"helmet,vest","NO-Hardhat,NO-Safety Vest,Person"
2026-02-09T23:19:33,False,"helmet,vest","NO-Hardhat,Person"
2026-02-09T23:19:33,False,"helmet,vest","NO-Hardhat,Person"
2026-02-09T23:19:33,False,"helmet,vest","NO-Hardhat,Person"
2026-02-09T23:19:33,False,"helmet,vest","NO-Hardhat,Person"
2026-02-09T23:19:33,False,"helmet,vest","NO-Hardhat,NO-Mask,Person"
2026-02-09T23:19:34,False,"helmet,vest","NO-Hardhat,Person"
2026-02-09T23:19:34,False,"helmet,vest","NO-Hardhat,Person,Safety Cone"
2026-02-09T23:19:34,False,"helmet,vest","NO-Hardhat,Person"
2026-02-09T23:19:34,False,"helmet,vest","Person,Safety Cone"
2026-02-09T23:19:34,False,"helmet,vest","NO-Hardhat,Person"
2026-02-09T23:19:34,False,"helmet,vest","NO-Hardhat,Person"
2026-02-09T23:19:34,False,"helmet,vest","NO-Hardhat,Person"
2026-02-09T23:19:34,False,"helmet,vest","NO-Hardhat,Person"
2026-02-09T23:19:34,False,"helmet,vest","NO-Hardhat,Person"
2026-02-09T23:19:34,False,"helmet,vest","NO-Hardhat,Person"
2026-02-09T23:19:34,False,"helmet,vest","NO-Hardhat,Person"
2026-02-09T23:19:34,False,"helmet,vest","NO-Hardhat,Person"
2026-02-09T23:19:34,False,"helmet,vest","NO-Hardhat,Person"
2026-02-09T23:19:34,False,"helmet,vest",Person
2026-02-09T23:19:34,False,"helmet,vest","NO-Hardhat,Person"
2026-02-09T23:19:35,False,"helmet,vest","NO-Hardhat,Person"
2026-02-09T23:19:35,False,"helmet,vest",Person
2026-02-09T23:19:35,False,"helmet,vest",Person
2026-02-09T23:19:35,False,"helmet,vest","NO-Hardhat,Person"
2026-02-09T23:19:35,False,"helmet,vest",Person
2026-02-09T23:19:35,False,"helmet,vest",Person
2026-02-09T23:19:35,False,"helmet,vest",Person
2026-02-09T23:19:35,False,"helmet,vest","NO-Hardhat,Person"
2026-02-09T23:19:35,False,"helmet,vest",Person
2026-02-09T23:19:35,False,"helmet,vest",Person
2026-02-09T23:19:35,False,"helmet,vest",Person
2026-02-09T23:19:35,False,"helmet,vest",Person
2026-02-09T23:19:35,False,"helmet,vest",Person
2026-02-09T23:19:35,False,"helmet,vest",Person
2026-02-09T23:19:35,False,"helmet,vest","NO-Hardhat,Person"
2026-02-09T23:19:36,False,"helmet,vest","NO-Hardhat,Person"
2026-02-09T23:19:36,False,"helmet,vest","NO-Hardhat,Person"
2026-02-09T23:19:36,False,"helmet,vest","NO-Hardhat,Person"
2026-02-09T23:19:36,False,"helmet,vest",Person
2026-02-09T23:19:36,False,"helmet,vest","NO-Hardhat,Person"
2026-02-09T23:19:36,False,"helmet,vest","NO-Hardhat,Person"
2026-02-09T23:19:36,False,"helmet,vest","NO-Hardhat,Person"
2026-02-09T23:19:36,False,"helmet,vest","NO-Hardhat,Person"
2026-02-09T23:19:36,False,"helmet,vest","NO-Hardhat,Person"
2026-02-09T23:19:36,False,"helmet,vest","NO-Hardhat,Person"
2026-02-09T23:19:36,False,"helmet,vest","NO-Hardhat,Person"
2026-02-09T23:19:36,False,"helmet,vest","NO-Hardhat,Person"
2026-02-09T23:19:36,False,"helmet,vest","NO-Hardhat,Person"
2026-02-09T23:19:36,False,"helmet,vest","NO-Hardhat,Person"
2026-02-09T23:19:36,False,"helmet,vest","NO-Hardhat,Person"
2026-02-09T23:19:37,False,"helmet,vest","NO-Hardhat,Person"
2026-02-09T23:19:37,False,"helmet,vest","NO-Hardhat,Person"
2026-02-09T23:19:37,False,"helmet,vest","NO-Hardhat,Person"
2026-02-09T23:19:37,False,"helmet,vest","NO-Hardhat,Person"
2026-02-09T23:19:37,False,"helmet,vest","NO-Hardhat,Person"
2026-02-09T23:19:37,False,"helmet,vest","NO-Hardhat,Person"
2026-02-09T23:19:37,False,"helmet,vest","NO-Hardhat,Person"
2026-02-09T23:19:37,False,"helmet,vest","NO-Hardhat,Person"
2026-02-09T23:19:37,False,"helmet,vest","NO-Hardhat,Person"
2026-02-09T23:19:37,False,"helmet,vest","NO-Hardhat,Person"
2026-02-09T23:19:37,False,"helmet,vest","NO-Hardhat,Person"
2026-02-09T23:19:37,False,"helmet,vest","NO-Hardhat,Person"
2026-02-09T23:19:37,False,"helmet,vest","NO-Hardhat,Person"
2026-02-09T23:19:37,False,"helmet,vest","NO-Hardhat,Person"
2026-02-09T23:19:37,False,"helmet,vest","NO-Hardhat,Person"
2026-02-09T23:19:38,False,"helmet,vest","NO-Hardhat,Person"
2026-02-09T23:19:38,False,"helmet,vest","NO-Hardhat,Person"
2026-02-09T23:19:38,False,"helmet,vest","NO-Hardhat,Person"
2026-02-09T23:19:38,False,"helmet,vest","NO-Hardhat,Person"
2026-02-09T23:19:38,False,"helmet,vest","NO-Hardhat,Person"
2026-02-09T23:19:38,False,"helmet,vest","NO-Hardhat,Person"
2026-02-09T23:19:38,False,"helmet,vest","NO-Hardhat,Person"
2026-02-09T23:19:38,False,"helmet,vest","NO-Hardhat,Person"
2026-02-09T23:19:38,False,"helmet,vest","NO-Hardhat,Person"
2026-02-09T23:19:38,False,"helmet,vest","NO-Hardhat,Person"
2026-02-09T23:19:38,False,"helmet,vest","NO-Hardhat,Person"
2026-02-09T23:19:38,False,"helmet,vest","NO-Hardhat,Person"
2026-02-09T23:19:38,False,"helmet,vest","NO-Hardhat,Person"
2026-02-09T23:19:38,False,"helmet,vest","NO-Hardhat,Person"
2026-02-09T23:19:38,False,"helmet,vest","NO-Hardhat,Person"
2026-02-09T23:19:38,False,"helmet,vest","NO-Hardhat,Person"
2026-02-09T23:19:39,False,"helmet,vest","NO-Hardhat,Person"
2026-02-09T23:19:39,False,"helmet,vest","NO-Hardhat,Person"
2026-02-09T23:19:39,False,"helmet,vest","NO-Hardhat,Person"
2026-02-09T23:19:39,False,"helmet,vest","NO-Hardhat,Person"
2026-02-09T23:19:39,False,"helmet,vest","NO-Hardhat,Person"
2026-02-09T23:19:39,False,"helmet,vest","NO-Hardhat,Person"
2026-02-09T23:19:39,False,"helmet,vest","NO-Hardhat,Person"
2026-02-09T23:19:39,False,"helmet,vest","NO-Hardhat,Person"
2026-02-09T23:19:39,False,"helmet,vest","NO-Hardhat,Person"
2026-02-09T23:19:39,False,"helmet,vest","NO-Hardhat,Person"
2026-02-09T23:19:39,False,"helmet,vest","NO-Hardhat,Person"
2026-02-09T23:19:39,False,"helmet,vest","NO-Hardhat,Person"
2026-02-09T23:19:39,False,"helmet,vest",Person
2026-02-09T23:19:39,False,"helmet,vest",Person
2026-02-09T23:19:40,False,"helmet,vest",Person
2026-02-09T23:19:40,False,"helmet,vest",Person
2026-02-09T23:19:40,False,"helmet,vest",Person
2026-02-09T23:19:40,False,"helmet,vest",Person
2026-02-09T23:19:40,False,"helmet,vest",Person
2026-02-09T23:19:40,False,"helmet,vest",Person
2026-02-09T23:19:40,False,"helmet,vest",Person
2026-02-09T23:19:40,False,"helmet,vest",Person
2026-02-09T23:19:40,False,"helmet,vest","Person,Safety Cone"
2026-02-09T23:19:40,False,"helmet,vest",Person
2026-02-09T23:19:40,False,"helmet,vest",Person
2026-02-09T23:19:40,False,"helmet,vest","Person,Safety Cone"
2026-02-09T23:19:40,False,"helmet,vest",Person
2026-02-09T23:19:40,False,"helmet,vest",Person
2026-02-09T23:19:40,False,"helmet,vest",Person
2026-02-09T23:19:41,False,"helmet,vest",Person
2026-02-09T23:19:41,False,"helmet,vest",Person
2026-02-09T23:19:41,False,"helmet,vest",Person
2026-02-09T23:19:41,False,"helmet,vest",Person
2026-02-09T23:19:41,False,"helmet,vest",Person
2026-02-09T23:19:41,False,"helmet,vest",Person
2026-02-09T23:19:41,False,"helmet,vest",Person
2026-02-09T23:19:41,False,"helmet,vest","NO-Mask,Person"
2026-02-09T23:19:41,False,"helmet,vest",Person
2026-02-09T23:19:41,False,"helmet,vest",Person
2026-02-09T23:19:41,False,"helmet,vest",Person
2026-02-09T23:19:41,False,"helmet,vest","NO-Hardhat,Person"
2026-02-09T23:19:41,False,"helmet,vest","NO-Hardhat,Person"
2026-02-09T23:19:41,False,"helmet,vest",Person
2026-02-09T23:19:41,False,"helmet,vest",Person
2026-02-09T23:19:42,False,"helmet,vest",Person
2026-02-09T23:19:42,False,"helmet,vest",Person
2026-02-09T23:19:42,False,"helmet,vest",Person
2026-02-09T23:19:42,False,"helmet,vest","NO-Hardhat,Person"
2026-02-09T23:19:42,False,"helmet,vest",Person
2026-02-09T23:19:42,False,"helmet,vest",Person
2026-02-09T23:19:42,False,"helmet,vest","NO-Hardhat,Person"
2026-02-09T23:19:42,False,"helmet,vest",Person
2026-02-09T23:19:42,False,"helmet,vest",Person
2026-02-09T23:19:42,False,"helmet,vest",Person
2026-02-09T23:19:42,False,"helmet,vest",Person
2026-02-09T23:19:42,False,"helmet,vest",Person
2026-02-09T23:19:42,False,"helmet,vest",Person
2026-02-09T23:19:42,False,"helmet,vest",Person
2026-02-09T23:19:42,False,"helmet,vest",Person
2026-02-09T23:19:43,False,"helmet,vest","NO-Hardhat,Person"
2026-02-09T23:19:43,False,"helmet,vest",Person
2026-02-09T23:19:43,False,"helmet,vest",Person
2026-02-09T23:19:43,False,"helmet,vest",Person
2026-02-09T23:19:43,False,"helmet,vest","NO-Hardhat,Person"
2026-02-09T23:19:43,False,"helmet,vest",Person
2026-02-09T23:19:43,False,"helmet,vest",Person
2026-02-09T23:19:43,False,"helmet,vest",Person
2026-02-09T23:19:43,False,"helmet,vest",Person
2026-02-09T23:19:43,False,"helmet,vest",Person
2026-02-09T23:19:43,False,"helmet,vest","Person,Safety Cone"
2026-02-09T23:19:43,False,"helmet,vest","NO-Hardhat,Person"
2026-02-09T23:19:43,False,"helmet,vest","NO-Hardhat,Person"
2026-02-09T23:19:43,False,"helmet,vest",Person
2026-02-09T23:19:43,False,"helmet,vest","NO-Hardhat,Person"
2026-02-09T23:19:44,False,"helmet,vest","NO-Hardhat,Person"
2026-02-09T23:19:44,False,"helmet,vest","NO-Hardhat,Person"
2026-02-09T23:19:44,False,"helmet,vest","NO-Hardhat,Person"
2026-02-09T23:19:44,False,"helmet,vest","NO-Hardhat,Person"
2026-02-09T23:19:44,False,"helmet,vest",Person
2026-02-09T23:19:44,False,"helmet,vest",Person
2026-02-09T23:19:44,False,"helmet,vest","NO-Hardhat,Person"
2026-02-09T23:19:44,False,"helmet,vest","NO-Hardhat,Person"
2026-02-09T23:19:44,False,"helmet,vest","NO-Hardhat,Person"
2026-02-09T23:19:44,False,"helmet,vest",Person
2026-02-09T23:19:44,False,"helmet,vest",Person
2026-02-09T23:19:44,False,"helmet,vest","NO-Hardhat,Person"
2026-02-09T23:19:44,False,"helmet,vest",Person
2026-02-09T23:19:44,False,"helmet,vest","NO-Hardhat,Person"
2026-02-09T23:19:44,False,"helmet,vest","NO-Hardhat,Person"
2026-02-09T23:19:45,False,"helmet,vest","NO-Hardhat,Person"
2026-02-09T23:19:45,False,"helmet,vest","NO-Hardhat,Person"
2026-02-09T23:19:45,False,"helmet,vest","NO-Hardhat,Person"
2026-02-09T23:19:45,False,"helmet,vest","NO-Hardhat,Person"
2026-02-09T23:19:45,False,"helmet,vest","NO-Hardhat,Person"
2026-02-09T23:19:45,False,"helmet,vest","NO-Hardhat,Person"
2026-02-09T23:19:45,False,"helmet,vest","NO-Hardhat,Person"
2026-02-09T23:19:45,False,"helmet,vest","NO-Hardhat,Person"
2026-02-09T23:19:45,False,"helmet,vest","NO-Hardhat,Person"
2026-02-09T23:19:45,False,"helmet,vest","NO-Hardhat,Person"
2026-02-09T23:19:45,False,"helmet,vest","NO-Hardhat,Person"
2026-02-09T23:19:45,False,"helmet,vest","NO-Hardhat,Person"
2026-02-09T23:19:45,False,"helmet,vest",Person
2026-02-09T23:19:45,False,"helmet,vest","NO-Hardhat,Person,Safety Cone"
2026-02-09T23:19:45,False,"helmet,vest","NO-Hardhat,Person"
2026-02-09T23:19:46,False,"helmet,vest",Person
2026-02-09T23:19:46,False,"helmet,vest","NO-Hardhat,Person"
2026-02-09T23:19:46,False,"helmet,vest",Person
2026-02-09T23:19:46,False,"helmet,vest","NO-Hardhat,Person"
2026-02-09T23:19:46,False,"helmet,vest","NO-Hardhat,Person"
2026-02-09T23:19:46,False,"helmet,vest","NO-Hardhat,Person"
2026-02-09T23:19:46,False,"helmet,vest",Person
2026-02-09T23:19:46,False,"helmet,vest","NO-Hardhat,Person"
2026-02-09T23:19:46,False,"helmet,vest","NO-Hardhat,Person"
2026-02-09T23:19:46,False,"helmet,vest",Person
2026-02-09T23:19:46,False,"helmet,vest",Person
2026-02-09T23:19:46,False,"helmet,vest",Person
2026-02-09T23:19:46,False,"helmet,vest","NO-Hardhat,Person"
2026-02-09T23:19:46,False,"helmet,vest","NO-Hardhat,Person"
2026-02-09T23:19:46,False,"helmet,vest","NO-Hardhat,Person"
2026-02-09T23:19:47,False,"helmet,vest","NO-Hardhat,Person"
2026-02-09T23:19:47,False,"helmet,vest","NO-Hardhat,Person"
2026-02-09T23:19:47,False,"helmet,vest","NO-Hardhat,Person"
2026-02-09T23:19:47,False,"helmet,vest","NO-Hardhat,Person"
2026-02-09T23:19:47,False,"helmet,vest","NO-Hardhat,Person"
2026-02-09T23:19:47,False,"helmet,vest","NO-Hardhat,Person"
2026-02-09T23:19:47,False,"helmet,vest","NO-Hardhat,Person"
2026-02-09T23:19:47,False,"helmet,vest","NO-Hardhat,Person"
2026-02-09T23:19:47,False,"helmet,vest",Person
2026-02-09T23:19:47,False,"helmet,vest","NO-Hardhat,Person"
2026-02-09T23:19:47,False,"helmet,vest",Person
2026-02-09T23:19:47,False,"helmet,vest","NO-Hardhat,Person"
2026-02-09T23:19:47,False,"helmet,vest","NO-Hardhat,Person"
2026-02-09T23:19:47,False,"helmet,vest",Person
2026-02-09T23:19:47,False,"helmet,vest","NO-Hardhat,Person,Safety Cone"
2026-02-09T23:19:48,False,"helmet,vest","NO-Hardhat,Person"
2026-02-09T23:19:48,False,"helmet,vest",Person
2026-02-09T23:19:48,False,"helmet,vest","NO-Hardhat,Person"
2026-02-09T23:19:48,False,"helmet,vest","NO-Hardhat,Person"
2026-02-09T23:19:48,False,"helmet,vest","NO-Hardhat,Person,Safety Cone"
2026-02-09T23:19:48,False,"helmet,vest","NO-Hardhat,Person"
2026-02-09T23:19:48,False,"helmet,vest","NO-Hardhat,Person"
2026-02-09T23:19:48,False,"helmet,vest","NO-Hardhat,Person,Safety Cone"
2026-02-09T23:19:48,False,"helmet,vest","Person,Safety Cone"
2026-02-09T23:19:48,False,"helmet,vest","NO-Hardhat,Person"
2026-02-09T23:19:48,False,"helmet,vest",Person
2026-02-09T23:19:48,False,"helmet,vest",Person
2026-02-09T23:19:48,False,"helmet,vest","NO-Hardhat,Person"
2026-02-09T23:19:48,False,"helmet,vest","NO-Hardhat,Person"
2026-02-09T23:19:48,False,"helmet,vest","Person,Safety Cone"
2026-02-09T23:19:49,False,"helmet,vest",Person
2026-02-09T23:19:49,False,"helmet,vest",Person
2026-02-09T23:19:49,False,"helmet,vest",Person
2026-02-09T23:19:49,False,"helmet,vest","NO-Hardhat,Person"
2026-02-09T23:19:49,False,"helmet,vest",Person
2026-02-09T23:19:49,False,"helmet,vest",Person
2026-02-09T23:19:49,False,"helmet,vest",Person
2026-02-09T23:19:49,False,"helmet,vest",Person
2026-02-09T23:19:49,False,"helmet,vest",Person
2026-02-09T23:19:49,False,"helmet,vest","NO-Hardhat,Person"
2026-02-09T23:19:49,False,"helmet,vest",Person
2026-02-09T23:19:49,False,"helmet,vest","NO-Hardhat,Person"
2026-02-09T23:19:49,False,"helmet,vest","NO-Hardhat,Person"
2026-02-09T23:19:49,False,"helmet,vest","NO-Hardhat,Person"
2026-02-09T23:19:49,False,"helmet,vest","NO-Hardhat,Person"
2026-02-09T23:19:50,False,"helmet,vest","NO-Hardhat,Person"
2026-02-09T23:19:50,False,"helmet,vest","NO-Hardhat,Person"
2026-02-09T23:19:50,False,"helmet,vest","NO-Hardhat,Person"
2026-02-09T23:19:50,False,"helmet,vest",Person
2026-02-09T23:19:50,False,"helmet,vest","NO-Hardhat,Person"
2026-02-09T23:19:50,False,"helmet,vest","NO-Hardhat,Person"
2026-02-09T23:19:50,False,"helmet,vest",Person
2026-02-09T23:19:50,False,"helmet,vest",Person
2026-02-09T23:19:50,False,"helmet,vest",Person
2026-02-09T23:19:50,False,"helmet,vest","NO-Hardhat,Person"
2026-02-09T23:19:50,False,"helmet,vest","Mask,NO-Hardhat,Person"
2026-02-09T23:19:50,False,"helmet,vest","NO-Hardhat,Person"
2026-02-09T23:19:50,False,"helmet,vest","NO-Hardhat,Person"
2026-02-09T23:19:50,False,"helmet,vest","NO-Hardhat,Person"
2026-02-09T23:19:50,False,"helmet,vest","NO-Hardhat,Person"
2026-02-09T23:19:51,False,"helmet,vest","NO-Hardhat,Person"
2026-02-09T23:19:51,False,"helmet,vest","NO-Hardhat,Person"
2026-02-09T23:19:51,False,"helmet,vest",Person
2026-02-09T23:19:51,False,"helmet,vest",Person
2026-02-09T23:19:51,False,"helmet,vest","NO-Hardhat,Person"
2026-02-09T23:19:51,False,"helmet,vest","NO-Hardhat,Person"
2026-02-09T23:19:51,False,"helmet,vest","NO-Hardhat,Person"
2026-02-09T23:19:51,False,"helmet,vest","NO-Hardhat,Person"
2026-02-09T23:19:51,False,"helmet,vest","NO-Hardhat,Person"
2026-02-09T23:19:51,False,"helmet,vest","NO-Hardhat,Person"
2026-02-09T23:19:51,False,"helmet,vest","NO-Hardhat,Person"
2026-02-09T23:19:51,False,"helmet,vest","NO-Hardhat,Person"
2026-02-09T23:19:51,False,"helmet,vest","NO-Hardhat,Person"
2026-02-09T23:19:51,False,"helmet,vest",Person
2026-02-09T23:19:51,False,"helmet,vest",Person
2026-02-09T23:19:52,False,"helmet,vest","NO-Hardhat,Person"
2026-02-09T23:19:52,False,"helmet,vest","NO-Hardhat,Person"
2026-02-09T23:19:52,False,"helmet,vest","NO-Hardhat,Person"
2026-02-09T23:19:52,False,"helmet,vest","NO-Hardhat,Person"
2026-02-09T23:19:52,False,"helmet,vest","NO-Hardhat,Person"
2026-02-09T23:19:52,False,"helmet,vest","NO-Hardhat,Person"
2026-02-09T23:19:52,False,"helmet,vest","NO-Hardhat,Person"
2026-02-09T23:19:52,False,"helmet,vest","NO-Hardhat,Person"
2026-02-09T23:19:52,False,"helmet,vest","NO-Hardhat,Person"
2026-02-09T23:19:52,False,"helmet,vest","NO-Hardhat,Person"
2026-02-09T23:19:52,False,"helmet,vest","NO-Hardhat,Person,Safety Cone"
2026-02-09T23:19:52,False,"helmet,vest","NO-Hardhat,Person,Safety Cone"
2026-02-09T23:19:52,False,"helmet,vest","NO-Hardhat,Person,Safety Cone"
2026-02-09T23:19:52,False,"helmet,vest","NO-Hardhat,Person,Safety Cone"
2026-02-09T23:19:52,False,"helmet,vest","NO-Hardhat,Person,Safety Cone"
2026-02-09T23:19:53,False,"helmet,vest","NO-Hardhat,Person,Safety Cone"
2026-02-09T23:19:53,False,"helmet,vest","NO-Hardhat,Person"
2026-02-09T23:19:53,False,"helmet,vest","NO-Hardhat,Person"
2026-02-09T23:19:53,False,"helmet,vest","NO-Hardhat,Person"
2026-02-09T23:19:53,False,"helmet,vest","NO-Hardhat,NO-Safety Vest,Person"
2026-02-09T23:19:53,False,"helmet,vest","NO-Hardhat,NO-Safety Vest,Person"
2026-02-09T23:19:53,False,"helmet,vest","NO-Hardhat,Person"
2026-02-09T23:19:53,False,"helmet,vest","NO-Hardhat,Person"
2026-02-09T23:19:53,False,"helmet,vest","NO-Hardhat,Person"
2026-02-09T23:19:53,False,"helmet,vest","NO-Hardhat,Person"
2026-02-09T23:19:53,False,"helmet,vest","NO-Hardhat,Person"
2026-02-09T23:19:53,False,"helmet,vest","NO-Hardhat,Person"
2026-02-09T23:19:53,False,"helmet,vest","NO-Hardhat,Person"
2026-02-09T23:19:53,False,"helmet,vest","NO-Hardhat,Person"
2026-02-09T23:19:53,False,"helmet,vest","NO-Hardhat,Person"
2026-02-09T23:19:54,False,"helmet,vest","NO-Hardhat,Person"
2026-02-09T23:19:54,False,"helmet,vest","NO-Hardhat,Person"
2026-02-09T23:19:54,False,"helmet,vest","NO-Hardhat,Person"
2026-02-09T23:19:54,False,"helmet,vest","NO-Hardhat,Person"
2026-02-09T23:19:54,False,"helmet,vest","NO-Hardhat,Person"
2026-02-09T23:19:54,False,"helmet,vest","NO-Hardhat,Person"
2026-02-09T23:19:54,False,"helmet,vest","NO-Hardhat,Person"
2026-02-09T23:19:54,False,"helmet,vest","NO-Hardhat,Person"
2026-02-09T23:19:54,False,"helmet,vest","NO-Hardhat,Person"
2026-02-09T23:19:54,False,"helmet,vest","NO-Hardhat,Person"
2026-02-09T23:19:54,False,"helmet,vest","NO-Hardhat,Person"
2026-02-09T23:19:54,False,"helmet,vest","NO-Hardhat,Person"
2026-02-09T23:19:54,False,"helmet,vest","NO-Hardhat,Person"
2026-02-09T23:19:54,False,"helmet,vest","NO-Hardhat,Person"
2026-02-09T23:19:54,False,"helmet,vest","NO-Hardhat,Person"
2026-02-09T23:19:55,False,"helmet,vest",Person
2026-02-09T23:19:55,False,"helmet,vest","NO-Hardhat,Person"
2026-02-09T23:19:55,False,"helmet,vest","NO-Hardhat,Person"
2026-02-09T23:19:55,False,"helmet,vest",Person
2026-02-09T23:19:55,False,"helmet,vest","NO-Hardhat,Person"
2026-02-09T23:19:55,False,"helmet,vest","NO-Hardhat,Person"
2026-02-09T23:19:55,False,"helmet,vest","NO-Hardhat,Person"
2026-02-09T23:19:55,False,"helmet,vest","NO-Hardhat,Person"
2026-02-09T23:19:55,False,"helmet,vest","NO-Hardhat,Person"
2026-02-09T23:19:55,False,"helmet,vest","NO-Hardhat,Person"
2026-02-09T23:19:55,False,"helmet,vest","NO-Hardhat,Person,Safety Cone"
2026-02-09T23:19:55,False,"helmet,vest","NO-Hardhat,Person"
2026-02-09T23:19:55,False,"helmet,vest","NO-Hardhat,Person"
2026-02-09T23:19:55,False,"helmet,vest","NO-Hardhat,Person"
2026-02-09T23:19:55,False,"helmet,vest","NO-Hardhat,Person,Safety Cone"
2026-02-09T23:19:56,False,"helmet,vest","NO-Hardhat,Person"
2026-02-09T23:19:56,False,"helmet,vest","NO-Hardhat,Person"
2026-02-09T23:19:56,False,"helmet,vest","NO-Hardhat,Person,Safety Cone"
2026-02-09T23:19:56,False,"helmet,vest","NO-Hardhat,Person"
2026-02-09T23:19:56,False,"helmet,vest","NO-Hardhat,Person,Safety Cone"
2026-02-09T23:19:56,False,"helmet,vest","NO-Hardhat,Person,Safety Cone"
2026-02-09T23:19:56,False,"helmet,vest","NO-Hardhat,Person,Safety Cone"
2026-02-09T23:19:56,False,"helmet,vest","NO-Hardhat,Person"
2026-02-09T23:19:56,False,"helmet,vest","NO-Hardhat,Person"
2026-02-09T23:19:56,False,"helmet,vest","NO-Hardhat,Person"
2026-02-09T23:19:56,False,"helmet,vest","NO-Hardhat,Person"
2026-02-09T23:19:56,False,"helmet,vest","NO-Hardhat,Person,Safety Cone"
2026-02-09T23:19:56,False,"helmet,vest","NO-Hardhat,Person,Safety Cone"
2026-02-09T23:19:56,False,"helmet,vest","NO-Hardhat,Person,Safety Cone"
2026-02-09T23:19:56,False,"helmet,vest","NO-Hardhat,Person,Safety Cone"
2026-02-09T23:19:57,False,"helmet,vest","NO-Hardhat,Person,Safety Cone"
2026-02-09T23:19:57,False,"helmet,vest","NO-Hardhat,Person"
2026-02-09T23:19:57,False,"helmet,vest","NO-Hardhat,Person"
2026-02-09T23:19:57,False,"helmet,vest","NO-Hardhat,Person"
2026-02-09T23:19:57,False,"helmet,vest","NO-Hardhat,Person"
2026-02-09T23:19:57,False,"helmet,vest","NO-Hardhat,Person"
2026-02-09T23:19:57,False,"helmet,vest","Mask,NO-Hardhat,Person"
2026-02-09T23:19:57,False,"helmet,vest","Mask,NO-Hardhat,Person"
2026-02-09T23:19:57,False,"helmet,vest","NO-Hardhat,Person"
2026-02-09T23:19:57,False,"helmet,vest","NO-Hardhat,Person"
2026-02-09T23:19:57,False,"helmet,vest","NO-Hardhat,Person,Safety Cone"
2026-02-09T23:19:57,False,"helmet,vest","NO-Hardhat,Person"
2026-02-09T23:19:57,False,"helmet,vest","NO-Hardhat,Person"
2026-02-09T23:19:57,False,"helmet,vest","NO-Hardhat,Person,Safety Cone"
2026-02-09T23:19:57,False,"helmet,vest","NO-Hardhat,Person,Safety Cone"
2026-02-09T23:19:58,False,"helmet,vest","NO-Hardhat,Person,Safety Cone"
2026-02-09T23:19:58,False,"helmet,vest","NO-Hardhat,Person,Safety Cone"
2026-02-09T23:19:58,False,"helmet,vest","NO-Hardhat,Person"
2026-02-09T23:19:58,False,"helmet,vest","NO-Hardhat,Person,Safety Cone"
2026-02-09T23:19:58,False,"helmet,vest","NO-Hardhat,Person,Safety Cone"
2026-02-09T23:19:58,False,"helmet,vest","NO-Hardhat,Person"
2026-02-09T23:19:58,False,"helmet,vest","NO-Hardhat,Person"
2026-02-09T23:19:58,False,"helmet,vest","NO-Hardhat,Person"
2026-02-09T23:19:58,False,"helmet,vest","NO-Hardhat,Person"
2026-02-09T23:19:58,False,"helmet,vest","NO-Hardhat,Person"
2026-02-09T23:19:58,False,"helmet,vest","NO-Hardhat,Person"
2026-02-09T23:19:58,False,"helmet,vest","NO-Hardhat,Person"
2026-02-09T23:19:58,False,"helmet,vest","NO-Hardhat,Person"
2026-02-09T23:19:58,False,"helmet,vest","NO-Hardhat,Person"
2026-02-09T23:19:58,False,"helmet,vest","NO-Hardhat,Person"
2026-02-09T23:19:59,False,"helmet,vest","NO-Hardhat,Person"
2026-02-09T23:19:59,False,"helmet,vest","NO-Hardhat,Person"
2026-02-09T23:19:59,False,"helmet,vest","NO-Hardhat,Person"
2026-02-09T23:19:59,False,"helmet,vest","NO-Hardhat,Person"
2026-02-09T23:19:59,False,"helmet,vest","NO-Hardhat,Person"
2026-02-09T23:19:59,False,"helmet,vest","NO-Hardhat,Person"
2026-02-09T23:19:59,False,"helmet,vest","NO-Hardhat,Person"
2026-02-09T23:19:59,False,"helmet,vest","NO-Hardhat,Person"
2026-02-09T23:19:59,False,"helmet,vest","NO-Hardhat,Person"
2026-02-09T23:19:59,False,"helmet,vest","NO-Hardhat,Person"
2026-02-09T23:19:59,False,"helmet,vest","NO-Hardhat,Person"
2026-02-09T23:19:59,False,"helmet,vest","NO-Hardhat,Person"
2026-02-09T23:19:59,False,"helmet,vest","NO-Hardhat,Person"
2026-02-09T23:19:59,False,"helmet,vest","NO-Hardhat,Person"
2026-02-09T23:19:59,False,"helmet,vest","NO-Hardhat,Person"
2026-02-09T23:20:00,False,"helmet,vest","NO-Hardhat,Person"
2026-02-09T23:20:00,False,"helmet,vest","NO-Hardhat,Person"
2026-02-09T23:20:00,False,"helmet,vest","NO-Hardhat,Person"
2026-02-09T23:20:00,False,"helmet,vest","NO-Hardhat,Person"
2026-02-09T23:20:00,False,"helmet,vest","NO-Hardhat,Person"
2026-02-09T23:20:00,False,"helmet,vest","NO-Hardhat,Person"
2026-02-09T23:20:00,False,"helmet,vest","NO-Hardhat,Person"
2026-02-09T23:20:00,False,"helmet,vest","NO-Hardhat,Person"
2026-02-09T23:20:00,False,"helmet,vest","NO-Hardhat,Person"
2026-02-09T23:20:00,False,"helmet,vest","NO-Hardhat,Person"
2026-02-09T23:20:00,False,"helmet,vest","NO-Hardhat,Person"
2026-02-09T23:20:00,False,"helmet,vest","NO-Hardhat,Person"
2026-02-09T23:20:00,False,"helmet,vest","NO-Hardhat,Person"
2026-02-09T23:20:00,False,"helmet,vest","NO-Hardhat,Person"
2026-02-09T23:20:00,False,"helmet,vest","NO-Hardhat,Person"
2026-02-09T23:20:01,False,"helmet,vest","NO-Hardhat,Person"
2026-02-09T23:20:01,False,"helmet,vest","NO-Hardhat,Person"
2026-02-09T23:20:01,False,"helmet,vest","NO-Hardhat,Person"
2026-02-09T23:20:01,False,"helmet,vest","NO-Hardhat,Person"
2026-02-09T23:20:01,False,"helmet,vest","NO-Hardhat,Person"
2026-02-09T23:20:01,False,"helmet,vest","NO-Hardhat,Person"
2026-02-09T23:20:01,False,"helmet,vest","NO-Hardhat,Person"
2026-02-09T23:20:01,False,"helmet,vest","NO-Hardhat,Person"
2026-02-09T23:20:01,False,"helmet,vest","NO-Hardhat,Person"
2026-02-09T23:20:01,False,"helmet,vest","NO-Hardhat,Person"
2026-02-09T23:20:01,False,"helmet,vest","NO-Hardhat,Person"
2026-02-09T23:20:01,False,"helmet,vest","NO-Hardhat,Person"
2026-02-09T23:20:01,False,"helmet,vest","NO-Hardhat,Person"
2026-02-09T23:20:01,False,"helmet,vest","NO-Hardhat,Person"
2026-02-09T23:20:01,False,"helmet,vest","NO-Hardhat,Person"
2026-02-09T23:20:02,False,"helmet,vest","NO-Hardhat,Person"
2026-02-09T23:20:02,False,"helmet,vest","NO-Hardhat,Person"
2026-02-09T23:20:02,False,"helmet,vest","NO-Hardhat,Person"
2026-02-09T23:20:02,False,"helmet,vest","NO-Hardhat,Person"
2026-02-09T23:20:02,False,"helmet,vest","NO-Hardhat,Person"
2026-02-09T23:20:02,False,"helmet,vest","NO-Hardhat,Person"
2026-02-09T23:20:02,False,"helmet,vest","NO-Hardhat,Person"
2026-02-09T23:20:02,False,"helmet,vest","NO-Hardhat,Person"
2026-02-09T23:20:02,False,"helmet,vest","NO-Hardhat,Person"
2026-02-09T23:20:02,False,"helmet,vest","NO-Hardhat,Person"
2026-02-09T23:20:02,False,"helmet,vest","NO-Hardhat,Person"
2026-02-09T23:20:02,False,"helmet,vest","NO-Hardhat,Person"
2026-02-09T23:20:02,False,"helmet,vest","NO-Hardhat,Person"
2026-02-09T23:20:02,False,"helmet,vest","NO-Hardhat,Person"
2026-02-09T23:20:02,False,"helmet,vest","NO-Hardhat,Person"
2026-02-09T23:20:03,False,"helmet,vest","NO-Hardhat,Person"
2026-02-09T23:20:03,False,"helmet,vest","NO-Hardhat,Person"
2026-02-09T23:20:03,False,"helmet,vest","NO-Hardhat,Person"
2026-02-09T23:20:03,False,"helmet,vest","NO-Hardhat,Person"
2026-02-09T23:20:03,False,"helmet,vest","NO-Hardhat,Person"
2026-02-09T23:20:03,False,"helmet,vest","NO-Hardhat,Person"
2026-02-09T23:20:03,False,"helmet,vest","NO-Hardhat,Person"
2026-02-09T23:20:03,False,"helmet,vest","NO-Hardhat,Person"
2026-02-09T23:20:03,False,"helmet,vest","NO-Hardhat,Person"
2026-02-09T23:20:03,False,"helmet,vest","NO-Hardhat,Person"
2026-02-09T23:20:03,False,"helmet,vest","NO-Hardhat,Person"
2026-02-09T23:20:03,False,"helmet,vest","NO-Hardhat,Person"
2026-02-09T23:20:03,False,"helmet,vest","NO-Hardhat,Person"
2026-02-09T23:20:03,False,"helmet,vest","NO-Hardhat,Person"
2026-02-09T23:20:03,False,"helmet,vest","NO-Hardhat,Person"
2026-02-09T23:20:04,False,"helmet,vest","NO-Hardhat,Person"
2026-02-09T23:20:04,False,"helmet,vest","NO-Hardhat,Person"
2026-02-09T23:20:04,False,"helmet,vest","NO-Hardhat,NO-Mask,Person"
2026-02-09T23:20:04,False,"helmet,vest","NO-Hardhat,Person"
2026-02-09T23:20:04,False,"helmet,vest","NO-Hardhat,Person"
2026-02-09T23:20:04,False,"helmet,vest","NO-Hardhat,Person"
2026-02-09T23:20:04,False,"helmet,vest","NO-Hardhat,Person"
2026-02-09T23:20:04,False,"helmet,vest","NO-Hardhat,Person"
2026-02-09T23:20:04,False,"helmet,vest","NO-Hardhat,Person"
2026-02-09T23:20:04,False,"helmet,vest","NO-Hardhat,Person"
2026-02-09T23:20:04,False,"helmet,vest","NO-Hardhat,Person"
2026-02-09T23:20:04,False,"helmet,vest","NO-Hardhat,Person"
2026-02-09T23:20:04,False,"helmet,vest","NO-Hardhat,Person"
2026-02-09T23:20:04,False,"helmet,vest","NO-Hardhat,Person"
2026-02-09T23:20:04,False,"helmet,vest","NO-Hardhat,Person"
2026-02-09T23:20:05,False,"helmet,vest","NO-Hardhat,Person"
2026-02-09T23:20:05,False,"helmet,vest","NO-Hardhat,Person"
2026-02-09T23:20:05,False,"helmet,vest","NO-Hardhat,Person"
2026-02-09T23:20:05,False,"helmet,vest","NO-Hardhat,Person"
2026-02-09T23:20:05,False,"helmet,vest","NO-Hardhat,Person"
2026-02-09T23:20:05,False,"helmet,vest","NO-Hardhat,Person,Safety Cone"
2026-02-09T23:20:05,False,"helmet,vest","NO-Hardhat,Person"
2026-02-09T23:20:05,False,"helmet,vest","NO-Hardhat,Person"
2026-02-09T23:20:05,False,"helmet,vest","NO-Hardhat,Person"
2026-02-09T23:20:05,False,"helmet,vest","NO-Hardhat,Person"
2026-02-09T23:20:05,False,"helmet,vest","NO-Hardhat,Person"
2026-02-09T23:20:05,False,"helmet,vest","NO-Hardhat,Person"
2026-02-09T23:20:05,False,"helmet,vest","NO-Hardhat,Person"
2026-02-09T23:20:05,False,"helmet,vest","NO-Hardhat,Person"
2026-02-09T23:20:05,False,"helmet,vest","NO-Hardhat,Person"
2026-02-09T23:20:06,False,"helmet,vest","NO-Hardhat,Person"
2026-02-09T23:20:06,False,"helmet,vest","NO-Hardhat,Person"
2026-02-09T23:20:06,False,"helmet,vest","NO-Hardhat,Person"
2026-02-09T23:20:06,False,"helmet,vest","NO-Hardhat,Person"
2026-02-09T23:20:06,False,"helmet,vest","NO-Hardhat,Person"
2026-02-09T23:20:06,False,"helmet,vest","NO-Hardhat,Person"
2026-02-09T23:20:06,False,"helmet,vest","NO-Hardhat,NO-Mask,NO-Safety Vest,Person"
2026-02-09T23:20:06,False,"helmet,vest","NO-Hardhat,NO-Mask,Person"
2026-02-09T23:20:06,False,"helmet,vest","NO-Hardhat,NO-Mask,Person,Safety Vest"
2026-02-09T23:20:06,False,"helmet,vest","NO-Hardhat,NO-Mask,Person"
2026-02-09T23:20:06,False,"helmet,vest","NO-Hardhat,NO-Mask,Person"
2026-02-09T23:20:06,False,"helmet,vest","NO-Hardhat,NO-Mask,Person"
2026-02-09T23:20:06,False,"helmet,vest","NO-Hardhat,NO-Mask,Person"
2026-02-09T23:20:06,False,"helmet,vest","NO-Hardhat,NO-Mask,Person"
2026-02-09T23:20:06,False,"helmet,vest","NO-Hardhat,NO-Mask,Person"
2026-02-09T23:20:07,False,"helmet,vest","NO-Hardhat,NO-Mask,Person"
2026-02-09T23:20:07,False,"helmet,vest","NO-Hardhat,NO-Mask,Person"
2026-02-09T23:20:07,False,"helmet,vest","NO-Hardhat,NO-Mask,Person"
2026-02-09T23:20:07,False,"helmet,vest","NO-Hardhat,NO-Mask,Person"
2026-02-09T23:20:07,False,"helmet,vest","NO-Hardhat,NO-Mask,Person"
2026-02-09T23:20:07,False,"helmet,vest","NO-Hardhat,NO-Mask,Person,Safety Cone"
2026-02-09T23:20:07,False,"helmet,vest","NO-Hardhat,NO-Mask,Person"
2026-02-09T23:20:07,False,"helmet,vest","NO-Hardhat,NO-Mask,Person"
2026-02-09T23:20:07,False,"helmet,vest","NO-Hardhat,Person"
2026-02-09T23:20:07,False,"helmet,vest","NO-Hardhat,NO-Mask,NO-Safety Vest,Person"
2026-02-09T23:20:07,False,"helmet,vest","NO-Hardhat,NO-Mask,Person,Safety Cone"
2026-02-09T23:20:07,False,"helmet,vest","NO-Hardhat,NO-Mask,Person,Safety Cone"
2026-02-09T23:20:07,False,"helmet,vest","NO-Hardhat,Person,Safety Cone"
2026-02-09T23:20:07,False,"helmet,vest","NO-Hardhat,Person,Safety Cone"
2026-02-09T23:20:07,False,"helmet,vest","NO-Hardhat,Person"
2026-02-09T23:20:08,False,"helmet,vest","NO-Hardhat,Person"
2026-02-09T23:20:08,False,"helmet,vest","NO-Hardhat,Person,Safety Cone"
2026-02-09T23:20:08,False,"helmet,vest","NO-Hardhat,Person,Safety Cone"
2026-02-09T23:20:08,False,"helmet,vest","NO-Hardhat,Person,Safety Cone"
2026-02-09T23:20:08,False,"helmet,vest","NO-Hardhat,Person,Safety Cone"
2026-02-09T23:20:08,False,"helmet,vest","NO-Hardhat,Person,Safety Cone"
2026-02-09T23:20:08,False,"helmet,vest","NO-Hardhat,Person"
2026-02-09T23:20:08,False,"helmet,vest","NO-Hardhat,Person"
2026-02-09T23:20:08,False,"helmet,vest","NO-Hardhat,Person"
2026-02-09T23:20:08,False,"helmet,vest","NO-Hardhat,Person"
2026-02-09T23:20:08,False,"helmet,vest","NO-Hardhat,NO-Mask,NO-Safety Vest,Person"
2026-02-09T23:20:08,False,"helmet,vest","NO-Hardhat,Person,Safety Cone"
2026-02-09T23:20:08,False,"helmet,vest","NO-Hardhat,NO-Safety Vest,Person"
2026-02-09T23:20:08,False,"helmet,vest","NO-Hardhat,Person"
2026-02-09T23:20:08,False,"helmet,vest","NO-Hardhat,Person"
2026-02-09T23:20:09,False,"helmet,vest","NO-Hardhat,Person"
2026-02-09T23:20:09,False,"helmet,vest","NO-Hardhat,Person"
2026-02-09T23:20:09,False,"helmet,vest","NO-Hardhat,Person"
2026-02-09T23:20:09,False,"helmet,vest","NO-Hardhat,Person"
2026-02-09T23:20:09,False,"helmet,vest","NO-Hardhat,Person"
2026-02-09T23:20:09,False,"helmet,vest","NO-Hardhat,Person"
2026-02-09T23:20:09,False,"helmet,vest","NO-Hardhat,Person"
2026-02-09T23:20:09,False,"helmet,vest","NO-Hardhat,Person"
2026-02-09T23:20:09,False,"helmet,vest","NO-Hardhat,Person,Safety Cone"
2026-02-09T23:20:09,False,"helmet,vest","NO-Hardhat,Person,Safety Cone"
2026-02-09T23:20:09,False,"helmet,vest","NO-Hardhat,Person,Safety Cone"
2026-02-09T23:20:09,False,"helmet,vest","NO-Hardhat,Person"
2026-02-09T23:20:09,False,"helmet,vest","NO-Hardhat,Person"
2026-02-09T23:20:09,False,"helmet,vest","NO-Hardhat,Person"
2026-02-09T23:20:09,False,"helmet,vest","NO-Hardhat,Person"
2026-02-09T23:20:10,False,"helmet,vest","NO-Hardhat,Person"
2026-02-09T23:20:10,False,"helmet,vest","NO-Hardhat,Person"
2026-02-09T23:20:10,False,"helmet,vest","NO-Hardhat,Person"
2026-02-09T23:20:10,False,"helmet,vest","NO-Hardhat,Person"
2026-02-09T23:20:10,False,"helmet,vest","NO-Hardhat,Person"
2026-02-09T23:20:10,False,"helmet,vest","NO-Hardhat,Person"
2026-02-09T23:20:10,False,"helmet,vest","NO-Hardhat,NO-Mask,Person"
2026-02-09T23:20:10,False,"helmet,vest","NO-Hardhat,NO-Mask,Person"
2026-02-09T23:20:10,False,"helmet,vest","NO-Hardhat,NO-Mask,Person"
2026-02-09T23:20:10,False,"helmet,vest","NO-Hardhat,NO-Mask,Person"
2026-02-09T23:20:10,False,"helmet,vest","NO-Hardhat,NO-Mask,Person"
2026-02-09T23:20:10,False,"helmet,vest","NO-Hardhat,Person"
2026-02-09T23:20:10,False,"helmet,vest","NO-Hardhat,NO-Mask,Person"
2026-02-09T23:20:10,False,"helmet,vest","NO-Hardhat,NO-Mask,Person"
2026-02-09T23:20:10,False,"helmet,vest","NO-Hardhat,NO-Mask,Person,Safety Cone"
2026-02-09T23:20:11,False,"helmet,vest","NO-Hardhat,Person"
2026-02-09T23:20:11,False,"helmet,vest","NO-Hardhat,Person"
2026-02-09T23:20:11,False,"helmet,vest","NO-Hardhat,NO-Mask,Person"
2026-02-09T23:20:11,False,"helmet,vest","NO-Hardhat,NO-Mask,Person,Safety Cone"
2026-02-09T23:20:11,False,"helmet,vest","NO-Hardhat,NO-Mask,Person"
2026-02-09T23:20:11,False,"helmet,vest","NO-Mask,Person,Safety Cone"
2026-02-09T23:20:11,False,"helmet,vest","NO-Hardhat,NO-Mask,Person,Safety Cone"
2026-02-09T23:20:11,False,"helmet,vest","NO-Mask,NO-Safety Vest,Person,Safety Cone"
2026-02-09T23:20:11,False,"helmet,vest","NO-Mask,NO-Safety Vest,Person,Safety Cone"
2026-02-09T23:20:11,False,"helmet,vest","NO-Hardhat,NO-Mask,NO-Safety Vest,Person"
2026-02-09T23:20:11,False,"helmet,vest","NO-Mask,NO-Safety Vest,Person"
2026-02-09T23:20:11,False,"helmet,vest","Mask,NO-Mask,NO-Safety Vest,Person"
2026-02-09T23:20:11,False,"helmet,vest","NO-Hardhat,NO-Mask,NO-Safety Vest,Person"
2026-02-09T23:20:11,False,"helmet,vest","NO-Mask,NO-Safety Vest,Person"
2026-02-09T23:20:11,False,"helmet,vest","NO-Mask,NO-Safety Vest,Person"
2026-02-09T23:20:12,False,"helmet,vest","NO-Hardhat,NO-Mask,NO-Safety Vest,Person"
2026-02-09T23:20:12,False,"helmet,vest","NO-Hardhat,NO-Mask,NO-Safety Vest,Person"
2026-02-09T23:20:12,False,"helmet,vest","NO-Hardhat,NO-Mask,Person"
2026-02-09T23:20:12,False,"helmet,vest","NO-Hardhat,NO-Mask,NO-Safety Vest,Person"
2026-02-09T23:20:12,False,"helmet,vest","NO-Hardhat,NO-Mask,NO-Safety Vest,Person"
2026-02-09T23:20:12,False,"helmet,vest","Mask,NO-Hardhat,NO-Mask,NO-Safety Vest,Person"
2026-02-09T23:20:12,False,"helmet,vest","NO-Hardhat,NO-Mask,NO-Safety Vest,Person"
2026-02-09T23:20:12,False,"helmet,vest","Mask,NO-Hardhat,NO-Mask,NO-Safety Vest,Person"
2026-02-09T23:20:12,False,"helmet,vest","NO-Hardhat,NO-Mask,NO-Safety Vest,Person"
2026-02-09T23:20:12,False,"helmet,vest","Mask,NO-Hardhat,NO-Mask,NO-Safety Vest,Person"
2026-02-09T23:20:12,False,"helmet,vest","Mask,NO-Hardhat,NO-Mask,NO-Safety Vest,Person"
2026-02-09T23:20:12,False,"helmet,vest","NO-Hardhat,NO-Mask,NO-Safety Vest,Person"
2026-02-09T23:20:12,False,"helmet,vest","NO-Hardhat,NO-Mask,NO-Safety Vest,Person"
2026-02-09T23:20:12,False,"helmet,vest","NO-Hardhat,NO-Mask,NO-Safety Vest,Person"
2026-02-09T23:20:12,False,"helmet,vest","NO-Hardhat,NO-Mask,NO-Safety Vest,Person"
2026-02-09T23:20:13,False,"helmet,vest","NO-Hardhat,NO-Mask,NO-Safety Vest,Person"
2026-02-09T23:20:13,False,"helmet,vest","NO-Hardhat,NO-Mask,NO-Safety Vest,Person"
2026-02-09T23:20:13,False,"helmet,vest","NO-Hardhat,NO-Mask,NO-Safety Vest,Person"
2026-02-09T23:20:13,False,"helmet,vest","NO-Hardhat,NO-Mask,NO-Safety Vest,Person"
2026-02-09T23:20:13,False,"helmet,vest","NO-Hardhat,NO-Mask,NO-Safety Vest,Person"
2026-02-09T23:20:13,False,"helmet,vest","NO-Hardhat,NO-Mask,NO-Safety Vest,Person"
2026-02-09T23:20:13,False,"helmet,vest","NO-Hardhat,NO-Mask,NO-Safety Vest,Person"
2026-02-09T23:20:13,False,"helmet,vest","NO-Hardhat,NO-Mask,NO-Safety Vest,Person"
2026-02-09T23:20:13,False,"helmet,vest","NO-Hardhat,NO-Mask,NO-Safety Vest,Person"
2026-02-09T23:20:13,False,"helmet,vest","NO-Hardhat,NO-Mask,NO-Safety Vest,Person"
2026-02-09T23:20:13,False,"helmet,vest","NO-Hardhat,NO-Mask,NO-Safety Vest,Person"
2026-02-09T23:20:13,False,"helmet,vest","NO-Hardhat,NO-Mask,NO-Safety Vest,Person"
2026-02-09T23:20:13,False,"helmet,vest","NO-Hardhat,NO-Mask,NO-Safety Vest,Person"
2026-02-09T23:20:13,False,"helmet,vest","NO-Hardhat,NO-Mask,NO-Safety Vest,Person"
2026-02-09T23:20:13,False,"helmet,vest","NO-Hardhat,NO-Mask,NO-Safety Vest,Person"
2026-02-09T23:20:14,False,"helmet,vest","NO-Hardhat,NO-Mask,NO-Safety Vest,Person"
2026-02-09T23:20:14,False,"helmet,vest","NO-Hardhat,NO-Mask,NO-Safety Vest,Person"
2026-02-09T23:20:14,False,"helmet,vest","NO-Hardhat,NO-Mask,Person"
2026-02-09T23:20:14,False,"helmet,vest","NO-Hardhat,NO-Mask,Person"
2026-02-09T23:20:14,False,"helmet,vest","NO-Hardhat,NO-Mask,Person"
2026-02-09T23:20:14,False,"helmet,vest","NO-Hardhat,NO-Mask,Person"
2026-02-09T23:20:14,False,"helmet,vest","NO-Hardhat,NO-Mask,Person"
2026-02-09T23:20:14,False,"helmet,vest","NO-Hardhat,NO-Mask,Person"
2026-02-09T23:20:14,False,"helmet,vest","NO-Hardhat,NO-Mask,Person"
2026-02-09T23:20:14,False,"helmet,vest","NO-Hardhat,NO-Mask,Person"
2026-02-09T23:20:14,False,"helmet,vest","NO-Hardhat,NO-Mask,Person"
2026-02-09T23:20:14,False,"helmet,vest","NO-Hardhat,NO-Mask,Person"
2026-02-09T23:20:14,False,"helmet,vest","NO-Hardhat,Person"
2026-02-09T23:20:14,False,"helmet,vest","NO-Hardhat,Person"
2026-02-09T23:20:14,False,"helmet,vest","NO-Hardhat,NO-Mask,Person"
2026-02-09T23:20:15,False,"helmet,vest","NO-Hardhat,NO-Mask,Person"
2026-02-09T23:20:15,False,"helmet,vest","NO-Hardhat,NO-Mask,Person"
2026-02-09T23:20:15,False,"helmet,vest","NO-Hardhat,NO-Mask,Person"
2026-02-09T23:20:15,False,"helmet,vest","NO-Hardhat,NO-Mask,Person"
2026-02-09T23:20:15,False,"helmet,vest","NO-Hardhat,NO-Mask,Person"
2026-02-09T23:20:15,False,"helmet,vest","NO-Hardhat,NO-Mask,Person"
2026-02-09T23:20:15,False,"helmet,vest","NO-Hardhat,NO-Mask,NO-Safety Vest,Person"
2026-02-09T23:20:15,False,"helmet,vest","Mask,NO-Mask,Person"
2026-02-09T23:20:15,False,"helmet,vest","NO-Hardhat,NO-Mask,Person"
2026-02-09T23:20:15,False,"helmet,vest","NO-Hardhat,NO-Mask,Person"
2026-02-09T23:20:15,False,"helmet,vest","NO-Hardhat,NO-Mask,Person"
2026-02-09T23:20:15,False,"helmet,vest","NO-Hardhat,NO-Mask,Person"
2026-02-09T23:20:15,False,"helmet,vest","NO-Hardhat,NO-Mask,Person"
2026-02-09T23:20:15,False,"helmet,vest","NO-Hardhat,NO-Mask,NO-Safety Vest,Person"
2026-02-09T23:20:15,False,"helmet,vest","NO-Hardhat,NO-Mask,Person"
2026-02-09T23:20:16,False,"helmet,vest","NO-Hardhat,NO-Mask,NO-Safety Vest,Person"
2026-02-09T23:20:16,False,"helmet,vest","NO-Hardhat,NO-Mask,Person"
2026-02-09T23:20:16,False,"helmet,vest","NO-Hardhat,NO-Mask,NO-Safety Vest,Person"
2026-02-09T23:20:16,False,"helmet,vest","NO-Hardhat,NO-Mask,NO-Safety Vest,Person"
2026-02-09T23:20:16,False,"helmet,vest","NO-Hardhat,NO-Mask,NO-Safety Vest,Person"
2026-02-09T23:20:16,False,"helmet,vest","Mask,NO-Hardhat,NO-Mask,NO-Safety Vest,Person"
2026-02-09T23:20:16,False,"helmet,vest","Mask,NO-Hardhat,NO-Mask,NO-Safety Vest,Person"
2026-02-09T23:20:16,False,"helmet,vest","Mask,NO-Hardhat,NO-Mask,NO-Safety Vest,Person"
2026-02-09T23:20:16,False,"helmet,vest","Mask,NO-Hardhat,NO-Mask,NO-Safety Vest,Person"
2026-02-09T23:20:16,False,"helmet,vest","NO-Hardhat,NO-Mask,NO-Safety Vest,Person"
2026-02-09T23:20:16,False,"helmet,vest","NO-Hardhat,NO-Mask,NO-Safety Vest,Person"
2026-02-09T23:20:16,False,"helmet,vest","NO-Hardhat,NO-Mask,NO-Safety Vest,Person"
2026-02-09T23:20:16,False,"helmet,vest","NO-Hardhat,NO-Mask,NO-Safety Vest,Person"
2026-02-09T23:20:16,False,"helmet,vest","NO-Hardhat,NO-Mask,NO-Safety Vest,Person"
2026-02-09T23:20:16,False,"helmet,vest","NO-Hardhat,NO-Mask,NO-Safety Vest,Person"
2026-02-09T23:20:17,False,"helmet,vest","NO-Hardhat,NO-Mask,NO-Safety Vest,Person"
2026-02-09T23:20:17,False,"helmet,vest","NO-Hardhat,NO-Mask,NO-Safety Vest,Person"
2026-02-09T23:20:17,False,"helmet,vest","NO-Hardhat,NO-Mask,NO-Safety Vest,Person"
2026-02-09T23:20:17,False,"helmet,vest","NO-Hardhat,NO-Mask,NO-Safety Vest,Person"
2026-02-09T23:20:17,False,"helmet,vest","NO-Hardhat,NO-Mask,NO-Safety Vest,Person"
2026-02-09T23:20:17,False,"helmet,vest","NO-Hardhat,NO-Mask,NO-Safety Vest,Person"
2026-02-09T23:20:17,False,"helmet,vest","NO-Mask,NO-Safety Vest,Person"
2026-02-09T23:20:17,False,"helmet,vest","NO-Mask,NO-Safety Vest,Person"
2026-02-09T23:20:17,False,"helmet,vest","NO-Hardhat,NO-Mask,NO-Safety Vest,Person"
2026-02-09T23:20:17,False,"helmet,vest","NO-Hardhat,NO-Mask,NO-Safety Vest,Person"
2026-02-09T23:20:17,False,"helmet,vest","NO-Hardhat,NO-Mask,Person"
2026-02-09T23:20:17,False,"helmet,vest","NO-Hardhat,NO-Mask,Person"
2026-02-09T23:20:17,False,"helmet,vest","NO-Hardhat,NO-Mask,Person"
2026-02-09T23:20:17,False,"helmet,vest","Mask,NO-Mask,Person"
2026-02-09T23:20:17,False,"helmet,vest","NO-Hardhat,NO-Mask,NO-Safety Vest,Person"
2026-02-09T23:20:18,False,"helmet,vest","NO-Hardhat,NO-Mask,NO-Safety Vest,Person"
2026-02-09T23:20:18,False,"helmet,vest","NO-Hardhat,NO-Mask,NO-Safety Vest,Person"
2026-02-09T23:20:18,False,"helmet,vest","NO-Hardhat,NO-Mask,NO-Safety Vest,Person"
2026-02-09T23:20:18,False,"helmet,vest","NO-Hardhat,NO-Mask,NO-Safety Vest,Person"
2026-02-09T23:20:18,False,"helmet,vest","NO-Hardhat,NO-Mask,Person"
2026-02-09T23:20:18,False,"helmet,vest","NO-Hardhat,NO-Mask,NO-Safety Vest,Person"
2026-02-09T23:20:18,False,"helmet,vest","NO-Hardhat,NO-Mask,Person"
2026-02-09T23:20:18,False,"helmet,vest","NO-Hardhat,NO-Mask,Person"
2026-02-09T23:20:18,False,"helmet,vest","NO-Hardhat,NO-Mask,Person"
2026-02-09T23:20:18,False,"helmet,vest","NO-Hardhat,NO-Mask,NO-Safety Vest,Person"
2026-02-09T23:20:18,False,"helmet,vest","NO-Hardhat,NO-Mask,NO-Safety Vest,Person"
2026-02-09T23:20:18,False,"helmet,vest","Mask,NO-Mask,NO-Safety Vest,Person"
2026-02-09T23:20:18,False,"helmet,vest","NO-Hardhat,NO-Mask,Person"
2026-02-09T23:20:18,False,"helmet,vest","NO-Hardhat,NO-Mask,NO-Safety Vest,Person"
2026-02-09T23:20:19,False,"helmet,vest","NO-Hardhat,NO-Mask,Person"
2026-02-09T23:20:19,False,"helmet,vest","Mask,NO-Mask,Person"
2026-02-09T23:20:19,False,"helmet,vest","NO-Hardhat,NO-Mask,Person"
2026-02-09T23:20:19,False,"helmet,vest","NO-Hardhat,NO-Mask,NO-Safety Vest,Person"
2026-02-09T23:20:19,False,"helmet,vest","NO-Hardhat,NO-Mask,NO-Safety Vest,Person"
2026-02-09T23:20:19,False,"helmet,vest","NO-Hardhat,NO-Mask,NO-Safety Vest,Person"
2026-02-09T23:20:19,False,"helmet,vest","Mask,NO-Hardhat,NO-Mask,NO-Safety Vest,Person"
2026-02-09T23:20:19,False,"helmet,vest","Mask,NO-Mask,NO-Safety Vest,Person"
2026-02-09T23:20:19,False,"helmet,vest","NO-Hardhat,NO-Mask,NO-Safety Vest,Person"
2026-02-09T23:20:19,False,"helmet,vest","NO-Hardhat,NO-Mask,NO-Safety Vest,Person"
2026-02-09T23:20:19,False,"helmet,vest","Mask,NO-Hardhat,NO-Mask,NO-Safety Vest,Person"
2026-02-09T23:20:19,False,"helmet,vest","Mask,NO-Hardhat,NO-Mask,NO-Safety Vest,Person"
2026-02-09T23:20:19,False,"helmet,vest","Mask,NO-Mask,NO-Safety Vest,Person"
2026-02-09T23:20:19,False,"helmet,vest","Mask,NO-Hardhat,NO-Mask,NO-Safety Vest,Person"
2026-02-09T23:20:19,False,"helmet,vest","NO-Hardhat,NO-Mask,NO-Safety Vest,Person"
2026-02-09T23:20:20,False,"helmet,vest","NO-Hardhat,NO-Mask,Person"
2026-02-09T23:20:20,False,"helmet,vest","NO-Hardhat,NO-Mask,Person"
2026-02-09T23:20:20,False,"helmet,vest","NO-Hardhat,NO-Mask,Person"
2026-02-09T23:20:20,False,"helmet,vest","NO-Hardhat,NO-Mask,Person"
2026-02-09T23:20:20,False,"helmet,vest","NO-Hardhat,NO-Mask,Person"
2026-02-09T23:20:20,False,"helmet,vest","NO-Hardhat,NO-Mask,Person"
2026-02-09T23:20:20,False,"helmet,vest","NO-Hardhat,NO-Mask,Person"
2026-02-09T23:20:20,False,"helmet,vest","NO-Hardhat,NO-Mask,Person"
2026-02-09T23:20:20,False,"helmet,vest","Mask,NO-Hardhat,NO-Mask,Person"
2026-02-09T23:20:20,False,"helmet,vest","NO-Hardhat,NO-Mask,Person"
2026-02-09T23:20:20,False,"helmet,vest","NO-Hardhat,NO-Mask,NO-Safety Vest,Person"
2026-02-09T23:20:20,False,"helmet,vest","NO-Hardhat,NO-Mask,NO-Safety Vest,Person"
2026-02-09T23:20:20,False,"helmet,vest","NO-Hardhat,NO-Mask,NO-Safety Vest,Person"
2026-02-09T23:20:20,False,"helmet,vest","NO-Hardhat,NO-Mask,NO-Safety Vest,Person"
2026-02-09T23:20:20,False,"helmet,vest","NO-Hardhat,NO-Mask,NO-Safety Vest,Person"
2026-02-09T23:20:21,False,"helmet,vest","NO-Hardhat,NO-Mask,NO-Safety Vest,Person"
2026-02-09T23:20:21,False,"helmet,vest","NO-Hardhat,NO-Mask,NO-Safety Vest,Person"
2026-02-09T23:20:21,False,"helmet,vest","NO-Hardhat,NO-Mask,NO-Safety Vest,Person"
2026-02-09T23:20:21,False,"helmet,vest","NO-Hardhat,NO-Mask,NO-Safety Vest,Person"
2026-02-09T23:20:21,False,"helmet,vest","NO-Hardhat,NO-Mask,NO-Safety Vest,Person"
2026-02-09T23:20:21,False,"helmet,vest","NO-Hardhat,NO-Mask,NO-Safety Vest,Person"
2026-02-09T23:20:21,False,"helmet,vest","NO-Hardhat,NO-Mask,NO-Safety Vest,Person"
2026-02-09T23:20:21,False,"helmet,vest","NO-Hardhat,NO-Mask,NO-Safety Vest,Person"
2026-02-09T23:20:21,False,"helmet,vest","NO-Hardhat,NO-Mask,NO-Safety Vest,Person"
2026-02-09T23:20:21,False,"helmet,vest","NO-Hardhat,NO-Mask,NO-Safety Vest,Person"
2026-02-09T23:20:21,False,"helmet,vest","Mask,NO-Hardhat,NO-Mask,NO-Safety Vest,Person"
2026-02-09T23:20:21,False,"helmet,vest","Mask,NO-Hardhat,NO-Mask,NO-Safety Vest,Person"
2026-02-09T23:20:21,False,"helmet,vest","NO-Hardhat,NO-Mask,NO-Safety Vest,Person"
2026-02-09T23:20:21,False,"helmet,vest","NO-Hardhat,NO-Mask,NO-Safety Vest,Person"
2026-02-09T23:20:21,False,"helmet,vest","NO-Hardhat,NO-Mask,NO-Safety Vest,Person"
2026-02-09T23:20:22,False,"helmet,vest","NO-Hardhat,NO-Mask,NO-Safety Vest,Person"
2026-02-09T23:20:22,False,"helmet,vest","NO-Hardhat,NO-Mask,NO-Safety Vest,Person"
2026-02-09T23:20:22,False,"helmet,vest","NO-Hardhat,NO-Mask,NO-Safety Vest,Person"
2026-02-09T23:20:22,False,"helmet,vest","NO-Hardhat,NO-Mask,NO-Safety Vest,Person"
2026-02-09T23:20:22,False,"helmet,vest","NO-Hardhat,NO-Mask,NO-Safety Vest,Person"
2026-02-09T23:20:22,False,"helmet,vest","NO-Hardhat,NO-Mask,NO-Safety Vest,Person"
2026-02-09T23:20:22,False,"helmet,vest","NO-Hardhat,NO-Mask,NO-Safety Vest,Person"
2026-02-09T23:20:22,False,"helmet,vest","NO-Hardhat,NO-Mask,NO-Safety Vest,Person"
2026-02-09T23:20:22,False,"helmet,vest","NO-Hardhat,NO-Mask,NO-Safety Vest,Person"
2026-02-09T23:20:22,False,"helmet,vest","NO-Hardhat,NO-Mask,NO-Safety Vest,Person"
2026-02-09T23:20:22,False,"helmet,vest","NO-Hardhat,NO-Mask,NO-Safety Vest,Person"
2026-02-09T23:20:22,False,"helmet,vest","NO-Hardhat,NO-Mask,NO-Safety Vest,Person"
2026-02-09T23:20:22,False,"helmet,vest","NO-Hardhat,NO-Mask,NO-Safety Vest,Person"
2026-02-09T23:20:22,False,"helmet,vest","NO-Hardhat,NO-Mask,NO-Safety Vest,Person"
2026-02-09T23:20:22,False,"helmet,vest","NO-Hardhat,NO-Mask,NO-Safety Vest,Person"
2026-02-09T23:20:23,False,"helmet,vest","NO-Hardhat,NO-Mask,NO-Safety Vest,Person"
2026-02-09T23:20:23,False,"helmet,vest","NO-Hardhat,NO-Mask,NO-Safety Vest,Person"
2026-02-09T23:20:23,False,"helmet,vest","NO-Hardhat,NO-Mask,NO-Safety Vest,Person"
2026-02-09T23:20:23,False,"helmet,vest","NO-Hardhat,NO-Mask,NO-Safety Vest,Person"
2026-02-09T23:20:23,False,"helmet,vest","NO-Hardhat,NO-Mask,NO-Safety Vest,Person"
2026-02-09T23:20:23,False,"helmet,vest","NO-Hardhat,NO-Mask,NO-Safety Vest,Person"
2026-02-09T23:20:23,False,"helmet,vest","NO-Hardhat,NO-Mask,NO-Safety Vest,Person"
2026-02-09T23:20:23,False,"helmet,vest","NO-Hardhat,NO-Mask,NO-Safety Vest,Person"
2026-02-09T23:20:23,False,"helmet,vest","NO-Hardhat,NO-Mask,NO-Safety Vest,Person"
2026-02-09T23:20:23,False,"helmet,vest","NO-Hardhat,NO-Mask,NO-Safety Vest,Person"
2026-02-09T23:20:23,False,"helmet,vest","NO-Hardhat,NO-Mask,NO-Safety Vest,Person"
2026-02-09T23:20:23,False,"helmet,vest","NO-Hardhat,NO-Mask,NO-Safety Vest,Person"
2026-02-09T23:20:23,False,"helmet,vest","NO-Hardhat,NO-Mask,NO-Safety Vest,Person"
2026-02-09T23:20:23,False,"helmet,vest","NO-Hardhat,NO-Mask,NO-Safety Vest,Person"
2026-02-09T23:20:23,False,"helmet,vest","NO-Hardhat,NO-Mask,NO-Safety Vest,Person"
2026-02-09T23:20:24,False,"helmet,vest","NO-Hardhat,NO-Mask,NO-Safety Vest,Person"
2026-02-09T23:20:24,False,"helmet,vest","NO-Hardhat,NO-Mask,NO-Safety Vest,Person"
2026-02-09T23:20:24,False,"helmet,vest","NO-Hardhat,NO-Mask,NO-Safety Vest,Person"
2026-02-09T23:20:24,False,"helmet,vest","NO-Hardhat,NO-Mask,NO-Safety Vest,Person"
2026-02-09T23:20:24,False,"helmet,vest","NO-Hardhat,NO-Mask,NO-Safety Vest,Person"
2026-02-09T23:20:24,False,"helmet,vest","NO-Hardhat,NO-Mask,NO-Safety Vest,Person"
2026-02-09T23:20:24,False,"helmet,vest","NO-Hardhat,NO-Mask,NO-Safety Vest,Person"
2026-02-09T23:20:24,False,"helmet,vest","NO-Hardhat,NO-Mask,NO-Safety Vest,Person"
2026-02-09T23:20:24,False,"helmet,vest","NO-Hardhat,NO-Mask,NO-Safety Vest,Person"
2026-02-09T23:20:24,False,"helmet,vest","NO-Hardhat,NO-Mask,NO-Safety Vest,Person"
2026-02-09T23:20:24,False,"helmet,vest","NO-Hardhat,NO-Mask,NO-Safety Vest,Person"
2026-02-09T23:20:24,False,"helmet,vest","NO-Hardhat,NO-Mask,NO-Safety Vest,Person"
2026-02-09T23:20:24,False,"helmet,vest","NO-Hardhat,NO-Mask,NO-Safety Vest,Person"
2026-02-09T23:20:24,False,"helmet,vest","NO-Hardhat,NO-Mask,NO-Safety Vest,Person"
2026-02-09T23:20:24,False,"helmet,vest","NO-Hardhat,NO-Mask,NO-Safety Vest,Person"
2026-02-09T23:20:25,False,"helmet,vest","NO-Hardhat,NO-Mask,NO-Safety Vest,Person"
2026-02-09T23:20:25,False,"helmet,vest","NO-Hardhat,NO-Mask,Person"
2026-02-09T23:20:25,False,"helmet,vest","NO-Hardhat,NO-Mask,Person"
2026-02-09T23:20:25,False,"helmet,vest","NO-Hardhat,NO-Mask,Person"
2026-02-09T23:20:25,False,"helmet,vest","NO-Hardhat,NO-Mask,Person"
2026-02-09T23:20:25,False,"helmet,vest","NO-Hardhat,NO-Mask,Person"
2026-02-09T23:20:25,False,"helmet,vest","NO-Hardhat,NO-Mask,Person"
2026-02-09T23:20:25,False,"helmet,vest","NO-Hardhat,NO-Mask,Person"
2026-02-09T23:20:25,False,"helmet,vest","NO-Hardhat,NO-Mask,Person"
2026-02-09T23:20:25,False,"helmet,vest","NO-Hardhat,NO-Mask,Person"
2026-02-09T23:20:25,False,"helmet,vest","NO-Hardhat,NO-Mask,Person"
2026-02-09T23:20:25,False,"helmet,vest","NO-Hardhat,NO-Mask,Person"
2026-02-09T23:20:25,False,"helmet,vest","NO-Hardhat,NO-Mask,Person"
2026-02-09T23:20:25,False,"helmet,vest","NO-Hardhat,NO-Mask,Person"
2026-02-09T23:20:25,False,"helmet,vest","NO-Hardhat,NO-Mask,Person"
2026-02-09T23:20:26,False,"helmet,vest","NO-Hardhat,Person"
2026-02-09T23:20:26,False,"helmet,vest","NO-Hardhat,Person"
2026-02-09T23:20:26,False,"helmet,vest","NO-Hardhat,Person"
2026-02-09T23:20:26,False,"helmet,vest","NO-Hardhat,NO-Mask,Person"
2026-02-09T23:20:26,False,"helmet,vest","NO-Hardhat,NO-Mask,Person"
2026-02-09T23:20:26,False,"helmet,vest","NO-Hardhat,NO-Mask,Person"
2026-02-09T23:20:26,False,"helmet,vest","NO-Hardhat,NO-Mask,Person"
2026-02-09T23:20:26,False,"helmet,vest","NO-Hardhat,NO-Mask,Person"
2026-02-09T23:20:26,False,"helmet,vest","NO-Hardhat,NO-Mask,Person"
2026-02-09T23:20:26,False,"helmet,vest","NO-Hardhat,NO-Mask,Person"
2026-02-09T23:20:26,False,"helmet,vest","NO-Hardhat,NO-Mask,Person"
2026-02-09T23:20:26,False,"helmet,vest","NO-Hardhat,NO-Mask,Person"
2026-02-09T23:20:26,False,"helmet,vest","NO-Hardhat,NO-Mask,Person"
2026-02-09T23:20:26,False,"helmet,vest","NO-Hardhat,NO-Mask,Person"
2026-02-09T23:20:26,False,"helmet,vest","NO-Hardhat,NO-Mask,Person"
2026-02-09T23:20:27,False,"helmet,vest","NO-Hardhat,NO-Mask,Person"
2026-02-09T23:20:27,False,"helmet,vest","NO-Hardhat,NO-Mask,Person"
2026-02-09T23:20:27,False,"helmet,vest","NO-Hardhat,Person"
2026-02-09T23:20:27,False,"helmet,vest","NO-Hardhat,NO-Mask,Person"
2026-02-09T23:20:27,False,"helmet,vest","NO-Hardhat,NO-Mask,Person"
2026-02-09T23:20:27,False,"helmet,vest","NO-Hardhat,Person"
2026-02-09T23:20:27,False,"helmet,vest","NO-Hardhat,Person"
2026-02-09T23:20:27,False,"helmet,vest","NO-Hardhat,Person"
2026-02-09T23:20:27,False,"helmet,vest","NO-Hardhat,Person"
2026-02-09T23:20:27,False,"helmet,vest","NO-Hardhat,NO-Mask,Person"
2026-02-09T23:20:27,False,"helmet,vest","NO-Hardhat,Person"
2026-02-09T23:20:27,False,"helmet,vest","NO-Hardhat,NO-Mask,Person"
2026-02-09T23:20:27,False,"helmet,vest","NO-Hardhat,NO-Mask,Person"
2026-02-09T23:20:27,False,"helmet,vest","NO-Hardhat,NO-Mask,Person"
2026-02-09T23:20:27,False,"helmet,vest","NO-Hardhat,NO-Mask,Person"
2026-02-09T23:20:28,False,"helmet,vest","NO-Hardhat,NO-Mask,Person"
2026-02-09T23:20:28,False,"helmet,vest","NO-Hardhat,NO-Mask,Person"
2026-02-09T23:20:28,False,"helmet,vest","Mask,NO-Hardhat,NO-Mask,Person"
2026-02-09T23:20:28,False,"helmet,vest","NO-Hardhat,NO-Mask,Person"
2026-02-09T23:20:28,False,"helmet,vest","NO-Hardhat,NO-Mask,Person"
2026-02-09T23:20:28,False,"helmet,vest","NO-Hardhat,NO-Mask,NO-Safety Vest,Person"
2026-02-09T23:20:28,False,"helmet,vest","NO-Hardhat,NO-Mask,NO-Safety Vest,Person"
2026-02-09T23:20:28,False,"helmet,vest","NO-Hardhat,NO-Mask,NO-Safety Vest,Person"
2026-02-09T23:20:28,False,"helmet,vest","NO-Hardhat,NO-Mask,NO-Safety Vest,Person"
2026-02-09T23:20:28,False,"helmet,vest","NO-Hardhat,NO-Mask,NO-Safety Vest,Person"
2026-02-09T23:20:28,False,"helmet,vest","NO-Hardhat,NO-Mask,NO-Safety Vest,Person"
2026-02-09T23:20:28,False,"helmet,vest","NO-Hardhat,NO-Mask,NO-Safety Vest,Person"
2026-02-09T23:20:28,False,"helmet,vest","NO-Hardhat,NO-Mask,NO-Safety Vest,Person"
2026-02-09T23:20:28,False,"helmet,vest","NO-Hardhat,NO-Mask,NO-Safety Vest,Person"
2026-02-09T23:20:28,False,"helmet,vest","NO-Hardhat,NO-Mask,NO-Safety Vest,Person"
2026-02-09T23:20:29,False,"helmet,vest","NO-Hardhat,NO-Mask,NO-Safety Vest,Person"
2026-02-09T23:20:29,False,"helmet,vest","NO-Hardhat,NO-Mask,NO-Safety Vest,Person"
2026-02-09T23:20:29,False,"helmet,vest","NO-Hardhat,NO-Mask,NO-Safety Vest,Person"
2026-02-09T23:20:29,False,"helmet,vest","NO-Hardhat,NO-Mask,NO-Safety Vest,Person"
2026-02-09T23:20:29,False,"helmet,vest","Mask,NO-Hardhat,NO-Mask,NO-Safety Vest,Person"
2026-02-09T23:20:29,False,"helmet,vest","Mask,NO-Hardhat,NO-Mask,Person"
2026-02-09T23:20:29,False,"helmet,vest","Mask,NO-Hardhat,NO-Mask,Person"
2026-02-09T23:20:29,False,"helmet,vest","Mask,NO-Hardhat,NO-Mask,Person"
2026-02-09T23:20:29,False,"helmet,vest","NO-Hardhat,NO-Mask,Person"
2026-02-09T23:20:29,False,"helmet,vest","NO-Hardhat,NO-Mask,Person"
2026-02-09T23:20:29,False,"helmet,vest","NO-Hardhat,NO-Mask,Person"
2026-02-09T23:20:29,False,"helmet,vest","NO-Hardhat,NO-Mask,Person"
2026-02-09T23:20:29,False,"helmet,vest","NO-Hardhat,NO-Mask,Person"
2026-02-09T23:20:29,False,"helmet,vest","NO-Hardhat,NO-Mask,Person"
2026-02-09T23:20:29,False,"helmet,vest","NO-Hardhat,NO-Mask,Person"
2026-02-09T23:20:30,False,"helmet,vest","NO-Hardhat,NO-Mask,Person"
2026-02-09T23:20:30,False,"helmet,vest","NO-Hardhat,NO-Mask,Person"
2026-02-09T23:20:30,False,"helmet,vest","NO-Hardhat,NO-Mask,Person"
2026-02-09T23:20:30,False,"helmet,vest","NO-Hardhat,NO-Mask,Person"
2026-02-09T23:20:30,False,"helmet,vest","NO-Hardhat,NO-Mask,Person"
2026-02-09T23:20:30,False,"helmet,vest","NO-Hardhat,NO-Mask,Person"
2026-02-09T23:20:30,False,"helmet,vest","NO-Hardhat,NO-Mask,Person"
2026-02-09T23:20:30,False,"helmet,vest","NO-Hardhat,NO-Mask,Person"
2026-02-09T23:20:30,False,"helmet,vest","NO-Hardhat,NO-Mask,Person"
2026-02-09T23:20:30,False,"helmet,vest","NO-Hardhat,NO-Mask,Person"
2026-02-09T23:20:30,False,"helmet,vest","NO-Hardhat,NO-Mask,Person"
2026-02-09T23:20:30,False,"helmet,vest","NO-Hardhat,NO-Mask,Person"
2026-02-09T23:20:30,False,"helmet,vest","NO-Hardhat,NO-Mask,Person"
2026-02-09T23:20:30,False,"helmet,vest","NO-Hardhat,NO-Mask,Person"
2026-02-09T23:20:30,False,"helmet,vest","NO-Hardhat,NO-Mask,Person"
2026-02-09T23:20:31,False,"helmet,vest","NO-Hardhat,NO-Mask,Person"
2026-02-09T23:20:31,False,"helmet,vest","NO-Hardhat,NO-Mask,Person"
2026-02-09T23:20:31,False,"helmet,vest","NO-Hardhat,NO-Mask,Person"
2026-02-09T23:20:31,False,"helmet,vest","NO-Hardhat,NO-Mask,Person"
2026-02-09T23:20:31,False,"helmet,vest","NO-Hardhat,NO-Mask,Person"
2026-02-09T23:20:31,False,"helmet,vest","NO-Hardhat,NO-Mask,Person"
2026-02-09T23:20:31,False,"helmet,vest","NO-Hardhat,NO-Mask,Person"
2026-02-09T23:20:31,False,"helmet,vest","NO-Hardhat,NO-Mask,Person"
2026-02-09T23:20:31,False,"helmet,vest","NO-Hardhat,NO-Mask,Person"
2026-02-09T23:20:31,False,"helmet,vest","NO-Hardhat,NO-Mask,Person"
2026-02-09T23:20:31,False,"helmet,vest","NO-Hardhat,NO-Mask,Person"
2026-02-09T23:20:31,False,"helmet,vest","NO-Hardhat,NO-Mask,Person"
2026-02-09T23:20:31,False,"helmet,vest","NO-Hardhat,NO-Mask,NO-Safety Vest,Person"
2026-02-09T23:20:31,False,"helmet,vest","NO-Hardhat,NO-Mask,Person"
2026-02-09T23:20:31,False,"helmet,vest","NO-Hardhat,NO-Mask,Person"
2026-02-09T23:20:32,False,"helmet,vest","NO-Hardhat,NO-Mask,Person"
2026-02-09T23:20:32,False,"helmet,vest","NO-Hardhat,NO-Mask,Person"
2026-02-09T23:20:32,False,"helmet,vest","NO-Hardhat,NO-Mask,Person"
2026-02-09T23:20:32,False,"helmet,vest","NO-Hardhat,NO-Mask,Person"
2026-02-09T23:20:32,False,"helmet,vest","NO-Hardhat,NO-Mask,Person"
2026-02-09T23:20:32,False,"helmet,vest","NO-Hardhat,NO-Mask,Person"
2026-02-09T23:20:32,False,"helmet,vest","NO-Hardhat,NO-Mask,Person"
2026-02-09T23:20:32,False,"helmet,vest","NO-Hardhat,NO-Mask,Person"
2026-02-09T23:20:32,False,"helmet,vest","NO-Hardhat,NO-Mask,Person"
2026-02-09T23:20:32,False,"helmet,vest","NO-Hardhat,NO-Mask,Person"
2026-02-09T23:20:32,False,"helmet,vest","NO-Hardhat,NO-Mask,Person"
2026-02-09T23:20:32,False,"helmet,vest","NO-Hardhat,NO-Mask,Person"
2026-02-09T23:20:32,False,"helmet,vest","NO-Hardhat,NO-Mask,Person"
2026-02-09T23:20:32,False,"helmet,vest","NO-Hardhat,NO-Mask,NO-Safety Vest,Person"
2026-02-09T23:20:32,False,"helmet,vest","NO-Hardhat,NO-Mask,Person"
2026-02-09T23:20:33,False,"helmet,vest","NO-Hardhat,NO-Mask,Person"
2026-02-09T23:20:33,False,"helmet,vest","NO-Hardhat,NO-Mask,Person"
2026-02-09T23:20:33,False,"helmet,vest","NO-Hardhat,NO-Mask,Person"
2026-02-09T23:20:33,False,"helmet,vest","NO-Hardhat,NO-Mask,NO-Safety Vest,Person"
2026-02-09T23:20:33,False,"helmet,vest","NO-Hardhat,NO-Mask,Person"
2026-02-09T23:20:33,False,"helmet,vest","NO-Hardhat,NO-Mask,Person"
2026-02-09T23:20:33,False,"helmet,vest","NO-Hardhat,NO-Mask,Person"
2026-02-09T23:20:33,False,"helmet,vest","NO-Hardhat,NO-Mask,Person"
2026-02-09T23:20:33,False,"helmet,vest","NO-Hardhat,NO-Mask,Person"
2026-02-09T23:20:33,False,"helmet,vest","NO-Hardhat,NO-Mask,Person"
2026-02-09T23:20:33,False,"helmet,vest","NO-Hardhat,NO-Mask,Person"
2026-02-09T23:20:33,False,"helmet,vest","NO-Hardhat,NO-Mask,Person"
2026-02-09T23:20:33,False,"helmet,vest","NO-Hardhat,NO-Mask,Person"
2026-02-09T23:20:33,False,"helmet,vest","NO-Hardhat,NO-Mask,Person"
2026-02-09T23:20:33,False,"helmet,vest","NO-Hardhat,NO-Mask,Person"
2026-02-09T23:20:34,False,"helmet,vest","NO-Hardhat,NO-Mask,Person"
2026-02-09T23:20:34,False,"helmet,vest","NO-Hardhat,NO-Mask,Person"
2026-02-09T23:20:34,False,"helmet,vest","NO-Mask,Person"
2026-02-09T23:20:34,False,"helmet,vest","NO-Hardhat,NO-Mask,Person"
2026-02-09T23:20:34,False,"helmet,vest","NO-Hardhat,NO-Mask,Person"
2026-02-09T23:20:34,False,"helmet,vest","NO-Hardhat,NO-Mask,Person"
2026-02-09T23:20:34,False,"helmet,vest","NO-Hardhat,NO-Mask,Person"
2026-02-09T23:20:34,False,"helmet,vest","NO-Hardhat,NO-Mask,Person"
2026-02-09T23:20:34,False,"helmet,vest","NO-Hardhat,NO-Mask,Person"
2026-02-09T23:20:34,False,"helmet,vest","NO-Hardhat,NO-Mask,Person"
2026-02-09T23:20:34,False,"helmet,vest","NO-Hardhat,NO-Mask,Person"
2026-02-09T23:20:34,False,"helmet,vest","NO-Hardhat,NO-Mask,Person"
2026-02-09T23:20:34,False,"helmet,vest","NO-Hardhat,NO-Mask,Person"
2026-02-09T23:20:34,False,"helmet,vest","NO-Hardhat,NO-Mask,Person"
2026-02-09T23:20:34,False,"helmet,vest","NO-Hardhat,NO-Mask,Person"
2026-02-09T23:20:35,False,"helmet,vest","NO-Hardhat,NO-Mask,Person"
2026-02-09T23:20:35,False,"helmet,vest","NO-Hardhat,NO-Mask,Person"
2026-02-09T23:20:35,False,"helmet,vest","NO-Hardhat,NO-Mask,Person"
2026-02-09T23:20:35,False,"helmet,vest","NO-Hardhat,NO-Mask,Person"
2026-02-09T23:20:35,False,"helmet,vest","NO-Hardhat,NO-Mask,Person"
2026-02-09T23:20:35,False,"helmet,vest","NO-Hardhat,NO-Mask,Person"
2026-02-09T23:20:35,False,"helmet,vest","NO-Hardhat,NO-Mask,Person"
2026-02-09T23:20:35,False,"helmet,vest","NO-Hardhat,NO-Mask,NO-Safety Vest,Person"
2026-02-09T23:20:35,False,"helmet,vest","NO-Hardhat,NO-Mask,Person"
2026-02-09T23:20:35,False,"helmet,vest","NO-Hardhat,NO-Mask,NO-Safety Vest,Person"
2026-02-09T23:20:35,False,"helmet,vest","NO-Hardhat,NO-Mask,NO-Safety Vest,Person"
2026-02-09T23:20:35,False,"helmet,vest","NO-Hardhat,NO-Mask,Person"
2026-02-09T23:20:35,False,"helmet,vest","NO-Hardhat,NO-Mask,Person"
2026-02-09T23:20:35,False,"helmet,vest","NO-Hardhat,NO-Mask,Person"
2026-02-09T23:20:35,False,"helmet,vest","NO-Hardhat,NO-Mask,Person"
2026-02-09T23:20:36,False,"helmet,vest","NO-Hardhat,NO-Mask,NO-Safety Vest,Person"
2026-02-09T23:20:36,False,"helmet,vest","NO-Hardhat,NO-Mask,Person"
2026-02-09T23:20:36,False,"helmet,vest","NO-Hardhat,NO-Mask,Person"
2026-02-09T23:20:36,False,"helmet,vest","NO-Hardhat,NO-Mask,NO-Safety Vest,Person"
2026-02-09T23:20:36,False,"helmet,vest","NO-Hardhat,NO-Mask,NO-Safety Vest,Person"
2026-02-09T23:20:36,False,"helmet,vest","NO-Hardhat,NO-Mask,Person"
2026-02-09T23:20:36,False,"helmet,vest","NO-Hardhat,NO-Mask,Person"
2026-02-09T23:20:36,False,"helmet,vest","NO-Hardhat,NO-Mask,Person"
2026-02-09T23:20:36,False,"helmet,vest","NO-Hardhat,NO-Mask,Person"
2026-02-09T23:20:36,False,"helmet,vest","NO-Hardhat,NO-Mask,Person"
2026-02-09T23:20:36,False,"helmet,vest","NO-Hardhat,NO-Mask,Person"
2026-02-09T23:20:36,False,"helmet,vest","NO-Hardhat,NO-Mask,Person"
2026-02-09T23:20:36,False,"helmet,vest","NO-Hardhat,NO-Mask,Person"
2026-02-09T23:20:36,False,"helmet,vest","NO-Hardhat,NO-Mask,NO-Safety Vest,Person"
2026-02-09T23:20:36,False,"helmet,vest","NO-Hardhat,NO-Mask,NO-Safety Vest,Person"
2026-02-09T23:20:37,False,"helmet,vest","NO-Hardhat,NO-Mask,Person"
2026-02-09T23:20:37,False,"helmet,vest","NO-Hardhat,NO-Mask,Person"
2026-02-09T23:20:37,False,"helmet,vest","NO-Hardhat,NO-Mask,NO-Safety Vest,Person"
2026-02-09T23:20:37,False,"helmet,vest","NO-Hardhat,NO-Mask,Person"
2026-02-09T23:20:37,False,"helmet,vest","NO-Hardhat,NO-Mask,NO-Safety Vest,Person"
2026-02-09T23:20:37,False,"helmet,vest","NO-Hardhat,NO-Mask,NO-Safety Vest,Person"
2026-02-09T23:20:37,False,"helmet,vest","NO-Hardhat,NO-Mask,Person"
2026-02-09T23:20:37,False,"helmet,vest","NO-Hardhat,NO-Mask,Person"
2026-02-09T23:20:37,False,"helmet,vest","NO-Hardhat,NO-Mask,Person"
2026-02-09T23:20:37,False,"helmet,vest","NO-Hardhat,NO-Mask,Person"
2026-02-09T23:20:37,False,"helmet,vest","NO-Hardhat,NO-Mask,Person"
2026-02-09T23:20:37,False,"helmet,vest","NO-Hardhat,NO-Mask,Person"
2026-02-09T23:20:37,False,"helmet,vest","NO-Hardhat,NO-Mask,Person"
2026-02-09T23:20:37,False,"helmet,vest","NO-Hardhat,NO-Mask,Person"
2026-02-09T23:20:37,False,"helmet,vest","NO-Hardhat,NO-Mask,NO-Safety Vest,Person"
2026-02-09T23:20:38,False,"helmet,vest","NO-Hardhat,NO-Mask,Person"
2026-02-09T23:20:38,False,"helmet,vest","NO-Hardhat,NO-Mask,NO-Safety Vest,Person"
2026-02-09T23:20:38,False,"helmet,vest","NO-Hardhat,NO-Mask,NO-Safety Vest,Person"
2026-02-09T23:20:38,False,"helmet,vest","NO-Hardhat,NO-Mask,NO-Safety Vest,Person"
2026-02-09T23:20:38,False,"helmet,vest","NO-Hardhat,NO-Mask,NO-Safety Vest,Person"
2026-02-09T23:20:38,False,"helmet,vest","NO-Hardhat,NO-Mask,Person"
2026-02-09T23:20:38,False,"helmet,vest","NO-Hardhat,NO-Mask,Person"
2026-02-09T23:20:38,False,"helmet,vest","NO-Hardhat,NO-Mask,Person"
2026-02-09T23:20:38,False,"helmet,vest","NO-Hardhat,NO-Mask,NO-Safety Vest,Person"
2026-02-09T23:20:38,False,"helmet,vest","NO-Hardhat,NO-Mask,NO-Safety Vest,Person"
2026-02-09T23:20:38,False,"helmet,vest","NO-Mask,Person"
2026-02-09T23:20:38,False,"helmet,vest","NO-Mask,Person"
2026-02-09T23:20:38,False,"helmet,vest","Mask,NO-Mask,NO-Safety Vest,Person"
2026-02-09T23:20:38,False,"helmet,vest","NO-Hardhat,NO-Mask,Person"
2026-02-09T23:20:38,False,"helmet,vest","NO-Mask,Person"
2026-02-09T23:20:39,False,"helmet,vest","NO-Mask,Person"
2026-02-09T23:20:39,False,"helmet,vest","NO-Mask,Person"
2026-02-09T23:20:39,False,"helmet,vest","NO-Mask,Person"
2026-02-09T23:20:39,False,"helmet,vest","NO-Mask,NO-Safety Vest,Person"
2026-02-09T23:20:39,False,"helmet,vest","NO-Mask,Person"
2026-02-09T23:20:39,False,"helmet,vest","Hardhat,NO-Mask,Person"
2026-02-09T23:20:39,False,"helmet,vest","Mask,NO-Mask,NO-Safety Vest,Person"
2026-02-09T23:20:39,False,"helmet,vest","Mask,NO-Mask,NO-Safety Vest,Person"
2026-02-09T23:20:39,False,"helmet,vest","Mask,NO-Mask,NO-Safety Vest,Person"
2026-02-09T23:20:39,False,"helmet,vest","Mask,NO-Mask,NO-Safety Vest,Person"
2026-02-09T23:20:39,False,"helmet,vest","Mask,NO-Mask,NO-Safety Vest,Person"
2026-02-09T23:20:39,False,"helmet,vest","Hardhat,NO-Safety Vest,Person"
2026-02-09T23:20:39,False,"helmet,vest","NO-Mask,NO-Safety Vest,Person"
2026-02-09T23:20:39,False,"helmet,vest","NO-Mask,Person"
2026-02-09T23:20:39,False,"helmet,vest","Mask,NO-Mask,NO-Safety Vest,Person"
2026-02-09T23:20:40,False,"helmet,vest","Mask,NO-Mask,Person"
2026-02-09T23:20:40,False,"helmet,vest","Mask,NO-Mask,Person"
2026-02-09T23:20:40,False,"helmet,vest","Mask,NO-Mask,NO-Safety Vest,Person"
2026-02-09T23:20:40,False,"helmet,vest","NO-Mask,Person"
2026-02-09T23:20:40,False,"helmet,vest","NO-Mask,Person"
2026-02-09T23:20:40,False,"helmet,vest","Mask,NO-Mask,Person"
2026-02-09T23:20:40,False,"helmet,vest","Mask,NO-Mask,NO-Safety Vest,Person"
2026-02-09T23:20:40,False,"helmet,vest","Mask,NO-Mask,NO-Safety Vest,Person"
2026-02-09T23:20:40,False,"helmet,vest","Mask,NO-Hardhat,NO-Mask,NO-Safety Vest,Person"
2026-02-09T23:20:40,False,"helmet,vest","Hardhat,NO-Mask,NO-Safety Vest,Person"
2026-02-09T23:20:40,False,"helmet,vest","Hardhat,NO-Mask,NO-Safety Vest,Person"
2026-02-09T23:20:40,False,"helmet,vest","Hardhat,NO-Mask,Person"
2026-02-09T23:20:40,False,"helmet,vest","Mask,NO-Mask,Person"
2026-02-09T23:20:40,False,"helmet,vest","Mask,NO-Mask,Person"
2026-02-09T23:20:40,False,"helmet,vest","Mask,NO-Mask,Person"
2026-02-09T23:20:41,False,"helmet,vest","Hardhat,NO-Mask,Person"
2026-02-09T23:20:41,False,"helmet,vest","Hardhat,NO-Mask,Person"
2026-02-09T23:20:41,False,"helmet,vest","Hardhat,NO-Mask,Person"
2026-02-09T23:20:41,False,"helmet,vest","Mask,NO-Mask,NO-Safety Vest,Person"
2026-02-09T23:20:41,False,"helmet,vest","Mask,NO-Mask,Person"
2026-02-09T23:20:41,False,"helmet,vest","NO-Hardhat,NO-Mask,NO-Safety Vest,Person"
2026-02-09T23:20:41,False,"helmet,vest","Mask,NO-Hardhat,NO-Mask,NO-Safety Vest,Person"
2026-02-09T23:20:41,False,"helmet,vest","NO-Mask,Person"
2026-02-09T23:20:41,False,"helmet,vest","Hardhat,NO-Mask,Person"
2026-02-09T23:20:41,False,"helmet,vest","NO-Mask,Person"
2026-02-09T23:20:41,False,"helmet,vest","Mask,NO-Mask,Person"
2026-02-09T23:20:41,False,"helmet,vest","Mask,NO-Mask,Person"
2026-02-09T23:20:41,False,"helmet,vest","Mask,NO-Mask,Person"
2026-02-09T23:20:41,False,"helmet,vest","Mask,NO-Mask,Person"
2026-02-09T23:20:41,False,"helmet,vest",Person
2026-02-09T23:20:42,False,"helmet,vest","NO-Mask,Person"
2026-02-09T23:20:42,False,"helmet,vest","NO-Mask,Person"
2026-02-09T23:20:42,False,"helmet,vest","Mask,NO-Hardhat,NO-Mask,NO-Safety Vest,Person"
2026-02-09T23:20:42,False,"helmet,vest","Mask,NO-Hardhat,NO-Mask,Person"
2026-02-09T23:20:42,False,"helmet,vest","NO-Hardhat,NO-Mask,Person"
2026-02-09T23:20:42,False,"helmet,vest","NO-Hardhat,NO-Mask,Person"
2026-02-09T23:20:42,False,"helmet,vest","Hardhat,NO-Mask,Person"
2026-02-09T23:20:42,False,"helmet,vest","NO-Mask,Person"
2026-02-09T23:20:42,False,"helmet,vest","NO-Mask,Person"
2026-02-09T23:20:42,False,"helmet,vest","Hardhat,NO-Mask,Person"
2026-02-09T23:20:42,False,"helmet,vest","Hardhat,NO-Mask,Person"
2026-02-09T23:20:42,False,"helmet,vest","NO-Mask,Person"
2026-02-09T23:20:42,False,"helmet,vest","NO-Mask,Person"
2026-02-09T23:20:42,False,"helmet,vest","NO-Mask,Person"
2026-02-09T23:20:42,False,"helmet,vest","NO-Mask,Person"
2026-02-09T23:20:43,False,"helmet,vest","Hardhat,NO-Hardhat,NO-Mask,Person"
2026-02-09T23:20:43,False,"helmet,vest","Hardhat,NO-Mask,Person"
2026-02-09T23:20:43,False,"helmet,vest","Hardhat,NO-Mask,Person"
2026-02-09T23:20:43,False,"helmet,vest","NO-Mask,Person"
2026-02-09T23:20:43,False,"helmet,vest","Mask,NO-Hardhat,NO-Mask,NO-Safety Vest,Person"
2026-02-09T23:20:43,False,"helmet,vest","NO-Hardhat,NO-Mask,NO-Safety Vest,Person"
2026-02-09T23:20:43,False,"helmet,vest","Hardhat,NO-Mask,NO-Safety Vest,Person"
2026-02-09T23:20:43,False,"helmet,vest","Hardhat,NO-Mask,Person"
2026-02-09T23:20:43,False,"helmet,vest","Hardhat,NO-Mask,NO-Safety Vest,Person"
2026-02-09T23:20:43,False,"helmet,vest","Hardhat,NO-Mask,Person"
2026-02-09T23:20:43,False,"helmet,vest","NO-Mask,Person"
2026-02-09T23:20:43,False,"helmet,vest","Mask,NO-Mask,Person"
2026-02-09T23:20:43,False,"helmet,vest","Mask,NO-Mask,Person"
2026-02-09T23:20:43,False,"helmet,vest","Mask,NO-Mask,Person"
2026-02-09T23:20:43,False,"helmet,vest","NO-Mask,Person"
2026-02-09T23:20:44,False,"helmet,vest","Hardhat,NO-Mask,Person"
2026-02-09T23:20:44,False,"helmet,vest","NO-Mask,Person"
2026-02-09T23:20:44,False,"helmet,vest","NO-Mask,Person"
2026-02-09T23:20:44,False,"helmet,vest","NO-Hardhat,NO-Mask,Person"
2026-02-09T23:20:44,False,"helmet,vest","NO-Hardhat,NO-Mask,NO-Safety Vest,Person"
2026-02-09T23:20:44,False,"helmet,vest","Mask,NO-Hardhat,NO-Mask,NO-Safety Vest,Person"
2026-02-09T23:20:44,False,"helmet,vest","Mask,NO-Hardhat,NO-Mask,NO-Safety Vest,Person"
2026-02-09T23:20:44,False,"helmet,vest","NO-Hardhat,NO-Mask,Person"
2026-02-09T23:20:44,False,"helmet,vest","Mask,NO-Hardhat,NO-Mask,NO-Safety Vest,Person"
2026-02-09T23:20:44,False,"helmet,vest","NO-Hardhat,NO-Mask,NO-Safety Vest,Person"
2026-02-09T23:20:44,False,"helmet,vest","NO-Hardhat,NO-Mask,Person"
2026-02-09T23:20:44,False,"helmet,vest","NO-Hardhat,NO-Mask,NO-Safety Vest,Person"
2026-02-09T23:20:44,False,"helmet,vest","NO-Hardhat,NO-Mask,NO-Safety Vest,Person"
2026-02-09T23:20:44,False,"helmet,vest","NO-Hardhat,NO-Mask,NO-Safety Vest,Person"
2026-02-09T23:20:44,False,"helmet,vest","NO-Hardhat,NO-Mask,NO-Safety Vest,Person"
2026-02-09T23:20:45,False,"helmet,vest","NO-Hardhat,NO-Mask,NO-Safety Vest,Person"
2026-02-09T23:20:45,False,"helmet,vest","NO-Hardhat,NO-Mask,NO-Safety Vest,Person"
2026-02-09T23:20:45,False,"helmet,vest","NO-Hardhat,NO-Mask,NO-Safety Vest,Person"
2026-02-09T23:20:45,False,"helmet,vest","NO-Hardhat,NO-Mask,NO-Safety Vest,Person"
2026-02-09T23:20:45,False,"helmet,vest","NO-Hardhat,NO-Mask,NO-Safety Vest,Person"
2026-02-09T23:20:45,False,"helmet,vest","NO-Hardhat,NO-Mask,Person"
2026-02-09T23:20:45,False,"helmet,vest","NO-Hardhat,NO-Mask,Person"
2026-02-09T23:20:45,False,"helmet,vest","NO-Hardhat,NO-Mask,Person"
2026-02-09T23:20:45,False,"helmet,vest","NO-Hardhat,NO-Mask,Person"
2026-02-09T23:20:45,False,"helmet,vest","NO-Hardhat,Person"
2026-02-09T23:20:45,False,"helmet,vest","NO-Hardhat,Person"
2026-02-09T23:20:45,False,"helmet,vest","NO-Hardhat,NO-Mask,Person"
2026-02-09T23:20:45,False,"helmet,vest","NO-Hardhat,Person"
2026-02-09T23:20:45,False,"helmet,vest","NO-Hardhat,NO-Safety Vest,Person"
2026-02-09T23:20:45,False,"helmet,vest","NO-Hardhat,NO-Mask,Person"
2026-02-09T23:20:46,False,"helmet,vest","NO-Hardhat,NO-Mask,Person"
2026-02-09T23:20:46,False,"helmet,vest","NO-Hardhat,NO-Mask,Person"
2026-02-09T23:20:46,False,"helmet,vest","NO-Hardhat,NO-Mask,Person"
2026-02-09T23:20:46,False,"helmet,vest","NO-Hardhat,NO-Mask,Person"
2026-02-09T23:20:46,False,"helmet,vest","NO-Hardhat,NO-Mask,Person"
2026-02-09T23:20:46,False,"helmet,vest","NO-Hardhat,NO-Mask,Person"
2026-02-09T23:20:46,False,"helmet,vest","NO-Hardhat,NO-Mask,NO-Safety Vest,Person"
2026-02-09T23:20:46,False,"helmet,vest","Mask,NO-Hardhat,NO-Mask,Person"
2026-02-09T23:20:46,False,"helmet,vest","Mask,NO-Hardhat,NO-Mask,Person"
2026-02-09T23:20:46,False,"helmet,vest","Mask,NO-Hardhat,NO-Mask,Person"
2026-02-09T23:20:46,False,"helmet,vest","NO-Hardhat,NO-Mask,Person"
2026-02-09T23:20:46,False,"helmet,vest","Mask,NO-Hardhat,NO-Mask,Person"
2026-02-09T23:20:46,False,"helmet,vest","Mask,NO-Hardhat,NO-Mask,Person"
2026-02-09T23:20:46,False,"helmet,vest","Mask,NO-Hardhat,NO-Mask,Person"
2026-02-09T23:20:46,False,"helmet,vest","Mask,NO-Hardhat,NO-Mask,Person"
2026-02-09T23:20:47,False,"helmet,vest","Mask,NO-Hardhat,NO-Mask,Person"
2026-02-09T23:20:47,False,"helmet,vest","Mask,NO-Hardhat,NO-Mask,Person"
2026-02-09T23:20:47,False,"helmet,vest","Mask,NO-Hardhat,NO-Mask,Person"
2026-02-09T23:20:47,False,"helmet,vest","Mask,NO-Hardhat,Person"
2026-02-09T23:20:47,False,"helmet,vest","Mask,NO-Hardhat,NO-Mask,Person"
2026-02-09T23:20:47,False,"helmet,vest","Mask,NO-Hardhat,NO-Mask,Person"
2026-02-09T23:20:47,False,"helmet,vest","Mask,NO-Hardhat,NO-Mask,Person"
2026-02-09T23:20:47,False,"helmet,vest","Mask,NO-Hardhat,NO-Mask,Person"
2026-02-09T23:20:47,False,"helmet,vest","Mask,NO-Hardhat,NO-Mask,Person"
2026-02-09T23:20:47,False,"helmet,vest","Mask,NO-Hardhat,NO-Mask,Person"
2026-02-09T23:20:47,False,"helmet,vest","Mask,NO-Hardhat,Person"
2026-02-09T23:20:47,False,"helmet,vest","Mask,NO-Hardhat,NO-Mask,Person"
2026-02-09T23:20:47,False,"helmet,vest","Mask,NO-Hardhat,NO-Mask,Person"
2026-02-09T23:20:47,False,"helmet,vest","Mask,NO-Hardhat,NO-Mask,Person"
2026-02-09T23:20:47,False,"helmet,vest","Mask,NO-Hardhat,NO-Mask,Person"
2026-02-09T23:20:48,False,"helmet,vest","NO-Hardhat,Person"
2026-02-09T23:20:48,False,"helmet,vest","NO-Hardhat,NO-Mask,Person"
2026-02-09T23:20:48,False,"helmet,vest","NO-Hardhat,NO-Mask,Person"
2026-02-09T23:20:48,False,"helmet,vest","NO-Hardhat,NO-Mask,Person"
2026-02-09T23:20:48,False,"helmet,vest","Mask,NO-Hardhat,NO-Mask,Person"
2026-02-09T23:20:48,False,"helmet,vest","Mask,NO-Hardhat,Person"
2026-02-09T23:20:48,False,"helmet,vest","Mask,NO-Hardhat,Person"
2026-02-09T23:20:48,False,"helmet,vest","Mask,NO-Hardhat,Person"
2026-02-09T23:20:48,False,"helmet,vest","Mask,NO-Hardhat,Person"
2026-02-09T23:20:48,False,"helmet,vest","Mask,NO-Hardhat,Person"
2026-02-09T23:20:48,False,"helmet,vest","Mask,NO-Hardhat,Person"
2026-02-09T23:20:48,False,"helmet,vest","Mask,NO-Hardhat,Person"
2026-02-09T23:20:48,False,"helmet,vest","NO-Hardhat,Person"
2026-02-09T23:20:48,False,"helmet,vest","NO-Hardhat,NO-Mask,Person"
2026-02-09T23:20:48,False,"helmet,vest","Mask,NO-Hardhat,Person"
2026-02-09T23:20:49,False,"helmet,vest","Mask,NO-Hardhat,NO-Mask,Person"
2026-02-09T23:20:49,False,"helmet,vest","Mask,NO-Hardhat,NO-Mask,Person"
2026-02-09T23:20:49,False,"helmet,vest","Mask,NO-Hardhat,NO-Mask,Person"
2026-02-09T23:20:49,False,"helmet,vest","Mask,NO-Hardhat,NO-Mask,Person"
2026-02-09T23:20:49,False,"helmet,vest","Mask,NO-Hardhat,Person"
2026-02-09T23:20:49,False,"helmet,vest","Mask,NO-Hardhat,Person"
2026-02-09T23:20:49,False,"helmet,vest","Mask,NO-Hardhat,NO-Mask,Person"
2026-02-09T23:20:49,False,"helmet,vest","Mask,NO-Hardhat,NO-Mask,Person"
2026-02-09T23:20:49,False,"helmet,vest","Mask,NO-Hardhat,NO-Mask,Person"
2026-02-09T23:20:49,False,"helmet,vest","Mask,NO-Hardhat,NO-Mask,Person"
2026-02-09T23:20:49,False,"helmet,vest","Mask,NO-Hardhat,NO-Mask,Person"
2026-02-09T23:20:49,False,"helmet,vest","Mask,NO-Hardhat,Person"
2026-02-09T23:20:49,False,"helmet,vest","Mask,NO-Hardhat,Person"
2026-02-09T23:20:49,False,"helmet,vest","Mask,NO-Hardhat,Person"
2026-02-09T23:20:49,False,"helmet,vest","Mask,NO-Hardhat,NO-Mask,Person"
2026-02-09T23:20:50,False,"helmet,vest","Mask,NO-Hardhat,Person"
2026-02-09T23:20:50,False,"helmet,vest","Mask,NO-Hardhat,NO-Mask,Person"
2026-02-09T23:20:50,False,"helmet,vest","Mask,NO-Hardhat,Person"
2026-02-09T23:20:50,False,"helmet,vest","Mask,NO-Hardhat,NO-Mask,Person"
2026-02-09T23:20:50,False,"helmet,vest","Mask,NO-Hardhat,NO-Mask,Person"
2026-02-09T23:20:50,False,"helmet,vest","Mask,NO-Hardhat,NO-Mask,Person"
2026-02-09T23:20:50,False,"helmet,vest","Mask,NO-Hardhat,NO-Mask,Person"
2026-02-09T23:20:50,False,"helmet,vest","Mask,NO-Hardhat,NO-Mask,Person"
2026-02-09T23:20:50,False,"helmet,vest","Mask,NO-Hardhat,NO-Mask,Person"
2026-02-09T23:20:50,False,"helmet,vest","Mask,NO-Hardhat,NO-Mask,Person"
2026-02-09T23:20:50,False,"helmet,vest","NO-Hardhat,NO-Mask,Person"
2026-02-09T23:20:50,False,"helmet,vest","NO-Hardhat,NO-Mask,Person"
2026-02-09T23:20:50,False,"helmet,vest","Mask,NO-Hardhat,NO-Mask,Person"
2026-02-09T23:20:50,False,"helmet,vest","NO-Hardhat,NO-Mask,Person"
2026-02-09T23:20:50,False,"helmet,vest","NO-Hardhat,NO-Mask,Person"
2026-02-09T23:20:51,False,"helmet,vest","NO-Hardhat,NO-Mask,Person"
2026-02-09T23:20:51,False,"helmet,vest","NO-Hardhat,NO-Mask,Person"
2026-02-09T23:20:51,False,"helmet,vest","NO-Hardhat,NO-Mask,Person"
2026-02-09T23:20:51,False,"helmet,vest","NO-Hardhat,NO-Mask,Person"
2026-02-09T23:20:51,False,"helmet,vest","NO-Hardhat,NO-Mask,Person"
2026-02-09T23:20:51,False,"helmet,vest","NO-Hardhat,NO-Mask,Person"
2026-02-09T23:20:51,False,"helmet,vest","NO-Hardhat,NO-Mask,Person"
2026-02-09T23:20:51,False,"helmet,vest","NO-Hardhat,NO-Mask,Person"
2026-02-09T23:20:51,False,"helmet,vest","NO-Hardhat,NO-Mask,Person"
2026-02-09T23:20:51,False,"helmet,vest","NO-Hardhat,NO-Mask,Person"
2026-02-09T23:20:51,False,"helmet,vest","NO-Hardhat,NO-Mask,Person"
2026-02-09T23:20:51,False,"helmet,vest","NO-Hardhat,NO-Mask,Person"
2026-02-09T23:20:51,False,"helmet,vest","NO-Hardhat,NO-Mask,Person"
2026-02-09T23:20:51,False,"helmet,vest","NO-Hardhat,NO-Mask,Person"
2026-02-09T23:20:51,False,"helmet,vest","NO-Hardhat,NO-Mask,Person"
2026-02-09T23:20:52,False,"helmet,vest","NO-Hardhat,NO-Mask,Person"
2026-02-09T23:20:52,False,"helmet,vest","NO-Hardhat,NO-Mask,Person"
2026-02-09T23:20:52,False,"helmet,vest","NO-Hardhat,NO-Mask,Person"
2026-02-09T23:20:52,False,"helmet,vest","NO-Hardhat,NO-Mask,Person"
2026-02-09T23:20:52,False,"helmet,vest","NO-Hardhat,NO-Mask,Person"
2026-02-09T23:20:52,False,"helmet,vest","NO-Hardhat,NO-Mask,Person"
2026-02-09T23:20:52,False,"helmet,vest","NO-Hardhat,NO-Mask,Person"
2026-02-09T23:20:52,False,"helmet,vest","NO-Hardhat,NO-Mask,Person"
2026-02-09T23:20:52,False,"helmet,vest","NO-Hardhat,NO-Mask,Person"
2026-02-09T23:20:52,False,"helmet,vest","NO-Hardhat,NO-Mask,Person"
2026-02-09T23:20:52,False,"helmet,vest","NO-Hardhat,NO-Mask,Person"
2026-02-09T23:20:52,False,"helmet,vest","NO-Hardhat,NO-Mask,Person"
2026-02-09T23:20:52,False,"helmet,vest","NO-Hardhat,NO-Mask,Person"
2026-02-09T23:20:52,False,"helmet,vest","NO-Hardhat,NO-Mask,Person"
2026-02-09T23:20:52,False,"helmet,vest","NO-Hardhat,NO-Mask,Person"
2026-02-09T23:20:53,False,"helmet,vest","NO-Hardhat,NO-Mask,Person"
2026-02-09T23:20:53,False,"helmet,vest","NO-Hardhat,NO-Mask,Person"
2026-02-09T23:20:53,False,"helmet,vest","NO-Hardhat,NO-Mask,Person"
2026-02-09T23:20:53,False,"helmet,vest","NO-Hardhat,NO-Mask,Person"
2026-02-09T23:20:53,False,"helmet,vest","NO-Hardhat,NO-Mask,Person"
2026-02-09T23:20:53,False,"helmet,vest","NO-Hardhat,NO-Mask,Person"
2026-02-09T23:20:53,False,"helmet,vest","NO-Hardhat,NO-Mask,Person"
2026-02-09T23:20:53,False,"helmet,vest","NO-Hardhat,NO-Mask,Person"
2026-02-09T23:20:53,False,"helmet,vest","NO-Hardhat,NO-Mask,Person"
2026-02-09T23:20:53,False,"helmet,vest","NO-Hardhat,NO-Mask,Person"
2026-02-09T23:20:53,False,"helmet,vest","NO-Hardhat,NO-Mask,Person"
2026-02-09T23:20:53,False,"helmet,vest","NO-Hardhat,NO-Mask,Person"
2026-02-09T23:20:53,False,"helmet,vest","NO-Hardhat,NO-Mask,Person"
2026-02-09T23:20:53,False,"helmet,vest","NO-Hardhat,NO-Mask,Person"
2026-02-09T23:20:53,False,"helmet,vest","NO-Hardhat,NO-Mask,Person"
2026-02-09T23:20:54,False,"helmet,vest","NO-Hardhat,NO-Mask,Person"
2026-02-09T23:20:54,False,"helmet,vest","NO-Hardhat,NO-Mask,Person"
2026-02-09T23:20:54,False,"helmet,vest","NO-Hardhat,NO-Mask,Person"
2026-02-09T23:20:54,False,"helmet,vest","NO-Hardhat,NO-Mask,Person"
2026-02-09T23:20:54,False,"helmet,vest","NO-Hardhat,NO-Mask,Person"
2026-02-09T23:20:54,False,"helmet,vest","NO-Hardhat,NO-Mask,Person"
2026-02-09T23:20:54,False,"helmet,vest","NO-Hardhat,NO-Mask,Person"
2026-02-09T23:20:54,False,"helmet,vest","NO-Hardhat,NO-Mask,Person"
2026-02-09T23:20:54,False,"helmet,vest","NO-Hardhat,NO-Mask,Person"
2026-02-09T23:20:54,False,"helmet,vest","NO-Hardhat,NO-Mask,Person"
2026-02-09T23:20:54,False,"helmet,vest","NO-Hardhat,NO-Mask,Person"
2026-02-09T23:20:54,False,"helmet,vest","NO-Hardhat,NO-Mask,Person"
2026-02-09T23:20:54,False,"helmet,vest","NO-Hardhat,NO-Mask,Person,Safety Cone"
2026-02-09T23:20:54,False,"helmet,vest","NO-Hardhat,NO-Mask,Person"
2026-02-09T23:20:54,False,"helmet,vest","NO-Hardhat,NO-Mask,Person"
2026-02-09T23:20:55,False,"helmet,vest","NO-Hardhat,NO-Mask,Person,Safety Cone"
2026-02-09T23:20:55,False,"helmet,vest","NO-Hardhat,NO-Mask,Person"
2026-02-09T23:20:55,False,"helmet,vest","NO-Hardhat,NO-Mask,Person"
2026-02-09T23:20:55,False,"helmet,vest","NO-Hardhat,NO-Mask,Person"
2026-02-09T23:20:55,False,"helmet,vest","NO-Hardhat,NO-Mask,Person"
2026-02-09T23:20:55,False,"helmet,vest","NO-Hardhat,NO-Mask,Person"
2026-02-09T23:20:55,False,"helmet,vest","NO-Hardhat,NO-Mask,Person"
2026-02-09T23:20:55,False,"helmet,vest","NO-Hardhat,NO-Mask,Person"
2026-02-09T23:20:55,False,"helmet,vest","NO-Hardhat,NO-Mask,Person"
2026-02-09T23:20:55,False,"helmet,vest","NO-Hardhat,NO-Mask,Person"
2026-02-09T23:20:55,False,"helmet,vest","NO-Hardhat,NO-Mask,Person"
2026-02-09T23:20:55,False,"helmet,vest","NO-Hardhat,NO-Mask,Person"
2026-02-09T23:20:55,False,"helmet,vest","NO-Hardhat,NO-Mask,Person"
2026-02-09T23:20:55,False,"helmet,vest","NO-Hardhat,NO-Mask,Person"
2026-02-09T23:20:55,False,"helmet,vest","NO-Hardhat,NO-Mask,Person"
2026-02-09T23:20:56,False,"helmet,vest","NO-Hardhat,NO-Mask,Person"
2026-02-09T23:20:56,False,"helmet,vest","NO-Hardhat,NO-Mask,Person"
2026-02-09T23:20:56,False,"helmet,vest","NO-Hardhat,NO-Mask,Person"
2026-02-09T23:20:56,False,"helmet,vest","NO-Hardhat,NO-Mask,Person"
2026-02-09T23:20:56,False,"helmet,vest","NO-Hardhat,NO-Mask,Person"
2026-02-09T23:20:56,False,"helmet,vest","NO-Hardhat,NO-Mask,Person"
2026-02-09T23:20:56,False,"helmet,vest","NO-Hardhat,NO-Mask,Person"
2026-02-09T23:20:56,False,"helmet,vest","NO-Hardhat,NO-Mask,Person"
2026-02-09T23:20:56,False,"helmet,vest","NO-Hardhat,NO-Mask,Person"
2026-02-09T23:20:56,False,"helmet,vest","NO-Hardhat,NO-Mask,Person"
2026-02-09T23:20:56,False,"helmet,vest","NO-Hardhat,NO-Mask,Person"
2026-02-09T23:20:56,False,"helmet,vest","NO-Hardhat,NO-Mask,Person"
2026-02-09T23:20:56,False,"helmet,vest","NO-Hardhat,NO-Mask,Person"
2026-02-09T23:20:56,False,"helmet,vest","NO-Hardhat,NO-Mask,Person"
2026-02-09T23:20:56,False,"helmet,vest","NO-Mask,Person"
2026-02-09T23:20:57,False,"helmet,vest","NO-Mask,Person"
2026-02-09T23:20:57,False,"helmet,vest","NO-Hardhat,Person"
2026-02-09T23:20:57,False,"helmet,vest","NO-Hardhat,NO-Mask,Person"
2026-02-09T23:20:57,False,"helmet,vest","NO-Hardhat,NO-Mask,Person"
2026-02-09T23:20:57,False,"helmet,vest","NO-Hardhat,NO-Mask,Person"
2026-02-09T23:20:57,False,"helmet,vest","NO-Hardhat,Person"
2026-02-09T23:20:57,False,"helmet,vest",Person
2026-02-09T23:20:57,False,"helmet,vest",Person
2026-02-09T23:20:57,False,"helmet,vest",Person
2026-02-09T23:20:57,False,"helmet,vest",Person
2026-02-09T23:20:57,False,"helmet,vest",Person
2026-02-09T23:20:57,False,"helmet,vest",Person
2026-02-09T23:20:57,False,"helmet,vest","NO-Mask,Person"
2026-02-09T23:20:57,False,"helmet,vest","NO-Mask,Person"
2026-02-09T23:20:57,False,"helmet,vest","NO-Mask,Person"
2026-02-09T23:20:58,False,"helmet,vest","NO-Mask,Person"
2026-02-09T23:20:58,False,"helmet,vest",Person
2026-02-09T23:20:58,False,"helmet,vest",Person
2026-02-09T23:20:58,False,"helmet,vest",Person
2026-02-09T23:20:58,False,"helmet,vest",Person
2026-02-09T23:20:58,False,"helmet,vest","NO-Mask,Person"
2026-02-09T23:20:58,False,"helmet,vest",Person
2026-02-09T23:20:58,False,"helmet,vest",Person
2026-02-09T23:20:58,False,"helmet,vest",Person
2026-02-09T23:20:58,False,"helmet,vest",Person
2026-02-09T23:20:58,False,"helmet,vest","NO-Mask,Person"
2026-02-09T23:20:58,False,"helmet,vest","NO-Mask,Person"
2026-02-09T23:20:58,False,"helmet,vest","NO-Hardhat,NO-Mask,Person"
2026-02-09T23:20:58,False,"helmet,vest","NO-Mask,Person"
2026-02-09T23:20:58,False,"helmet,vest","NO-Hardhat,NO-Mask,Person"
2026-02-09T23:20:58,False,"helmet,vest","NO-Hardhat,NO-Mask,Person"
2026-02-09T23:20:59,False,"helmet,vest","NO-Hardhat,NO-Mask,Person"
2026-02-09T23:20:59,False,"helmet,vest",Person
2026-02-09T23:20:59,False,"helmet,vest",Person
2026-02-09T23:20:59,False,"helmet,vest",Person
2026-02-09T23:20:59,False,"helmet,vest",Person
2026-02-09T23:20:59,False,"helmet,vest","NO-Hardhat,NO-Mask,Person"
2026-02-09T23:20:59,False,"helmet,vest",Person
2026-02-09T23:20:59,False,"helmet,vest","NO-Mask,Person"
2026-02-09T23:20:59,False,"helmet,vest","NO-Hardhat,Person"
2026-02-09T23:20:59,False,"helmet,vest","NO-Mask,Person"
2026-02-09T23:20:59,False,"helmet,vest","NO-Mask,Person"
2026-02-09T23:20:59,False,"helmet,vest","NO-Mask,Person"
2026-02-09T23:20:59,False,"helmet,vest","NO-Mask,Person"
2026-02-09T23:20:59,False,"helmet,vest","NO-Mask,Person"
2026-02-09T23:20:59,False,"helmet,vest",Person
2026-02-09T23:21:00,False,"helmet,vest","NO-Mask,Person"
2026-02-09T23:21:00,False,"helmet,vest",Person
2026-02-09T23:21:00,False,"helmet,vest",Person
2026-02-09T23:21:00,False,"helmet,vest","NO-Mask,Person"
2026-02-09T23:21:00,False,"helmet,vest","NO-Hardhat,NO-Mask,Person"
2026-02-09T23:21:00,False,"helmet,vest","NO-Hardhat,NO-Mask,Person"
2026-02-09T23:21:00,False,"helmet,vest","NO-Hardhat,NO-Mask,Person"
2026-02-09T23:21:00,False,"helmet,vest",Person
2026-02-09T23:21:00,False,"helmet,vest","NO-Mask,Person"
2026-02-09T23:21:00,False,"helmet,vest","NO-Mask,Person"
2026-02-09T23:21:00,False,"helmet,vest","NO-Mask,Person"
2026-02-09T23:21:00,False,"helmet,vest","NO-Mask,Person"
2026-02-09T23:21:00,False,"helmet,vest","NO-Mask,Person"
2026-02-09T23:21:00,False,"helmet,vest",Person
2026-02-09T23:21:00,False,"helmet,vest","NO-Mask,Person"
2026-02-09T23:21:01,False,"helmet,vest","NO-Mask,Person"
2026-02-09T23:21:01,False,"helmet,vest","NO-Mask,Person"
2026-02-09T23:21:01,False,"helmet,vest","NO-Mask,Person"
2026-02-09T23:21:01,False,"helmet,vest","NO-Mask,Person"
2026-02-09T23:21:01,False,"helmet,vest","NO-Mask,Person"
2026-02-09T23:21:01,False,"helmet,vest","NO-Mask,Person"
2026-02-09T23:21:01,False,"helmet,vest","NO-Mask,Person"
2026-02-09T23:21:01,False,"helmet,vest","NO-Mask,Person"
2026-02-09T23:21:01,False,"helmet,vest","NO-Mask,Person"
2026-02-09T23:21:01,False,"helmet,vest","NO-Hardhat,NO-Mask,Person"
2026-02-09T23:21:01,False,"helmet,vest","NO-Hardhat,NO-Mask,Person"
2026-02-09T23:21:01,False,"helmet,vest","NO-Hardhat,NO-Mask,Person"
2026-02-09T23:21:01,False,"helmet,vest","NO-Hardhat,NO-Mask,Person"
2026-02-09T23:21:01,False,"helmet,vest","NO-Hardhat,NO-Mask,Person"
2026-02-09T23:21:02,False,"helmet,vest","NO-Mask,Person"
2026-02-09T23:21:02,False,"helmet,vest","NO-Hardhat,NO-Mask,Person"
2026-02-09T23:21:02,False,"helmet,vest","NO-Mask,Person"
2026-02-09T23:21:02,False,"helmet,vest","NO-Hardhat,NO-Mask,Person"
2026-02-09T23:21:02,False,"helmet,vest","NO-Mask,Person"
2026-02-09T23:21:02,False,"helmet,vest","NO-Hardhat,NO-Mask,Person"
2026-02-09T23:21:02,False,"helmet,vest","NO-Mask,Person"
2026-02-09T23:21:02,False,"helmet,vest","NO-Mask,Person"
2026-02-09T23:21:02,False,"helmet,vest","NO-Mask,Person"
2026-02-09T23:21:02,False,"helmet,vest","NO-Mask,Person"
2026-02-09T23:21:02,False,"helmet,vest","NO-Mask,Person"
2026-02-09T23:21:02,False,"helmet,vest","NO-Mask,Person"
2026-02-09T23:21:02,False,"helmet,vest","NO-Mask,Person"
2026-02-09T23:21:02,False,"helmet,vest","NO-Mask,Person"
2026-02-09T23:21:02,False,"helmet,vest","NO-Mask,Person"
2026-02-09T23:21:03,False,"helmet,vest","NO-Mask,Person"
2026-02-09T23:21:03,False,"helmet,vest",Person
2026-02-09T23:21:03,False,"helmet,vest","NO-Mask,Person"
2026-02-09T23:21:03,False,"helmet,vest",Person
2026-02-09T23:21:03,False,"helmet,vest","NO-Mask,Person"
2026-02-09T23:21:03,False,"helmet,vest","NO-Mask,Person"
2026-02-09T23:21:03,False,"helmet,vest","NO-Mask,Person"
2026-02-09T23:21:03,False,"helmet,vest","NO-Mask,Person"
2026-02-09T23:21:03,False,"helmet,vest",Person
2026-02-09T23:21:03,False,"helmet,vest",Person
2026-02-09T23:21:03,False,"helmet,vest","NO-Mask,Person"
2026-02-09T23:21:03,False,"helmet,vest",Person
2026-02-09T23:21:03,False,"helmet,vest","NO-Mask,Person"
2026-02-09T23:21:03,False,"helmet,vest","NO-Mask,Person"
2026-02-09T23:21:03,False,"helmet,vest",Person
2026-02-09T23:21:03,False,"helmet,vest",Person
2026-02-09T23:21:04,False,"helmet,vest","NO-Mask,Person"
2026-02-09T23:21:04,False,"helmet,vest","NO-Mask,Person"
2026-02-09T23:21:04,False,"helmet,vest","NO-Mask,Person"
2026-02-09T23:21:04,False,"helmet,vest","NO-Mask,Person"
2026-02-09T23:21:04,False,"helmet,vest","NO-Mask,Person"
2026-02-09T23:21:04,False,"helmet,vest","NO-Mask,Person"
2026-02-09T23:21:04,False,"helmet,vest",Person
2026-02-09T23:21:04,False,"helmet,vest","NO-Mask,Person"
2026-02-09T23:21:04,False,"helmet,vest","NO-Mask,Person"
2026-02-09T23:21:04,False,"helmet,vest","NO-Mask,Person"
2026-02-09T23:21:04,False,"helmet,vest","NO-Mask,Person"
2026-02-09T23:21:04,False,"helmet,vest","NO-Mask,Person"
2026-02-09T23:21:04,False,"helmet,vest","NO-Mask,Person"
2026-02-09T23:21:04,False,"helmet,vest","NO-Hardhat,NO-Mask,Person"
2026-02-09T23:21:05,False,"helmet,vest","NO-Hardhat,NO-Mask,Person"
2026-02-09T23:21:05,False,"helmet,vest","NO-Hardhat,NO-Mask,Person"
2026-02-09T23:21:05,False,"helmet,vest","NO-Mask,Person"
2026-02-09T23:21:05,False,"helmet,vest","NO-Mask,Person"
2026-02-09T23:21:05,False,"helmet,vest","NO-Hardhat,NO-Mask,Person"
2026-02-09T23:21:05,False,"helmet,vest","NO-Mask,Person"
2026-02-09T23:21:05,False,"helmet,vest","NO-Mask,Person"
2026-02-09T23:21:05,False,"helmet,vest","NO-Mask,Person"
2026-02-09T23:21:05,False,"helmet,vest","NO-Mask,Person"
2026-02-09T23:21:05,False,"helmet,vest","NO-Mask,Person"
2026-02-09T23:21:05,False,"helmet,vest","NO-Mask,Person"
2026-02-09T23:21:05,False,"helmet,vest","NO-Mask,Person"
2026-02-09T23:21:05,False,"helmet,vest","NO-Mask,Person"
2026-02-09T23:21:05,False,"helmet,vest","NO-Mask,Person"
2026-02-09T23:21:05,False,"helmet,vest","NO-Mask,Person"
2026-02-09T23:21:05,False,"helmet,vest","NO-Mask,Person"
2026-02-09T23:21:06,False,"helmet,vest","NO-Mask,Person"
2026-02-09T23:21:06,False,"helmet,vest","NO-Mask,Person"
2026-02-09T23:21:06,False,"helmet,vest","NO-Mask,Person"
2026-02-09T23:21:06,False,"helmet,vest","NO-Mask,Person"
2026-02-09T23:21:06,False,"helmet,vest","NO-Mask,Person"
2026-02-09T23:21:06,False,"helmet,vest","NO-Mask,Person"
2026-02-09T23:21:06,False,"helmet,vest","NO-Mask,Person"
2026-02-09T23:21:06,False,"helmet,vest","NO-Mask,Person"
2026-02-09T23:21:06,False,"helmet,vest","NO-Mask,Person"
2026-02-09T23:21:06,False,"helmet,vest","NO-Mask,Person"
2026-02-09T23:21:06,False,"helmet,vest","NO-Mask,Person"
2026-02-09T23:21:06,False,"helmet,vest","NO-Mask,Person"
2026-02-09T23:21:06,False,"helmet,vest","NO-Mask,Person"
2026-02-09T23:21:06,False,"helmet,vest","NO-Mask,Person"
2026-02-09T23:21:07,False,"helmet,vest","NO-Mask,Person"
2026-02-09T23:21:07,False,"helmet,vest","NO-Mask,Person"
2026-02-09T23:21:07,False,"helmet,vest","NO-Mask,Person"
2026-02-09T23:21:07,False,"helmet,vest","NO-Mask,Person"
2026-02-09T23:21:07,False,"helmet,vest","NO-Mask,Person"
2026-02-09T23:21:07,False,"helmet,vest","NO-Mask,Person"
2026-02-09T23:21:07,False,"helmet,vest","NO-Mask,Person"
2026-02-09T23:21:07,False,"helmet,vest","NO-Mask,Person"
2026-02-09T23:21:07,False,"helmet,vest","NO-Mask,Person"
2026-02-09T23:21:07,False,"helmet,vest","NO-Mask,Person"
2026-02-09T23:21:07,False,"helmet,vest","NO-Hardhat,NO-Mask,Person"
2026-02-09T23:21:07,False,"helmet,vest","NO-Hardhat,NO-Mask,Person"
2026-02-09T23:21:07,False,"helmet,vest","NO-Hardhat,NO-Mask,Person"
2026-02-09T23:21:07,False,"helmet,vest","NO-Mask,Person"
2026-02-09T23:21:07,False,"helmet,vest","NO-Mask,Person"
2026-02-09T23:21:08,False,"helmet,vest","NO-Hardhat,NO-Mask,Person"
2026-02-09T23:21:08,False,"helmet,vest","NO-Hardhat,NO-Mask,Person"
2026-02-09T23:21:08,False,"helmet,vest","NO-Mask,Person"
2026-02-09T23:21:08,False,"helmet,vest","NO-Mask,Person"
2026-02-09T23:21:08,False,"helmet,vest","NO-Hardhat,NO-Mask,Person"
2026-02-09T23:21:08,False,"helmet,vest","NO-Hardhat,NO-Mask,Person"
2026-02-09T23:21:08,False,"helmet,vest","NO-Mask,Person"
2026-02-09T23:21:08,False,"helmet,vest","NO-Hardhat,NO-Mask,Person"
2026-02-09T23:21:08,False,"helmet,vest","NO-Hardhat,NO-Mask,Person"
2026-02-09T23:21:08,False,"helmet,vest","NO-Mask,Person"
2026-02-09T23:21:08,False,"helmet,vest","NO-Hardhat,NO-Mask,Person"
2026-02-09T23:21:08,False,"helmet,vest","NO-Mask,Person"
2026-02-09T23:21:08,False,"helmet,vest","NO-Mask,Person"
2026-02-09T23:21:08,False,"helmet,vest","NO-Mask,Person"
2026-02-09T23:21:08,False,"helmet,vest","NO-Mask,Person"
2026-02-09T23:21:08,False,"helmet,vest","NO-Mask,Person"
2026-02-09T23:21:09,False,"helmet,vest","NO-Mask,Person"
2026-02-09T23:21:09,False,"helmet,vest","NO-Mask,Person"
2026-02-09T23:21:09,False,"helmet,vest","NO-Mask,Person"
2026-02-09T23:21:09,False,"helmet,vest","NO-Mask,Person"
2026-02-09T23:21:09,False,"helmet,vest","NO-Mask,Person"
2026-02-09T23:21:09,False,"helmet,vest","NO-Mask,Person"
2026-02-09T23:21:09,False,"helmet,vest","NO-Mask,Person"
2026-02-09T23:21:09,False,"helmet,vest","NO-Mask,Person"
2026-02-09T23:21:09,False,"helmet,vest","NO-Mask,Person"
2026-02-09T23:21:09,False,"helmet,vest","NO-Mask,Person"
2026-02-09T23:21:09,False,"helmet,vest","NO-Mask,Person"
2026-02-09T23:21:09,False,"helmet,vest","NO-Mask,Person"
2026-02-09T23:21:09,False,"helmet,vest","NO-Mask,Person"
2026-02-09T23:21:09,False,"helmet,vest","NO-Mask,Person"
2026-02-09T23:21:10,False,"helmet,vest","NO-Mask,Person"
2026-02-09T23:21:10,False,"helmet,vest","NO-Mask,Person"
2026-02-09T23:21:10,False,"helmet,vest","NO-Mask,Person"
2026-02-09T23:21:10,False,"helmet,vest","NO-Mask,Person"
2026-02-09T23:21:10,False,"helmet,vest","NO-Hardhat,NO-Mask,Person"
2026-02-09T23:21:10,False,"helmet,vest","NO-Hardhat,NO-Mask,Person"
2026-02-09T23:21:10,False,"helmet,vest","NO-Hardhat,NO-Mask,Person"
2026-02-09T23:21:10,False,"helmet,vest","NO-Mask,Person"
2026-02-09T23:21:10,False,"helmet,vest","NO-Mask,Person"
2026-02-09T23:21:10,False,"helmet,vest","NO-Mask,Person"
2026-02-09T23:21:10,False,"helmet,vest","NO-Hardhat,NO-Mask,Person"
2026-02-09T23:21:10,False,"helmet,vest","NO-Hardhat,NO-Mask,Person"
2026-02-09T23:21:10,False,"helmet,vest","NO-Hardhat,NO-Mask,Person"
2026-02-09T23:21:10,False,"helmet,vest","NO-Hardhat,NO-Mask,Person"
2026-02-09T23:21:10,False,"helmet,vest","NO-Hardhat,NO-Mask,Person"
2026-02-09T23:21:10,False,"helmet,vest","NO-Mask,Person"
2026-02-09T23:21:11,False,"helmet,vest","NO-Hardhat,NO-Mask,Person"
2026-02-09T23:21:11,False,"helmet,vest","NO-Mask,Person"
2026-02-09T23:21:11,False,"helmet,vest","NO-Mask,Person"
2026-02-09T23:21:11,False,"helmet,vest","NO-Hardhat,NO-Mask,Person"
2026-02-09T23:21:11,False,"helmet,vest","NO-Hardhat,NO-Mask,Person"
2026-02-09T23:21:11,False,"helmet,vest","NO-Hardhat,NO-Mask,Person"
2026-02-09T23:21:11,False,"helmet,vest","NO-Hardhat,NO-Mask,Person"
2026-02-09T23:21:11,False,"helmet,vest","NO-Mask,Person"
2026-02-09T23:21:11,False,"helmet,vest","NO-Mask,Person"
2026-02-09T23:21:11,False,"helmet,vest","NO-Mask,Person"
2026-02-09T23:21:11,False,"helmet,vest","NO-Mask,Person"
2026-02-09T23:21:11,False,"helmet,vest","NO-Mask,Person"
2026-02-09T23:21:11,False,"helmet,vest","NO-Mask,Person"
2026-02-09T23:21:11,False,"helmet,vest","NO-Mask,Person"
2026-02-09T23:21:11,False,"helmet,vest","NO-Mask,Person"
2026-02-09T23:21:12,False,"helmet,vest","NO-Mask,Person"
2026-02-09T23:21:12,False,"helmet,vest","NO-Mask,Person"
2026-02-09T23:21:12,False,"helmet,vest","NO-Mask,Person"
2026-02-09T23:21:12,False,"helmet,vest","NO-Mask,Person"
2026-02-09T23:21:12,False,"helmet,vest","NO-Mask,Person"
2026-02-09T23:21:12,False,"helmet,vest","NO-Mask,Person"
2026-02-09T23:21:12,False,"helmet,vest","NO-Mask,Person"
2026-02-09T23:21:12,False,"helmet,vest","NO-Mask,Person"
2026-02-09T23:21:12,False,"helmet,vest","NO-Mask,Person"
2026-02-09T23:21:12,False,"helmet,vest","NO-Mask,Person"
2026-02-09T23:21:12,False,"helmet,vest","NO-Mask,Person"
2026-02-09T23:21:12,False,"helmet,vest","NO-Mask,Person"
2026-02-09T23:21:12,False,"helmet,vest","NO-Mask,Person"
2026-02-09T23:21:12,False,"helmet,vest","NO-Mask,Person"
2026-02-09T23:21:12,False,"helmet,vest","NO-Mask,Person"
2026-02-09T23:21:13,False,"helmet,vest","NO-Mask,Person"
2026-02-09T23:21:13,False,"helmet,vest","NO-Mask,Person"
2026-02-09T23:21:13,False,"helmet,vest","NO-Mask,Person"
2026-02-09T23:21:13,False,"helmet,vest","NO-Mask,Person"
2026-02-09T23:21:13,False,"helmet,vest","NO-Mask,Person"
2026-02-09T23:21:13,False,"helmet,vest","NO-Hardhat,NO-Mask,Person"
2026-02-09T23:21:13,False,"helmet,vest","NO-Hardhat,NO-Mask,Person"
2026-02-09T23:21:13,False,"helmet,vest","NO-Hardhat,NO-Mask,Person"
2026-02-09T23:21:13,False,"helmet,vest","NO-Mask,Person"
2026-02-09T23:21:13,False,"helmet,vest","NO-Mask,Person"
2026-02-09T23:21:13,False,"helmet,vest","NO-Hardhat,NO-Mask,Person"
2026-02-09T23:21:13,False,"helmet,vest","NO-Hardhat,NO-Mask,Person"
2026-02-09T23:21:13,False,"helmet,vest","NO-Hardhat,NO-Mask,Person"
2026-02-09T23:21:13,False,"helmet,vest","NO-Hardhat,NO-Mask,Person"
2026-02-09T23:21:14,False,"helmet,vest","NO-Hardhat,NO-Mask,Person"
2026-02-09T23:21:14,False,"helmet,vest","NO-Mask,Person"
2026-02-09T23:21:14,False,"helmet,vest","NO-Hardhat,NO-Mask,Person"
2026-02-09T23:21:14,False,"helmet,vest","NO-Hardhat,NO-Mask,Person"
2026-02-09T23:21:14,False,"helmet,vest","NO-Mask,Person"
2026-02-09T23:21:14,False,"helmet,vest","NO-Mask,Person"
2026-02-09T23:21:14,False,"helmet,vest","NO-Mask,Person"
2026-02-09T23:21:14,False,"helmet,vest","NO-Mask,Person"
2026-02-09T23:21:14,False,"helmet,vest","NO-Mask,Person"
2026-02-09T23:21:14,False,"helmet,vest","NO-Mask,Person"
2026-02-09T23:21:14,False,"helmet,vest","NO-Mask,Person"
2026-02-09T23:21:14,False,"helmet,vest","NO-Mask,Person"
2026-02-09T23:21:14,False,"helmet,vest","NO-Mask,Person"
2026-02-09T23:21:14,False,"helmet,vest","NO-Mask,Person"
2026-02-09T23:21:14,False,"helmet,vest","NO-Mask,Person"
2026-02-09T23:21:15,False,"helmet,vest","NO-Mask,Person"
2026-02-09T23:21:15,False,"helmet,vest","NO-Hardhat,NO-Mask,Person"
2026-02-09T23:21:15,False,"helmet,vest","NO-Hardhat,Person"
2026-02-09T23:21:15,False,"helmet,vest","NO-Hardhat,Person"
2026-02-09T23:21:15,False,"helmet,vest","NO-Hardhat,Person"
2026-02-09T23:21:15,False,"helmet,vest","NO-Hardhat,Person"
2026-02-09T23:21:15,False,"helmet,vest","NO-Hardhat,Person"
2026-02-09T23:21:15,False,"helmet,vest","NO-Hardhat,Person"
2026-02-09T23:21:15,False,"helmet,vest","NO-Hardhat,NO-Mask,Person"
2026-02-09T23:21:15,False,"helmet,vest","NO-Hardhat,Person"
2026-02-09T23:21:15,False,"helmet,vest","NO-Hardhat,NO-Mask,Person"
2026-02-09T23:21:15,False,"helmet,vest","NO-Hardhat,NO-Mask,Person"
2026-02-09T23:21:15,False,"helmet,vest","NO-Hardhat,NO-Mask,Person"
2026-02-09T23:21:15,False,"helmet,vest","NO-Hardhat,NO-Mask,Person"
2026-02-09T23:21:15,False,"helmet,vest","NO-Hardhat,NO-Mask,Person"
2026-02-09T23:21:16,False,"helmet,vest","NO-Hardhat,NO-Mask,Person"
2026-02-09T23:21:16,False,"helmet,vest","NO-Hardhat,NO-Mask,Person"
2026-02-09T23:21:16,False,"helmet,vest","NO-Hardhat,Person"
2026-02-09T23:21:16,False,"helmet,vest","NO-Hardhat,Person"
2026-02-09T23:21:16,False,"helmet,vest","NO-Hardhat,Person"
2026-02-09T23:21:16,False,"helmet,vest","NO-Hardhat,NO-Mask,Person"
2026-02-09T23:21:16,False,"helmet,vest","NO-Hardhat,NO-Mask,Person"
2026-02-09T23:21:16,False,"helmet,vest","NO-Hardhat,NO-Mask,Person"
2026-02-09T23:21:16,False,"helmet,vest","NO-Hardhat,NO-Mask,Person"
2026-02-09T23:21:16,False,"helmet,vest","NO-Hardhat,NO-Mask,Person"
2026-02-09T23:21:16,False,"helmet,vest","NO-Hardhat,Person"
2026-02-09T23:21:16,False,"helmet,vest","NO-Hardhat,Person"
2026-02-09T23:21:16,False,"helmet,vest","NO-Hardhat,Person"
2026-02-09T23:21:16,False,"helmet,vest","NO-Hardhat,Person"
2026-02-09T23:21:16,False,"helmet,vest","NO-Hardhat,NO-Mask,Person"
2026-02-09T23:21:17,False,"helmet,vest","NO-Hardhat,NO-Mask,Person"
2026-02-09T23:21:17,False,"helmet,vest","NO-Hardhat,NO-Mask,Person"
2026-02-09T23:21:17,False,"helmet,vest","NO-Hardhat,NO-Mask,Person"
2026-02-09T23:21:17,False,"helmet,vest","NO-Hardhat,NO-Mask,Person"
2026-02-09T23:21:17,False,"helmet,vest","NO-Hardhat,Person"
2026-02-09T23:21:17,False,"helmet,vest","NO-Hardhat,Person"
2026-02-09T23:21:17,False,"helmet,vest","NO-Hardhat,NO-Mask,Person"
2026-02-09T23:21:17,False,"helmet,vest","NO-Hardhat,NO-Mask,Person"
2026-02-09T23:21:17,False,"helmet,vest","NO-Hardhat,Person"
2026-02-09T23:21:17,False,"helmet,vest","NO-Hardhat,Person"
2026-02-09T23:21:17,False,"helmet,vest","NO-Hardhat,Person"
2026-02-09T23:21:17,False,"helmet,vest","NO-Hardhat,Person"
2026-02-09T23:21:17,False,"helmet,vest","NO-Hardhat,NO-Mask,Person"
2026-02-09T23:21:17,False,"helmet,vest","NO-Hardhat,NO-Mask,Person"
2026-02-09T23:21:17,False,"helmet,vest","NO-Hardhat,Person"
2026-02-09T23:21:18,False,"helmet,vest","NO-Hardhat,NO-Mask,Person"
2026-02-09T23:21:18,False,"helmet,vest","NO-Hardhat,NO-Mask,Person"
2026-02-09T23:21:18,False,"helmet,vest","NO-Hardhat,NO-Mask,Person"
2026-02-09T23:21:18,False,"helmet,vest","NO-Hardhat,NO-Mask,Person"
2026-02-09T23:21:18,False,"helmet,vest","NO-Hardhat,NO-Mask,Person"
2026-02-09T23:21:18,False,"helmet,vest","NO-Hardhat,NO-Mask,Person"
2026-02-09T23:21:18,False,"helmet,vest","NO-Hardhat,NO-Mask,Person"
2026-02-09T23:21:18,False,"helmet,vest","NO-Hardhat,NO-Mask,Person"
2026-02-09T23:21:18,False,"helmet,vest","NO-Hardhat,NO-Mask,Person"
2026-02-09T23:21:18,False,"helmet,vest","NO-Mask,Person"
2026-02-09T23:21:18,False,"helmet,vest","NO-Hardhat,NO-Mask,Person"
2026-02-09T23:21:18,False,"helmet,vest","NO-Hardhat,NO-Mask,Person"
2026-02-09T23:21:18,False,"helmet,vest","NO-Hardhat,NO-Mask,Person"
2026-02-09T23:21:18,False,"helmet,vest","NO-Mask,Person"
2026-02-09T23:21:19,False,"helmet,vest","NO-Hardhat,NO-Mask,Person"
2026-02-09T23:21:19,False,"helmet,vest","NO-Mask,Person"
2026-02-09T23:21:19,False,"helmet,vest","NO-Mask,Person"
2026-02-09T23:21:19,False,"helmet,vest","NO-Mask,Person"
2026-02-09T23:21:19,False,"helmet,vest","NO-Mask,Person"
2026-02-09T23:21:19,False,"helmet,vest","NO-Mask,Person"
2026-02-09T23:21:19,False,"helmet,vest","NO-Mask,Person"
2026-02-09T23:21:19,False,"helmet,vest","NO-Hardhat,NO-Mask,Person"
2026-02-09T23:21:19,False,"helmet,vest","NO-Hardhat,NO-Mask,Person"
2026-02-09T23:21:19,False,"helmet,vest","NO-Hardhat,NO-Mask,Person"
2026-02-09T23:21:19,False,"helmet,vest","NO-Hardhat,NO-Mask,Person"
2026-02-09T23:21:19,False,"helmet,vest","NO-Mask,Person"
2026-02-09T23:21:19,False,"helmet,vest","NO-Mask,Person"
2026-02-09T23:21:19,False,"helmet,vest","NO-Hardhat,NO-Mask,Person"
2026-02-09T23:21:19,False,"helmet,vest","NO-Hardhat,NO-Mask,Person"
2026-02-09T23:21:20,False,"helmet,vest","NO-Hardhat,NO-Mask,Person"
2026-02-09T23:21:20,False,"helmet,vest","NO-Hardhat,NO-Mask,Person"
2026-02-09T23:21:20,False,"helmet,vest","NO-Hardhat,NO-Mask,Person"
2026-02-09T23:21:20,False,"helmet,vest","NO-Hardhat,NO-Mask,Person"
2026-02-09T23:21:20,False,"helmet,vest","NO-Hardhat,NO-Mask,Person"
2026-02-09T23:21:20,False,"helmet,vest","NO-Hardhat,NO-Mask,Person"
2026-02-09T23:21:20,False,"helmet,vest","NO-Hardhat,NO-Mask,Person"
2026-02-09T23:21:20,False,"helmet,vest","NO-Hardhat,NO-Mask,Person"
2026-02-09T23:21:20,False,"helmet,vest","NO-Hardhat,NO-Mask,Person"
2026-02-09T23:21:20,False,"helmet,vest","NO-Hardhat,NO-Mask,Person"
2026-02-09T23:21:20,False,"helmet,vest","NO-Hardhat,NO-Mask,Person"
2026-02-09T23:21:20,False,"helmet,vest","NO-Hardhat,NO-Mask,Person"
2026-02-09T23:21:20,False,"helmet,vest","NO-Hardhat,NO-Mask,Person"
2026-02-09T23:21:20,False,"helmet,vest","NO-Hardhat,Person"
2026-02-09T23:21:20,False,"helmet,vest","NO-Hardhat,Person"
2026-02-09T23:21:20,False,"helmet,vest","NO-Hardhat,Person"
2026-02-09T23:21:21,False,"helmet,vest","NO-Hardhat,NO-Mask,Person"
2026-02-09T23:21:21,False,"helmet,vest","NO-Hardhat,NO-Mask,Person"
2026-02-09T23:21:21,False,"helmet,vest","NO-Hardhat,NO-Mask,Person"
2026-02-09T23:21:21,False,"helmet,vest","NO-Hardhat,NO-Mask,Person"
2026-02-09T23:21:21,False,"helmet,vest","NO-Hardhat,NO-Mask,Person"
2026-02-09T23:21:21,False,"helmet,vest","NO-Hardhat,NO-Mask,Person"
2026-02-09T23:21:21,False,"helmet,vest","NO-Hardhat,Person"
2026-02-09T23:21:21,False,"helmet,vest","NO-Hardhat,NO-Mask,Person"
2026-02-09T23:21:21,False,"helmet,vest","NO-Hardhat,Person"
2026-02-09T23:21:21,False,"helmet,vest","NO-Hardhat,NO-Mask,Person"
2026-02-09T23:21:21,False,"helmet,vest","NO-Hardhat,Person"
2026-02-09T23:21:21,False,"helmet,vest","NO-Hardhat,NO-Mask,Person"
2026-02-09T23:21:21,False,"helmet,vest","NO-Hardhat,Person"
2026-02-09T23:21:21,False,"helmet,vest","NO-Hardhat,NO-Mask,Person"
2026-02-09T23:21:22,False,"helmet,vest","NO-Hardhat,NO-Mask,Person"
2026-02-09T23:21:22,False,"helmet,vest","NO-Hardhat,NO-Mask,Person"
2026-02-09T23:21:22,False,"helmet,vest","NO-Hardhat,NO-Mask,Person"
2026-02-09T23:21:22,False,"helmet,vest",Person
2026-02-09T23:21:22,False,"helmet,vest","NO-Hardhat,NO-Mask,Person"
2026-02-09T23:21:22,False,"helmet,vest","NO-Hardhat,NO-Mask,Person"
2026-02-09T23:21:22,False,"helmet,vest","NO-Hardhat,NO-Mask,Person"
2026-02-09T23:21:22,False,"helmet,vest","NO-Hardhat,NO-Mask,Person"
2026-02-09T23:21:22,False,"helmet,vest","NO-Hardhat,NO-Mask,Person"
2026-02-09T23:21:22,False,"helmet,vest","NO-Hardhat,NO-Mask,Person"
2026-02-09T23:21:22,False,"helmet,vest","NO-Hardhat,NO-Mask,Person"
2026-02-09T23:21:22,False,"helmet,vest","NO-Hardhat,Person"
2026-02-09T23:21:22,False,"helmet,vest","NO-Hardhat,NO-Mask,Person"
2026-02-09T23:21:22,False,"helmet,vest","NO-Hardhat,NO-Mask,Person"
2026-02-09T23:21:22,False,"helmet,vest","NO-Hardhat,NO-Mask,Person"
2026-02-09T23:21:22,False,"helmet,vest","NO-Hardhat,NO-Mask,Person"
2026-02-09T23:21:23,False,"helmet,vest","NO-Hardhat,NO-Mask,Person"
2026-02-09T23:21:23,False,"helmet,vest","NO-Hardhat,NO-Mask,Person"
2026-02-09T23:21:23,False,"helmet,vest","NO-Hardhat,NO-Mask,Person"
2026-02-09T23:21:23,False,"helmet,vest","NO-Hardhat,Person"
2026-02-09T23:21:23,False,"helmet,vest","NO-Hardhat,NO-Mask,Person"
2026-02-09T23:21:23,False,"helmet,vest","NO-Hardhat,NO-Mask,Person"
2026-02-09T23:21:23,False,"helmet,vest","NO-Hardhat,NO-Mask,Person"
2026-02-09T23:21:23,False,"helmet,vest","NO-Mask,Person"
2026-02-09T23:21:23,False,"helmet,vest","NO-Hardhat,NO-Mask,Person"
2026-02-09T23:21:23,False,"helmet,vest","NO-Hardhat,NO-Mask,Person"
2026-02-09T23:21:23,False,"helmet,vest","NO-Hardhat,NO-Mask,Person"
2026-02-09T23:21:23,False,"helmet,vest","NO-Hardhat,NO-Mask,Person"
2026-02-09T23:21:23,False,"helmet,vest","NO-Hardhat,NO-Mask,Person"
2026-02-09T23:21:23,False,"helmet,vest","NO-Hardhat,NO-Mask,Person"
2026-02-09T23:21:23,False,"helmet,vest","NO-Mask,Person"
2026-02-09T23:21:24,False,"helmet,vest","NO-Mask,Person"
2026-02-09T23:21:24,False,"helmet,vest","NO-Hardhat,NO-Mask,Person"
2026-02-09T23:21:24,False,"helmet,vest",Person
2026-02-09T23:21:24,False,"helmet,vest","NO-Mask,Person"
2026-02-09T23:21:24,False,"helmet,vest","NO-Hardhat,NO-Mask,Person"
2026-02-09T23:21:24,False,"helmet,vest","NO-Mask,Person"
2026-02-09T23:21:24,False,"helmet,vest","NO-Mask,Person"
2026-02-09T23:21:24,False,"helmet,vest","NO-Mask,Person"
2026-02-09T23:21:24,False,"helmet,vest","NO-Mask,Person"
2026-02-09T23:21:24,False,"helmet,vest","NO-Hardhat,NO-Mask,Person"
2026-02-09T23:21:24,False,"helmet,vest","NO-Hardhat,NO-Mask,Person"
2026-02-09T23:21:24,False,"helmet,vest","NO-Mask,Person"
2026-02-09T23:21:24,False,"helmet,vest","NO-Hardhat,NO-Mask,Person"
2026-02-09T23:21:24,False,"helmet,vest","NO-Hardhat,NO-Mask,Person"
2026-02-09T23:21:24,False,"helmet,vest","NO-Hardhat,NO-Mask,Person"
2026-02-09T23:21:25,False,"helmet,vest","NO-Hardhat,NO-Mask,Person"
2026-02-09T23:21:25,False,"helmet,vest","NO-Mask,Person"
2026-02-09T23:21:25,False,"helmet,vest","NO-Mask,Person"
2026-02-09T23:21:25,False,"helmet,vest","NO-Mask,Person"
2026-02-09T23:21:25,False,"helmet,vest","NO-Mask,Person"
2026-02-09T23:21:25,False,"helmet,vest","NO-Mask,Person"
2026-02-09T23:21:25,False,"helmet,vest","NO-Mask,Person"
2026-02-09T23:21:25,False,"helmet,vest","NO-Mask,Person"
2026-02-09T23:21:25,False,"helmet,vest","NO-Mask,Person"
2026-02-09T23:21:25,False,"helmet,vest","NO-Mask,Person"
2026-02-09T23:21:25,False,"helmet,vest","NO-Mask,Person"
2026-02-09T23:21:25,False,"helmet,vest","NO-Mask,Person"
2026-02-09T23:21:25,False,"helmet,vest","NO-Mask,Person"
2026-02-09T23:21:25,False,"helmet,vest","NO-Mask,Person"
2026-02-09T23:21:25,False,"helmet,vest","NO-Mask,Person"
2026-02-09T23:21:26,False,"helmet,vest","NO-Hardhat,NO-Mask,Person"
2026-02-09T23:21:26,False,"helmet,vest","NO-Mask,Person"
2026-02-09T23:21:26,False,"helmet,vest","NO-Mask,Person"
2026-02-09T23:21:26,False,"helmet,vest","NO-Mask,Person"
2026-02-09T23:21:26,False,"helmet,vest","NO-Mask,Person"
2026-02-09T23:21:26,False,"helmet,vest","NO-Mask,Person"
2026-02-09T23:21:26,False,"helmet,vest","NO-Hardhat,NO-Mask,Person"
2026-02-09T23:21:26,False,"helmet,vest","NO-Mask,Person"
2026-02-09T23:21:26,False,"helmet,vest","NO-Hardhat,NO-Mask,Person"
2026-02-09T23:21:26,False,"helmet,vest","NO-Hardhat,NO-Mask,Person"
2026-02-09T23:21:26,False,"helmet,vest","NO-Hardhat,NO-Mask,Person"
2026-02-09T23:21:26,False,"helmet,vest","NO-Hardhat,NO-Mask,Person"
2026-02-09T23:21:26,False,"helmet,vest","NO-Mask,Person"
2026-02-09T23:21:26,False,"helmet,vest","NO-Mask,Person"
2026-02-09T23:21:27,False,"helmet,vest","NO-Hardhat,NO-Mask,Person"
2026-02-09T23:21:27,False,"helmet,vest","NO-Mask,Person"
2026-02-09T23:21:27,False,"helmet,vest","NO-Hardhat,NO-Mask,Person"
2026-02-09T23:21:27,False,"helmet,vest","NO-Hardhat,NO-Mask,Person"
2026-02-09T23:21:27,False,"helmet,vest","NO-Hardhat,NO-Mask,Person"
2026-02-09T23:21:27,False,"helmet,vest","NO-Mask,Person"
2026-02-09T23:21:27,False,"helmet,vest","NO-Mask,Person"
2026-02-09T23:21:27,False,"helmet,vest","NO-Mask,Person"
2026-02-09T23:21:27,False,"helmet,vest","NO-Mask,Person"
2026-02-09T23:21:27,False,"helmet,vest","NO-Mask,Person"
2026-02-09T23:21:27,False,"helmet,vest","NO-Mask,Person"
2026-02-09T23:21:27,False,"helmet,vest","NO-Hardhat,NO-Mask,Person"
2026-02-09T23:21:27,False,"helmet,vest","NO-Hardhat,NO-Mask,Person"
2026-02-09T23:21:27,False,"helmet,vest","NO-Hardhat,NO-Mask,Person"
2026-02-09T23:21:27,False,"helmet,vest","NO-Hardhat,NO-Mask,Person"
2026-02-09T23:21:27,False,"helmet,vest","NO-Hardhat,NO-Mask,Person"
2026-02-09T23:21:28,False,"helmet,vest","NO-Mask,Person"
2026-02-09T23:21:28,False,"helmet,vest","NO-Mask,Person"
2026-02-09T23:21:28,False,"helmet,vest","NO-Mask,Person"
2026-02-09T23:21:28,False,"helmet,vest","NO-Mask,Person"
2026-02-09T23:21:28,False,"helmet,vest","NO-Mask,Person"
2026-02-09T23:21:28,False,"helmet,vest","NO-Hardhat,NO-Mask,Person"
2026-02-09T23:21:28,False,"helmet,vest","NO-Mask,Person"
2026-02-09T23:21:28,False,"helmet,vest","NO-Mask,Person"
2026-02-09T23:21:28,False,"helmet,vest","NO-Mask,Person"
2026-02-09T23:21:28,False,"helmet,vest","NO-Mask,Person"
2026-02-09T23:21:28,False,"helmet,vest","NO-Hardhat,NO-Mask,Person"
2026-02-09T23:21:28,False,"helmet,vest","NO-Hardhat,NO-Mask,Person"
2026-02-09T23:21:28,False,"helmet,vest","NO-Hardhat,NO-Mask,Person"
2026-02-09T23:21:28,False,"helmet,vest","NO-Hardhat,NO-Mask,Person"
2026-02-09T23:21:28,False,"helmet,vest","NO-Hardhat,Person"
2026-02-09T23:21:29,False,"helmet,vest","NO-Hardhat,NO-Mask,Person"
2026-02-09T23:21:29,False,"helmet,vest","NO-Hardhat,NO-Mask,Person"
2026-02-09T23:21:29,False,"helmet,vest","NO-Hardhat,NO-Mask,Person"
2026-02-09T23:21:29,False,"helmet,vest","NO-Hardhat,NO-Mask,Person"
2026-02-09T23:21:29,False,"helmet,vest","NO-Hardhat,NO-Mask,Person"
2026-02-09T23:21:29,False,"helmet,vest","NO-Hardhat,NO-Mask,Person"
2026-02-09T23:21:29,False,"helmet,vest","NO-Hardhat,NO-Mask,Person"
2026-02-09T23:21:29,False,"helmet,vest","NO-Hardhat,NO-Mask,Person"
2026-02-09T23:21:29,False,"helmet,vest","NO-Hardhat,NO-Mask,Person"
2026-02-09T23:21:29,False,"helmet,vest","NO-Hardhat,NO-Mask,Person"
2026-02-09T23:21:29,False,"helmet,vest","NO-Hardhat,NO-Mask,Person"
2026-02-09T23:21:29,False,"helmet,vest","NO-Hardhat,NO-Mask,Person"
2026-02-09T23:21:29,False,"helmet,vest","NO-Hardhat,NO-Mask,Person"
2026-02-09T23:21:29,False,"helmet,vest","NO-Hardhat,NO-Mask,Person"
2026-02-09T23:21:29,False,"helmet,vest","NO-Hardhat,Person"
2026-02-09T23:21:30,False,"helmet,vest","NO-Hardhat,NO-Mask,Person"
2026-02-09T23:21:30,False,"helmet,vest","NO-Hardhat,NO-Mask,Person"
2026-02-09T23:21:30,False,"helmet,vest","NO-Hardhat,NO-Mask,Person"
2026-02-09T23:21:30,False,"helmet,vest","NO-Hardhat,NO-Mask,Person"
2026-02-09T23:21:30,False,"helmet,vest","NO-Hardhat,NO-Mask,Person"
2026-02-09T23:21:30,False,"helmet,vest","NO-Hardhat,NO-Mask,Person"
2026-02-09T23:21:30,False,"helmet,vest","NO-Hardhat,NO-Mask,Person"
2026-02-09T23:21:30,False,"helmet,vest","NO-Hardhat,NO-Mask,Person"
2026-02-09T23:21:30,False,"helmet,vest","NO-Hardhat,NO-Mask,Person"
2026-02-09T23:21:30,False,"helmet,vest","NO-Hardhat,NO-Mask,Person"
2026-02-09T23:21:30,False,"helmet,vest","NO-Hardhat,NO-Mask,Person"
2026-02-09T23:21:30,False,"helmet,vest","NO-Hardhat,NO-Mask,Person"
2026-02-09T23:21:30,False,"helmet,vest","NO-Hardhat,NO-Mask,Person"
2026-02-09T23:21:30,False,"helmet,vest","NO-Hardhat,NO-Mask,Person"
2026-02-09T23:21:30,False,"helmet,vest","NO-Hardhat,NO-Mask,Person"
2026-02-09T23:21:31,False,"helmet,vest","NO-Hardhat,NO-Mask,Person"
2026-02-09T23:21:31,False,"helmet,vest","NO-Hardhat,NO-Mask,Person"
2026-02-09T23:21:31,False,"helmet,vest","NO-Hardhat,NO-Mask,Person"
2026-02-09T23:21:31,False,"helmet,vest","NO-Hardhat,NO-Mask,Person"
2026-02-09T23:21:31,False,"helmet,vest","NO-Hardhat,NO-Mask,Person"
2026-02-09T23:21:31,False,"helmet,vest","NO-Hardhat,NO-Mask,Person"
2026-02-09T23:21:31,False,"helmet,vest","NO-Hardhat,NO-Mask,Person"
2026-02-09T23:21:31,False,"helmet,vest","NO-Hardhat,NO-Mask,Person"
2026-02-09T23:21:31,False,"helmet,vest","NO-Hardhat,NO-Mask,Person"
2026-02-09T23:21:31,False,"helmet,vest","NO-Hardhat,NO-Mask,Person"
2026-02-09T23:21:31,False,"helmet,vest","NO-Hardhat,NO-Mask,Person"
2026-02-09T23:21:31,False,"helmet,vest","NO-Hardhat,NO-Mask,Person"
2026-02-09T23:21:31,False,"helmet,vest","NO-Hardhat,NO-Mask,Person"
2026-02-09T23:21:31,False,"helmet,vest","NO-Hardhat,NO-Mask,Person"
2026-02-09T23:21:31,False,"helmet,vest","NO-Hardhat,NO-Mask,Person"
2026-02-09T23:21:32,False,"helmet,vest","NO-Hardhat,NO-Mask,Person"
2026-02-09T23:21:32,False,"helmet,vest","Mask,NO-Hardhat,NO-Mask,Person"
2026-02-09T23:21:32,False,"helmet,vest","Mask,NO-Hardhat,NO-Mask,Person"
2026-02-09T23:21:32,False,"helmet,vest","NO-Hardhat,NO-Mask,Person"
2026-02-09T23:21:32,False,"helmet,vest","NO-Hardhat,NO-Mask,Person"
2026-02-09T23:21:32,False,"helmet,vest","NO-Hardhat,NO-Mask,Person"
2026-02-09T23:21:32,False,"helmet,vest","NO-Hardhat,NO-Mask,Person"
2026-02-09T23:21:32,False,"helmet,vest","NO-Hardhat,NO-Mask,Person"
2026-02-09T23:21:32,False,"helmet,vest","NO-Mask,Person"
2026-02-09T23:21:32,False,"helmet,vest","NO-Hardhat,NO-Mask,Person"
2026-02-09T23:21:32,False,"helmet,vest","NO-Hardhat,NO-Mask,Person"
2026-02-09T23:21:32,False,"helmet,vest","NO-Hardhat,NO-Mask,Person"
2026-02-09T23:21:32,False,"helmet,vest","NO-Hardhat,NO-Mask,Person"
2026-02-09T23:21:32,False,"helmet,vest","NO-Hardhat,NO-Mask,Person"
2026-02-09T23:21:32,False,"helmet,vest","NO-Hardhat,NO-Mask,Person"
2026-02-09T23:21:33,False,"helmet,vest","NO-Hardhat,NO-Mask,Person"
2026-02-09T23:21:33,False,"helmet,vest","NO-Mask,Person"
2026-02-09T23:21:33,False,"helmet,vest","NO-Mask,Person"
2026-02-09T23:21:33,False,"helmet,vest","NO-Hardhat,NO-Mask,Person"
2026-02-09T23:21:33,False,"helmet,vest","NO-Hardhat,NO-Mask,Person"
2026-02-09T23:21:33,False,"helmet,vest","NO-Hardhat,NO-Mask,Person"
2026-02-09T23:21:33,False,"helmet,vest","NO-Hardhat,NO-Mask,Person"
2026-02-09T23:21:33,False,"helmet,vest","NO-Hardhat,NO-Mask,Person"
2026-02-09T23:21:33,False,"helmet,vest","NO-Hardhat,NO-Mask,Person"
2026-02-09T23:21:33,False,"helmet,vest","NO-Hardhat,NO-Mask,Person"
2026-02-09T23:21:33,False,"helmet,vest","NO-Hardhat,Person"
2026-02-09T23:21:33,False,"helmet,vest","NO-Hardhat,Person"
2026-02-09T23:21:33,False,"helmet,vest","NO-Hardhat,Person"
2026-02-09T23:21:33,False,"helmet,vest","NO-Hardhat,Person"
2026-02-09T23:21:33,False,"helmet,vest","NO-Hardhat,NO-Mask,Person"
2026-02-09T23:21:34,False,"helmet,vest","Mask,NO-Hardhat,Person"
2026-02-09T23:21:34,False,"helmet,vest","Mask,NO-Hardhat,Person"
2026-02-09T23:21:34,False,"helmet,vest","Mask,NO-Hardhat,Person"
2026-02-09T23:21:34,False,"helmet,vest","NO-Hardhat,Person"
2026-02-09T23:21:34,False,"helmet,vest","NO-Hardhat,NO-Mask,Person"
2026-02-09T23:21:34,False,"helmet,vest","NO-Hardhat,NO-Mask,Person"
2026-02-09T23:21:34,False,"helmet,vest","NO-Hardhat,NO-Mask,Person"
2026-02-09T23:21:34,False,"helmet,vest","NO-Hardhat,NO-Mask,Person"
2026-02-09T23:21:34,False,"helmet,vest","NO-Hardhat,NO-Mask,Person"
2026-02-09T23:21:34,False,"helmet,vest","NO-Hardhat,NO-Mask,Person"
2026-02-09T23:21:34,False,"helmet,vest","NO-Hardhat,NO-Mask,Person"
2026-02-09T23:21:34,False,"helmet,vest","NO-Hardhat,NO-Mask,Person"
2026-02-09T23:21:34,False,"helmet,vest","NO-Hardhat,NO-Mask,Person"
2026-02-09T23:21:34,False,"helmet,vest","NO-Hardhat,NO-Mask,Person"
2026-02-09T23:21:34,False,"helmet,vest","NO-Hardhat,NO-Mask,NO-Safety Vest,Person"
2026-02-09T23:21:35,False,"helmet,vest","NO-Hardhat,NO-Mask,Person"
2026-02-09T23:21:35,False,"helmet,vest","NO-Hardhat,NO-Mask,Person"
2026-02-09T23:21:35,False,"helmet,vest","NO-Hardhat,NO-Mask,Person"
2026-02-09T23:21:35,False,"helmet,vest","NO-Hardhat,NO-Mask,Person"
2026-02-09T23:21:35,False,"helmet,vest","NO-Hardhat,NO-Mask,Person"
2026-02-09T23:21:35,False,"helmet,vest","NO-Hardhat,NO-Mask,Person"
2026-02-09T23:21:35,False,"helmet,vest","NO-Hardhat,NO-Mask,Person"
2026-02-09T23:21:35,False,"helmet,vest","NO-Hardhat,NO-Mask,Person"
2026-02-09T23:21:35,False,"helmet,vest","NO-Hardhat,NO-Mask,Person"
2026-02-09T23:21:35,False,"helmet,vest","NO-Hardhat,NO-Mask,Person"
2026-02-09T23:21:35,False,"helmet,vest","NO-Hardhat,NO-Mask,Person"
2026-02-09T23:21:35,False,"helmet,vest","Mask,NO-Hardhat,Person"
2026-02-09T23:21:35,False,"helmet,vest","NO-Hardhat,Person"
2026-02-09T23:21:35,False,"helmet,vest","NO-Hardhat,Person"
2026-02-09T23:21:35,False,"helmet,vest","NO-Hardhat,Person"
2026-02-09T23:21:36,False,"helmet,vest","Hardhat,NO-Hardhat,NO-Mask,Person"
2026-02-09T23:21:36,False,"helmet,vest","Hardhat,NO-Hardhat,NO-Mask,Person"
2026-02-09T23:21:36,False,"helmet,vest","Hardhat,NO-Hardhat,NO-Mask,NO-Safety Vest,Person"
2026-02-09T23:21:36,False,"helmet,vest","Hardhat,NO-Hardhat,NO-Mask,Person"
2026-02-09T23:21:36,False,"helmet,vest","Hardhat,NO-Hardhat,NO-Mask,Person"
2026-02-09T23:21:36,False,"helmet,vest","NO-Hardhat,NO-Mask,Person"
2026-02-09T23:21:36,False,"helmet,vest","NO-Hardhat,NO-Mask,Person"
2026-02-09T23:21:36,False,"helmet,vest","NO-Hardhat,NO-Mask,Person"
2026-02-09T23:21:36,False,"helmet,vest","NO-Hardhat,NO-Mask,Person"
2026-02-09T23:21:36,False,"helmet,vest","NO-Hardhat,NO-Mask,Person"
2026-02-09T23:21:36,False,"helmet,vest","NO-Hardhat,NO-Mask,Person"
2026-02-09T23:21:36,False,"helmet,vest","NO-Hardhat,NO-Mask,Person"
2026-02-09T23:21:36,False,"helmet,vest","NO-Hardhat,NO-Mask,NO-Safety Vest,Person"
2026-02-09T23:21:36,False,"helmet,vest","NO-Hardhat,NO-Mask,Person,Safety Vest"
2026-02-09T23:21:36,False,"helmet,vest","NO-Hardhat,NO-Mask,NO-Safety Vest,Person,Safety Vest"
2026-02-09T23:21:37,False,"helmet,vest","NO-Hardhat,NO-Mask,Person"
2026-02-09T23:21:37,False,"helmet,vest","NO-Hardhat,NO-Mask,Person"
2026-02-09T23:21:37,False,"helmet,vest","NO-Hardhat,NO-Mask,Person"
2026-02-09T23:21:37,False,"helmet,vest","NO-Hardhat,NO-Mask,Person"
2026-02-09T23:21:37,False,"helmet,vest","NO-Hardhat,NO-Mask,Person"
2026-02-09T23:21:37,False,"helmet,vest","NO-Hardhat,NO-Mask,Person"
2026-02-09T23:21:37,False,"helmet,vest","NO-Hardhat,NO-Mask,Person"
2026-02-09T23:21:37,False,"helmet,vest","NO-Hardhat,NO-Mask,NO-Safety Vest,Person"
2026-02-09T23:21:37,False,"helmet,vest","NO-Hardhat,NO-Mask,NO-Safety Vest,Person,Safety Vest"
2026-02-09T23:21:37,False,"helmet,vest","NO-Hardhat,NO-Mask,NO-Safety Vest,Person"
2026-02-09T23:21:37,False,"helmet,vest","NO-Hardhat,NO-Mask,Person"
2026-02-09T23:21:37,False,"helmet,vest","NO-Hardhat,NO-Mask,NO-Safety Vest,Person"
2026-02-09T23:21:37,False,"helmet,vest","NO-Hardhat,NO-Mask,Person"
2026-02-09T23:21:37,False,"helmet,vest","NO-Hardhat,NO-Mask,Person"
2026-02-09T23:21:37,False,"helmet,vest","NO-Hardhat,NO-Mask,Person"
2026-02-09T23:21:38,False,"helmet,vest","NO-Hardhat,NO-Mask,Person"
2026-02-09T23:21:38,False,"helmet,vest","NO-Hardhat,NO-Mask,Person"
2026-02-09T23:21:38,False,"helmet,vest","NO-Hardhat,NO-Mask,Person"
2026-02-09T23:21:38,False,"helmet,vest","NO-Hardhat,NO-Mask,Person"
2026-02-09T23:21:38,False,"helmet,vest","NO-Hardhat,NO-Mask,Person"
2026-02-09T23:21:38,False,"helmet,vest","NO-Hardhat,NO-Mask,NO-Safety Vest,Person"
2026-02-09T23:21:38,False,"helmet,vest","NO-Hardhat,NO-Mask,Person,Safety Cone"
2026-02-09T23:21:38,False,"helmet,vest","NO-Hardhat,NO-Mask,Person,Safety Vest"
2026-02-09T23:21:38,False,"helmet,vest","NO-Hardhat,NO-Mask,Person"
2026-02-09T23:21:38,False,"helmet,vest","NO-Hardhat,NO-Mask,Person,Safety Vest"
2026-02-09T23:21:38,False,"helmet,vest","NO-Hardhat,NO-Mask,Person"
2026-02-09T23:21:38,False,"helmet,vest","NO-Hardhat,NO-Mask,Person"
2026-02-09T23:21:38,False,"helmet,vest","NO-Hardhat,NO-Mask,Person"
2026-02-09T23:21:38,False,"helmet,vest","NO-Hardhat,NO-Mask,Person"
2026-02-09T23:21:38,False,"helmet,vest","NO-Hardhat,NO-Mask,Person"
2026-02-09T23:21:39,False,"helmet,vest","NO-Hardhat,NO-Mask,Person"
2026-02-09T23:21:39,False,"helmet,vest","NO-Hardhat,NO-Mask,Person"
2026-02-09T23:21:39,False,"helmet,vest","NO-Hardhat,NO-Mask,Person"
2026-02-09T23:21:39,False,"helmet,vest","NO-Hardhat,NO-Mask,Person"
2026-02-09T23:21:39,False,"helmet,vest","NO-Hardhat,NO-Mask,Person"
2026-02-09T23:21:39,False,"helmet,vest","NO-Hardhat,NO-Mask,Person"
2026-02-09T23:21:39,False,"helmet,vest","NO-Hardhat,NO-Mask,Person"
2026-02-09T23:21:39,False,"helmet,vest","NO-Hardhat,NO-Mask,Person"
2026-02-09T23:21:39,False,"helmet,vest","NO-Hardhat,NO-Mask,Person"
2026-02-09T23:21:39,False,"helmet,vest","NO-Hardhat,NO-Mask,Person"
2026-02-09T23:21:39,False,"helmet,vest","NO-Hardhat,NO-Mask,Person"
2026-02-09T23:21:39,False,"helmet,vest","NO-Hardhat,NO-Mask,Person"
2026-02-09T23:21:39,False,"helmet,vest","NO-Hardhat,NO-Mask,Person"
2026-02-09T23:21:39,False,"helmet,vest","Mask,NO-Hardhat,NO-Mask,Person"
2026-02-09T23:21:40,False,"helmet,vest","Mask,NO-Safety Vest,Person"
2026-02-09T23:21:40,False,"helmet,vest","NO-Hardhat,Person"
2026-02-09T23:21:40,False,"helmet,vest","NO-Hardhat,Person"
2026-02-09T23:21:40,False,"helmet,vest","NO-Hardhat,NO-Mask,Person"
2026-02-09T23:21:40,False,"helmet,vest","NO-Hardhat,NO-Mask,Person"
2026-02-09T23:21:40,False,"helmet,vest","NO-Hardhat,NO-Mask,Person"
2026-02-09T23:21:40,False,"helmet,vest","NO-Hardhat,NO-Mask,Person"
2026-02-09T23:21:40,False,"helmet,vest","NO-Hardhat,NO-Mask,Person"
2026-02-09T23:21:40,False,"helmet,vest","NO-Hardhat,NO-Mask,Person"
2026-02-09T23:21:40,False,"helmet,vest","Mask,NO-Hardhat,NO-Mask,Person"
2026-02-09T23:21:40,False,"helmet,vest","Mask,NO-Hardhat,NO-Mask,Person"
2026-02-09T23:21:40,False,"helmet,vest","Mask,NO-Hardhat,NO-Mask,Person"
2026-02-09T23:21:40,False,"helmet,vest","Mask,NO-Hardhat,NO-Mask,Person"
2026-02-09T23:21:40,False,"helmet,vest","Mask,NO-Hardhat,NO-Mask,Person"
2026-02-09T23:21:40,False,"helmet,vest","Mask,NO-Hardhat,NO-Mask,Person"
2026-02-09T23:21:40,False,"helmet,vest","Mask,NO-Hardhat,NO-Mask,Person"
2026-02-09T23:21:41,False,"helmet,vest","Mask,NO-Hardhat,NO-Mask,Person"
2026-02-09T23:21:41,False,"helmet,vest","Mask,NO-Hardhat,NO-Mask,Person"
2026-02-09T23:21:41,False,"helmet,vest","Mask,NO-Hardhat,NO-Mask,Person"
2026-02-09T23:21:41,False,"helmet,vest","Mask,NO-Hardhat,NO-Mask,Person"
2026-02-09T23:21:41,False,"helmet,vest","Mask,NO-Hardhat,NO-Mask,Person"
2026-02-09T23:21:41,False,"helmet,vest","Mask,NO-Hardhat,NO-Mask,Person"
2026-02-09T23:21:41,False,"helmet,vest","Mask,NO-Hardhat,NO-Mask,Person"
2026-02-09T23:21:41,False,"helmet,vest","Mask,NO-Hardhat,NO-Mask,Person"
2026-02-09T23:21:41,False,"helmet,vest","Mask,NO-Hardhat,Person"
2026-02-09T23:21:41,False,"helmet,vest","Mask,NO-Hardhat,Person"
2026-02-09T23:21:41,False,"helmet,vest","Mask,NO-Hardhat,Person"
2026-02-09T23:21:41,False,"helmet,vest","Mask,NO-Hardhat,Person"
2026-02-09T23:21:41,False,"helmet,vest","NO-Hardhat,Person"
2026-02-09T23:21:41,False,"helmet,vest","NO-Safety Vest,Person"
2026-02-09T23:21:41,False,"helmet,vest","NO-Hardhat,Person"
2026-02-09T23:21:42,False,"helmet,vest",Person
2026-02-09T23:21:42,False,"helmet,vest","NO-Hardhat,Person"
2026-02-09T23:21:42,False,"helmet,vest","NO-Hardhat,NO-Mask,NO-Safety Vest,Person"
2026-02-09T23:21:42,False,"helmet,vest","NO-Hardhat,NO-Mask,Person"
2026-02-09T23:21:42,False,"helmet,vest","Hardhat,NO-Hardhat,NO-Mask,Person"
2026-02-09T23:21:42,False,"helmet,vest","NO-Hardhat,NO-Mask,Person"
2026-02-09T23:21:42,False,"helmet,vest","NO-Hardhat,NO-Mask,Person"
2026-02-09T23:21:42,False,"helmet,vest","NO-Hardhat,NO-Mask,Person"
2026-02-09T23:21:42,False,"helmet,vest","NO-Hardhat,NO-Mask,Person"
2026-02-09T23:21:42,False,"helmet,vest","NO-Hardhat,NO-Mask,Person"
2026-02-09T23:21:42,False,"helmet,vest","NO-Hardhat,NO-Mask,Person"
2026-02-09T23:21:42,False,"helmet,vest","NO-Hardhat,NO-Mask,Person"
2026-02-09T23:21:42,False,"helmet,vest","NO-Hardhat,NO-Mask,Person"
2026-02-09T23:21:42,False,"helmet,vest","NO-Hardhat,NO-Mask,Person"
2026-02-09T23:21:42,False,"helmet,vest","NO-Hardhat,NO-Mask,Person"
2026-02-09T23:21:43,False,"helmet,vest","NO-Hardhat,NO-Mask,Person"
2026-02-09T23:21:43,False,"helmet,vest","NO-Hardhat,NO-Mask,Person,Safety Cone"
2026-02-09T23:21:43,False,"helmet,vest","NO-Hardhat,NO-Mask,Person,Safety Cone"
2026-02-09T23:21:43,False,"helmet,vest","NO-Hardhat,NO-Mask,Person,Safety Cone"
2026-02-09T23:21:43,False,"helmet,vest","NO-Hardhat,NO-Mask,Person,Safety Cone"
2026-02-09T23:21:43,False,"helmet,vest","NO-Hardhat,NO-Mask,Person"
2026-02-09T23:21:43,False,"helmet,vest","NO-Hardhat,NO-Mask,NO-Safety Vest,Person"
2026-02-09T23:21:43,False,"helmet,vest","NO-Hardhat,NO-Mask,NO-Safety Vest,Person"
2026-02-09T23:21:43,False,"helmet,vest","NO-Hardhat,NO-Mask,Person"
2026-02-09T23:21:43,False,"helmet,vest","NO-Hardhat,NO-Mask,Person"
2026-02-09T23:21:43,False,"helmet,vest","NO-Hardhat,NO-Mask,Person"
2026-02-09T23:21:43,False,"helmet,vest","NO-Hardhat,NO-Mask,Person"
2026-02-09T23:21:43,False,"helmet,vest","NO-Hardhat,NO-Mask,NO-Safety Vest,Person"
2026-02-09T23:21:43,False,"helmet,vest","NO-Hardhat,NO-Mask,NO-Safety Vest,Person"
2026-02-09T23:21:44,False,"helmet,vest","NO-Hardhat,NO-Mask,NO-Safety Vest,Person"
2026-02-09T23:21:44,False,"helmet,vest","NO-Hardhat,NO-Mask,Person"
2026-02-09T23:21:44,False,"helmet,vest","NO-Hardhat,NO-Mask,NO-Safety Vest,Person"
2026-02-09T23:21:44,False,"helmet,vest","NO-Hardhat,NO-Mask,NO-Safety Vest,Person"
2026-02-09T23:21:44,False,"helmet,vest","NO-Hardhat,NO-Mask,NO-Safety Vest,Person"
2026-02-09T23:21:44,False,"helmet,vest","NO-Hardhat,NO-Mask,NO-Safety Vest,Person"
2026-02-09T23:21:44,False,"helmet,vest","NO-Hardhat,NO-Mask,NO-Safety Vest,Person"
2026-02-09T23:21:44,False,"helmet,vest","NO-Hardhat,NO-Mask,NO-Safety Vest,Person"
2026-02-09T23:21:44,False,"helmet,vest","Mask,NO-Safety Vest,Person"
2026-02-09T23:21:44,False,"helmet,vest","Mask,NO-Safety Vest,Person"
2026-02-09T23:21:44,False,"helmet,vest","Mask,Person"
2026-02-09T23:21:44,False,"helmet,vest","Mask,NO-Safety Vest,Person"
2026-02-09T23:21:44,False,"helmet,vest","Mask,NO-Safety Vest,Person"
2026-02-09T23:21:44,False,"helmet,vest","Mask,NO-Safety Vest,Person"
2026-02-09T23:21:44,False,"helmet,vest","Mask,NO-Safety Vest,Person"
2026-02-09T23:21:45,False,"helmet,vest","Mask,NO-Safety Vest,Person"
2026-02-09T23:21:45,False,"helmet,vest","Mask,NO-Safety Vest,Person"
2026-02-09T23:21:45,False,"helmet,vest","Mask,NO-Safety Vest,Person"
2026-02-09T23:21:45,False,"helmet,vest","Mask,NO-Hardhat,NO-Safety Vest,Person"
2026-02-09T23:21:45,False,"helmet,vest","Mask,NO-Mask,NO-Safety Vest,Person"
2026-02-09T23:21:45,False,"helmet,vest","NO-Hardhat,NO-Mask,NO-Safety Vest,Person"
2026-02-09T23:21:45,False,"helmet,vest","NO-Hardhat,NO-Mask,NO-Safety Vest,Person"
2026-02-09T23:21:45,False,"helmet,vest","NO-Hardhat,NO-Mask,NO-Safety Vest,Person"
2026-02-09T23:21:45,False,"helmet,vest","NO-Hardhat,NO-Mask,NO-Safety Vest,Person"
2026-02-09T23:21:45,False,"helmet,vest","NO-Hardhat,NO-Mask,NO-Safety Vest,Person"
2026-02-09T23:21:45,False,"helmet,vest","NO-Hardhat,NO-Mask,NO-Safety Vest,Person"
2026-02-09T23:21:45,False,"helmet,vest","NO-Hardhat,NO-Mask,NO-Safety Vest,Person"
2026-02-09T23:21:45,False,"helmet,vest","NO-Hardhat,NO-Mask,NO-Safety Vest,Person"
2026-02-09T23:21:45,False,"helmet,vest","NO-Hardhat,NO-Mask,NO-Safety Vest,Person"
2026-02-09T23:21:45,False,"helmet,vest","NO-Hardhat,NO-Mask,NO-Safety Vest,Person"
2026-02-09T23:21:46,False,"helmet,vest","NO-Hardhat,NO-Mask,NO-Safety Vest,Person"
2026-02-09T23:21:46,False,"helmet,vest","NO-Hardhat,NO-Mask,NO-Safety Vest,Person,Safety Cone"
2026-02-09T23:21:46,False,"helmet,vest","NO-Hardhat,NO-Mask,NO-Safety Vest,Person"
2026-02-09T23:21:46,False,"helmet,vest","NO-Hardhat,NO-Mask,NO-Safety Vest,Person"
2026-02-09T23:21:46,False,"helmet,vest","NO-Hardhat,NO-Mask,NO-Safety Vest,Person"
2026-02-09T23:21:46,False,"helmet,vest","NO-Hardhat,NO-Mask,NO-Safety Vest,Person"
2026-02-09T23:21:46,False,"helmet,vest","NO-Hardhat,NO-Mask,NO-Safety Vest,Person"
2026-02-09T23:21:46,False,"helmet,vest","NO-Hardhat,NO-Mask,NO-Safety Vest,Person"
2026-02-09T23:21:46,False,"helmet,vest","NO-Hardhat,NO-Mask,NO-Safety Vest,Person"
2026-02-09T23:21:46,False,"helmet,vest","NO-Hardhat,NO-Mask,NO-Safety Vest,Person"
2026-02-09T23:21:46,False,"helmet,vest","NO-Hardhat,NO-Mask,NO-Safety Vest,Person"
2026-02-09T23:21:46,False,"helmet,vest","NO-Hardhat,NO-Mask,NO-Safety Vest,Person"
2026-02-09T23:21:46,False,"helmet,vest","NO-Hardhat,NO-Mask,NO-Safety Vest,Person"
2026-02-09T23:21:46,False,"helmet,vest","NO-Hardhat,NO-Mask,NO-Safety Vest,Person"
2026-02-09T23:21:46,False,"helmet,vest","NO-Hardhat,NO-Mask,NO-Safety Vest,Person"
2026-02-09T23:21:47,False,"helmet,vest","NO-Hardhat,NO-Mask,NO-Safety Vest,Person"
2026-02-09T23:21:47,False,"helmet,vest","NO-Hardhat,NO-Mask,NO-Safety Vest,Person"
2026-02-09T23:21:47,False,"helmet,vest","NO-Hardhat,NO-Mask,NO-Safety Vest,Person"
2026-02-09T23:21:47,False,"helmet,vest","NO-Hardhat,NO-Mask,NO-Safety Vest,Person"
2026-02-09T23:21:47,False,"helmet,vest","NO-Hardhat,NO-Mask,NO-Safety Vest,Person"
2026-02-09T23:21:47,False,"helmet,vest","NO-Hardhat,NO-Mask,NO-Safety Vest,Person"
2026-02-09T23:21:47,False,"helmet,vest","NO-Hardhat,NO-Mask,NO-Safety Vest,Person"
2026-02-09T23:21:47,False,"helmet,vest","NO-Hardhat,NO-Mask,NO-Safety Vest,Person"
2026-02-09T23:21:47,False,"helmet,vest","NO-Hardhat,NO-Mask,NO-Safety Vest,Person"
2026-02-09T23:21:47,False,"helmet,vest","NO-Hardhat,NO-Mask,NO-Safety Vest,Person"
2026-02-09T23:21:47,False,"helmet,vest","NO-Hardhat,NO-Mask,NO-Safety Vest,Person"
2026-02-09T23:21:47,False,"helmet,vest","NO-Hardhat,NO-Mask,NO-Safety Vest,Person"
2026-02-09T23:21:47,False,"helmet,vest","NO-Hardhat,NO-Mask,NO-Safety Vest,Person"
2026-02-09T23:21:47,False,"helmet,vest","NO-Hardhat,NO-Mask,NO-Safety Vest,Person"
2026-02-09T23:21:47,False,"helmet,vest","NO-Hardhat,NO-Mask,NO-Safety Vest,Person"
2026-02-09T23:21:48,False,"helmet,vest","NO-Hardhat,NO-Mask,NO-Safety Vest,Person"
2026-02-09T23:21:48,False,"helmet,vest","NO-Hardhat,NO-Mask,NO-Safety Vest,Person"
2026-02-09T23:21:48,False,"helmet,vest","NO-Hardhat,NO-Mask,NO-Safety Vest,Person"
2026-02-09T23:21:48,False,"helmet,vest","NO-Hardhat,NO-Mask,NO-Safety Vest,Person"
2026-02-09T23:21:48,False,"helmet,vest","NO-Hardhat,NO-Mask,NO-Safety Vest,Person"
2026-02-09T23:21:48,False,"helmet,vest","NO-Hardhat,NO-Mask,NO-Safety Vest,Person"
2026-02-09T23:21:48,False,"helmet,vest","NO-Hardhat,NO-Mask,NO-Safety Vest,Person"
2026-02-09T23:21:48,False,"helmet,vest","NO-Hardhat,NO-Mask,NO-Safety Vest,Person"
2026-02-09T23:21:48,False,"helmet,vest","NO-Hardhat,NO-Mask,NO-Safety Vest,Person"
2026-02-09T23:21:48,False,"helmet,vest","NO-Hardhat,NO-Mask,NO-Safety Vest,Person"
2026-02-09T23:21:48,False,"helmet,vest","NO-Hardhat,NO-Mask,NO-Safety Vest,Person"
2026-02-09T23:21:48,False,"helmet,vest","NO-Hardhat,NO-Mask,NO-Safety Vest,Person"
2026-02-09T23:21:48,False,"helmet,vest","NO-Hardhat,NO-Mask,NO-Safety Vest,Person"
2026-02-09T23:21:48,False,"helmet,vest","NO-Hardhat,NO-Mask,NO-Safety Vest,Person"
2026-02-09T23:21:48,False,"helmet,vest","NO-Hardhat,NO-Mask,NO-Safety Vest,Person"
2026-02-09T23:21:49,False,"helmet,vest","NO-Hardhat,NO-Mask,NO-Safety Vest,Person"
2026-02-09T23:21:49,False,"helmet,vest","NO-Hardhat,NO-Mask,NO-Safety Vest,Person"
2026-02-09T23:21:49,False,"helmet,vest","NO-Hardhat,NO-Mask,NO-Safety Vest,Person"
2026-02-09T23:21:49,False,"helmet,vest","NO-Hardhat,NO-Mask,NO-Safety Vest,Person"
2026-02-09T23:21:49,False,"helmet,vest","NO-Hardhat,NO-Mask,NO-Safety Vest,Person"
2026-02-09T23:21:49,False,"helmet,vest","NO-Hardhat,NO-Mask,NO-Safety Vest,Person"
2026-02-09T23:21:49,False,"helmet,vest","NO-Hardhat,NO-Mask,NO-Safety Vest,Person"
2026-02-09T23:21:49,False,"helmet,vest","NO-Hardhat,NO-Mask,NO-Safety Vest,Person"
2026-02-09T23:21:49,False,"helmet,vest","NO-Hardhat,NO-Mask,NO-Safety Vest,Person"
2026-02-09T23:21:49,False,"helmet,vest","NO-Hardhat,NO-Mask,NO-Safety Vest,Person"
2026-02-09T23:21:49,False,"helmet,vest","NO-Hardhat,NO-Mask,NO-Safety Vest,Person"
2026-02-09T23:21:49,False,"helmet,vest","NO-Hardhat,NO-Mask,NO-Safety Vest,Person"
2026-02-09T23:21:49,False,"helmet,vest","NO-Hardhat,NO-Mask,NO-Safety Vest,Person"
2026-02-09T23:21:49,False,"helmet,vest","NO-Hardhat,NO-Mask,NO-Safety Vest,Person"
2026-02-09T23:21:49,False,"helmet,vest","NO-Hardhat,NO-Mask,NO-Safety Vest,Person"
2026-02-09T23:21:50,False,"helmet,vest","NO-Hardhat,NO-Mask,NO-Safety Vest,Person"
2026-02-09T23:21:50,False,"helmet,vest","NO-Hardhat,NO-Mask,NO-Safety Vest,Person"
2026-02-09T23:21:50,False,"helmet,vest","NO-Hardhat,NO-Mask,NO-Safety Vest,Person"
2026-02-09T23:21:50,False,"helmet,vest","NO-Hardhat,NO-Mask,NO-Safety Vest,Person"
2026-02-09T23:21:50,False,"helmet,vest","Hardhat,NO-Hardhat,NO-Mask,NO-Safety Vest,Person"
2026-02-09T23:21:50,False,"helmet,vest","Hardhat,NO-Hardhat,NO-Mask,NO-Safety Vest,Person"
2026-02-09T23:21:50,False,"helmet,vest","NO-Hardhat,NO-Mask,NO-Safety Vest,Person"
2026-02-09T23:21:50,False,"helmet,vest","NO-Hardhat,NO-Mask,NO-Safety Vest,Person"
2026-02-09T23:21:50,False,"helmet,vest","NO-Hardhat,NO-Mask,NO-Safety Vest,Person"
2026-02-09T23:21:50,False,"helmet,vest","NO-Hardhat,NO-Mask,NO-Safety Vest,Person"
2026-02-09T23:21:50,False,"helmet,vest","NO-Hardhat,NO-Mask,NO-Safety Vest,Person"
2026-02-09T23:21:50,False,"helmet,vest","NO-Hardhat,NO-Mask,NO-Safety Vest,Person"
2026-02-09T23:21:50,False,"helmet,vest","NO-Hardhat,NO-Mask,NO-Safety Vest,Person"
2026-02-09T23:21:50,False,"helmet,vest","NO-Hardhat,NO-Mask,NO-Safety Vest,Person"
2026-02-09T23:21:50,False,"helmet,vest","NO-Hardhat,NO-Mask,NO-Safety Vest,Person"
2026-02-09T23:21:51,False,"helmet,vest","NO-Hardhat,NO-Mask,NO-Safety Vest,Person"
2026-02-09T23:21:51,False,"helmet,vest","NO-Hardhat,NO-Mask,NO-Safety Vest,Person"
2026-02-09T23:21:51,False,"helmet,vest","NO-Hardhat,NO-Mask,NO-Safety Vest,Person"
2026-02-09T23:21:51,False,"helmet,vest","NO-Hardhat,NO-Mask,NO-Safety Vest,Person"
2026-02-09T23:21:51,False,"helmet,vest","NO-Hardhat,NO-Mask,NO-Safety Vest,Person"
2026-02-09T23:21:51,False,"helmet,vest","NO-Hardhat,NO-Mask,NO-Safety Vest,Person"
2026-02-09T23:21:51,False,"helmet,vest","NO-Hardhat,NO-Mask,NO-Safety Vest,Person"
2026-02-09T23:21:51,False,"helmet,vest","NO-Hardhat,NO-Mask,Person"
2026-02-09T23:21:51,False,"helmet,vest","NO-Hardhat,NO-Mask,Person"
2026-02-09T23:21:51,False,"helmet,vest","NO-Hardhat,NO-Mask,Person"
2026-02-09T23:21:51,False,"helmet,vest","NO-Mask,NO-Safety Vest,Person"
2026-02-09T23:21:51,False,"helmet,vest","NO-Mask,NO-Safety Vest,Person"
2026-02-09T23:21:51,False,"helmet,vest","NO-Safety Vest,Person"
2026-02-09T23:21:51,False,"helmet,vest",
2026-02-09T23:21:53,False,"helmet,vest",Person
2026-02-09T23:21:54,False,"helmet,vest",NO-Safety Vest
2026-02-09T23:21:54,False,"helmet,vest",NO-Safety Vest
2026-02-09T23:21:54,False,"helmet,vest",NO-Safety Vest
2026-02-09T23:21:54,False,"helmet,vest",NO-Safety Vest
2026-02-09T23:21:54,False,"helmet,vest",NO-Safety Vest
2026-02-09T23:21:54,False,"helmet,vest","NO-Safety Vest,Safety Cone"
2026-02-09T23:21:54,False,"helmet,vest",NO-Safety Vest
2026-02-09T23:21:54,False,"helmet,vest",NO-Safety Vest
2026-02-09T23:21:54,False,"helmet,vest",NO-Safety Vest
2026-02-09T23:21:54,False,"helmet,vest",NO-Safety Vest
2026-02-09T23:21:54,False,"helmet,vest",NO-Safety Vest
2026-02-09T23:21:54,False,"helmet,vest",NO-Safety Vest
2026-02-09T23:21:54,False,"helmet,vest",NO-Safety Vest
2026-02-09T23:21:54,False,"helmet,vest",NO-Safety Vest
2026-02-09T23:21:54,False,"helmet,vest",NO-Safety Vest
2026-02-09T23:21:55,False,"helmet,vest",NO-Safety Vest
2026-02-09T23:21:55,False,"helmet,vest","NO-Safety Vest,Safety Cone"
2026-02-09T23:21:55,False,"helmet,vest",NO-Safety Vest
2026-02-09T23:21:55,False,"helmet,vest",NO-Safety Vest
2026-02-09T23:21:55,False,"helmet,vest",NO-Safety Vest
2026-02-09T23:21:55,False,"helmet,vest",NO-Safety Vest
2026-02-09T23:21:55,False,"helmet,vest",NO-Safety Vest
2026-02-09T23:21:55,False,"helmet,vest",NO-Safety Vest
2026-02-09T23:21:55,False,"helmet,vest",NO-Safety Vest
2026-02-09T23:21:55,False,"helmet,vest","NO-Safety Vest,Safety Cone"
2026-02-09T23:21:55,False,"helmet,vest",NO-Safety Vest
2026-02-09T23:21:55,False,"helmet,vest",NO-Safety Vest
2026-02-09T23:21:55,False,"helmet,vest",NO-Safety Vest
2026-02-09T23:21:55,False,"helmet,vest",NO-Safety Vest
2026-02-09T23:21:55,False,"helmet,vest",NO-Safety Vest
2026-02-09T23:21:56,False,"helmet,vest",NO-Safety Vest
2026-02-09T23:21:56,False,"helmet,vest",NO-Safety Vest
2026-02-09T23:21:56,False,"helmet,vest",NO-Safety Vest
2026-02-09T23:21:56,False,"helmet,vest",NO-Safety Vest
2026-02-09T23:21:56,False,"helmet,vest",NO-Safety Vest
2026-02-09T23:21:56,False,"helmet,vest","NO-Safety Vest,Safety Cone"
2026-02-09T23:21:56,False,"helmet,vest",NO-Safety Vest
2026-02-09T23:21:56,False,"helmet,vest","NO-Safety Vest,Safety Cone"
2026-02-09T23:21:56,False,"helmet,vest","NO-Safety Vest,Safety Cone"
2026-02-09T23:21:56,False,"helmet,vest","NO-Safety Vest,Safety Cone"
2026-02-09T23:21:56,False,"helmet,vest","NO-Safety Vest,Safety Cone"
2026-02-09T23:21:56,False,"helmet,vest","NO-Safety Vest,Safety Cone"
2026-02-09T23:21:56,False,"helmet,vest","NO-Safety Vest,Safety Cone"
2026-02-09T23:21:56,False,"helmet,vest",NO-Safety Vest
2026-02-09T23:21:56,False,"helmet,vest",NO-Safety Vest
2026-02-09T23:21:56,False,"helmet,vest",NO-Safety Vest
2026-02-09T23:21:57,False,"helmet,vest",NO-Safety Vest
2026-02-09T23:21:57,False,"helmet,vest",NO-Safety Vest
2026-02-09T23:21:57,False,"helmet,vest",NO-Safety Vest
2026-02-09T23:21:57,False,"helmet,vest",NO-Safety Vest
2026-02-09T23:21:57,False,"helmet,vest","NO-Safety Vest,Safety Cone"
2026-02-09T23:21:57,False,"helmet,vest","NO-Safety Vest,Safety Cone"
2026-02-09T23:21:57,False,"helmet,vest","NO-Safety Vest,Safety Cone"
2026-02-09T23:21:57,False,"helmet,vest","NO-Safety Vest,Safety Cone"
2026-02-09T23:21:57,False,"helmet,vest",NO-Safety Vest
2026-02-09T23:21:57,False,"helmet,vest","NO-Safety Vest,Safety Cone"
2026-02-09T23:21:57,False,"helmet,vest",NO-Safety Vest
2026-02-09T23:21:57,False,"helmet,vest",NO-Safety Vest
2026-02-09T23:21:57,False,"helmet,vest",NO-Safety Vest
2026-02-09T23:21:57,False,"helmet,vest",NO-Safety Vest
2026-02-09T23:21:57,False,"helmet,vest",NO-Safety Vest
2026-02-09T23:21:58,False,"helmet,vest",NO-Safety Vest
2026-02-09T23:21:58,False,"helmet,vest",NO-Safety Vest
2026-02-09T23:21:58,False,"helmet,vest",NO-Safety Vest
2026-02-09T23:21:58,False,"helmet,vest",NO-Safety Vest
2026-02-09T23:21:58,False,"helmet,vest","NO-Safety Vest,Safety Cone"
2026-02-09T23:21:58,False,"helmet,vest","NO-Safety Vest,Safety Cone"
2026-02-09T23:21:58,False,"helmet,vest",NO-Safety Vest
2026-02-09T23:21:58,False,"helmet,vest",NO-Safety Vest
2026-02-09T23:21:58,False,"helmet,vest",NO-Safety Vest
2026-02-09T23:21:58,False,"helmet,vest",NO-Safety Vest
2026-02-09T23:21:58,False,"helmet,vest",NO-Safety Vest
2026-02-09T23:21:58,False,"helmet,vest",NO-Safety Vest
2026-02-09T23:21:58,False,"helmet,vest","NO-Safety Vest,Safety Cone"
2026-02-09T23:21:58,False,"helmet,vest",NO-Safety Vest
2026-02-09T23:21:58,False,"helmet,vest",NO-Safety Vest
2026-02-09T23:21:59,False,"helmet,vest",NO-Safety Vest
2026-02-09T23:21:59,False,"helmet,vest","NO-Safety Vest,Safety Cone"
2026-02-09T23:21:59,False,"helmet,vest",NO-Safety Vest
2026-02-09T23:21:59,False,"helmet,vest",NO-Safety Vest
2026-02-09T23:21:59,False,"helmet,vest",NO-Safety Vest
2026-02-09T23:21:59,False,"helmet,vest",NO-Safety Vest
2026-02-09T23:21:59,False,"helmet,vest",NO-Safety Vest
2026-02-09T23:21:59,False,"helmet,vest",NO-Safety Vest
2026-02-09T23:21:59,False,"helmet,vest",NO-Safety Vest
2026-02-09T23:21:59,False,"helmet,vest","NO-Safety Vest,Safety Cone"
2026-02-09T23:21:59,False,"helmet,vest",NO-Safety Vest
2026-02-09T23:21:59,False,"helmet,vest","NO-Safety Vest,Safety Cone"
2026-02-09T23:21:59,False,"helmet,vest",NO-Safety Vest
2026-02-09T23:21:59,False,"helmet,vest","NO-Safety Vest,Safety Cone"
2026-02-09T23:21:59,False,"helmet,vest","NO-Safety Vest,Safety Cone"
2026-02-09T23:22:00,False,"helmet,vest",NO-Safety Vest
2026-02-09T23:22:00,False,"helmet,vest","NO-Safety Vest,Safety Cone"
2026-02-09T23:22:00,False,"helmet,vest","NO-Safety Vest,Safety Cone"
2026-02-09T23:22:00,False,"helmet,vest",NO-Safety Vest
2026-02-09T23:22:00,False,"helmet,vest",NO-Safety Vest
2026-02-09T23:22:00,False,"helmet,vest",NO-Safety Vest
2026-02-09T23:22:00,False,"helmet,vest",NO-Safety Vest
2026-02-09T23:22:00,False,"helmet,vest",NO-Safety Vest
2026-02-09T23:22:00,False,"helmet,vest","NO-Safety Vest,Safety Cone"
2026-02-09T23:22:00,False,"helmet,vest",NO-Safety Vest
2026-02-09T23:22:00,False,"helmet,vest",NO-Safety Vest
2026-02-09T23:22:00,False,"helmet,vest",NO-Safety Vest
2026-02-09T23:22:00,False,"helmet,vest",NO-Safety Vest
2026-02-09T23:22:00,False,"helmet,vest","NO-Safety Vest,Safety Cone"
2026-02-09T23:22:00,False,"helmet,vest",NO-Safety Vest
2026-02-09T23:22:01,False,"helmet,vest","NO-Safety Vest,Safety Cone"
2026-02-09T23:22:01,False,"helmet,vest","NO-Safety Vest,Safety Cone"
2026-02-09T23:22:01,False,"helmet,vest","NO-Safety Vest,Safety Cone"
2026-02-09T23:22:01,False,"helmet,vest","NO-Safety Vest,Safety Cone"
2026-02-09T23:22:01,False,"helmet,vest","NO-Safety Vest,Safety Cone"
2026-02-09T23:22:01,False,"helmet,vest",NO-Safety Vest
2026-02-09T23:22:01,False,"helmet,vest",NO-Safety Vest
2026-02-09T23:22:01,False,"helmet,vest",NO-Safety Vest
2026-02-09T23:22:01,False,"helmet,vest","NO-Safety Vest,Safety Cone"
2026-02-09T23:22:01,False,"helmet,vest",NO-Safety Vest
2026-02-09T23:22:01,False,"helmet,vest",NO-Safety Vest
2026-02-09T23:22:01,False,"helmet,vest",NO-Safety Vest
2026-02-09T23:22:01,False,"helmet,vest",NO-Safety Vest
2026-02-09T23:22:01,False,"helmet,vest",NO-Safety Vest
2026-02-09T23:22:01,False,"helmet,vest",NO-Safety Vest
2026-02-09T23:22:02,False,"helmet,vest",NO-Safety Vest
2026-02-09T23:22:02,False,"helmet,vest","NO-Safety Vest,Safety Cone"
2026-02-09T23:22:02,False,"helmet,vest","NO-Safety Vest,Safety Cone"
2026-02-09T23:22:02,False,"helmet,vest",NO-Safety Vest
2026-02-09T23:22:02,False,"helmet,vest",NO-Safety Vest
2026-02-09T23:22:02,False,"helmet,vest",NO-Safety Vest
2026-02-09T23:22:02,False,"helmet,vest",NO-Safety Vest
2026-02-09T23:22:02,False,"helmet,vest",NO-Safety Vest
2026-02-09T23:22:02,False,"helmet,vest",NO-Safety Vest
2026-02-09T23:22:02,False,"helmet,vest",NO-Safety Vest
2026-02-09T23:22:02,False,"helmet,vest","NO-Safety Vest,Safety Cone"
2026-02-09T23:22:02,False,"helmet,vest","NO-Safety Vest,Safety Cone"
2026-02-09T23:22:02,False,"helmet,vest",NO-Safety Vest
2026-02-09T23:22:02,False,"helmet,vest",NO-Safety Vest
2026-02-09T23:22:02,False,"helmet,vest",NO-Safety Vest
2026-02-09T23:22:03,False,"helmet,vest",NO-Safety Vest
2026-02-09T23:22:03,False,"helmet,vest",NO-Safety Vest
2026-02-09T23:22:03,False,"helmet,vest",NO-Safety Vest
2026-02-09T23:22:03,False,"helmet,vest",NO-Safety Vest
2026-02-09T23:22:03,False,"helmet,vest",NO-Safety Vest
2026-02-09T23:22:03,False,"helmet,vest",NO-Safety Vest
2026-02-09T23:22:03,False,"helmet,vest",NO-Safety Vest
2026-02-09T23:22:03,False,"helmet,vest",NO-Safety Vest
2026-02-09T23:22:03,False,"helmet,vest",NO-Safety Vest
2026-02-09T23:22:03,False,"helmet,vest",NO-Safety Vest
2026-02-09T23:22:03,False,"helmet,vest",NO-Safety Vest
2026-02-09T23:22:03,False,"helmet,vest",NO-Safety Vest
2026-02-09T23:22:03,False,"helmet,vest",NO-Safety Vest
2026-02-09T23:22:03,False,"helmet,vest",NO-Safety Vest
2026-02-09T23:22:03,False,"helmet,vest",NO-Safety Vest
2026-02-09T23:22:04,False,"helmet,vest",NO-Safety Vest
2026-02-09T23:22:04,False,"helmet,vest",NO-Safety Vest
2026-02-09T23:22:04,False,"helmet,vest",NO-Safety Vest
2026-02-09T23:22:04,False,"helmet,vest","NO-Safety Vest,Safety Cone"
2026-02-09T23:22:04,False,"helmet,vest",NO-Safety Vest
2026-02-09T23:22:04,False,"helmet,vest",NO-Safety Vest
2026-02-09T23:22:04,False,"helmet,vest",NO-Safety Vest
2026-02-09T23:22:04,False,"helmet,vest","NO-Safety Vest,Safety Cone"
2026-02-09T23:22:04,False,"helmet,vest","NO-Safety Vest,Safety Cone"
2026-02-09T23:22:04,False,"helmet,vest",NO-Safety Vest
2026-02-09T23:22:04,False,"helmet,vest","NO-Safety Vest,Safety Cone"
2026-02-09T23:22:04,False,"helmet,vest","NO-Safety Vest,Safety Cone"
2026-02-09T23:22:04,False,"helmet,vest","NO-Safety Vest,Safety Cone"
2026-02-09T23:22:04,False,"helmet,vest","NO-Safety Vest,Safety Cone"
2026-02-09T23:22:04,False,"helmet,vest","NO-Safety Vest,Safety Cone"
2026-02-09T23:22:05,False,"helmet,vest","NO-Safety Vest,Safety Cone"
2026-02-09T23:22:05,False,"helmet,vest","NO-Safety Vest,Safety Cone"
2026-02-09T23:22:05,False,"helmet,vest","NO-Safety Vest,Safety Cone"
2026-02-09T23:22:05,False,"helmet,vest",NO-Safety Vest
2026-02-09T23:22:05,False,"helmet,vest",NO-Safety Vest
2026-02-09T23:22:05,False,"helmet,vest",NO-Safety Vest
2026-02-09T23:22:05,False,"helmet,vest",NO-Safety Vest
2026-02-09T23:22:05,False,"helmet,vest",NO-Safety Vest
2026-02-09T23:22:05,False,"helmet,vest","NO-Safety Vest,Safety Cone"
2026-02-09T23:22:05,False,"helmet,vest","NO-Safety Vest,Safety Cone"
2026-02-09T23:22:05,False,"helmet,vest","NO-Safety Vest,Safety Cone"
2026-02-09T23:22:05,False,"helmet,vest","NO-Safety Vest,Safety Cone"
2026-02-09T23:22:05,False,"helmet,vest","NO-Safety Vest,Safety Cone"
2026-02-09T23:22:05,False,"helmet,vest","NO-Safety Vest,Safety Cone"
2026-02-09T23:22:05,False,"helmet,vest","NO-Safety Vest,Safety Cone"
2026-02-09T23:22:06,False,"helmet,vest",NO-Safety Vest
2026-02-09T23:22:06,False,"helmet,vest","NO-Safety Vest,Safety Cone"
2026-02-09T23:22:06,False,"helmet,vest","NO-Safety Vest,Safety Cone"
2026-02-09T23:22:06,False,"helmet,vest",NO-Safety Vest
2026-02-09T23:22:06,False,"helmet,vest",NO-Safety Vest
2026-02-09T23:22:06,False,"helmet,vest",NO-Safety Vest
2026-02-09T23:22:06,False,"helmet,vest","NO-Safety Vest,Safety Cone"
2026-02-09T23:22:06,False,"helmet,vest","NO-Safety Vest,Safety Cone"
2026-02-09T23:22:06,False,"helmet,vest",NO-Safety Vest
2026-02-09T23:22:06,False,"helmet,vest","NO-Safety Vest,Safety Cone"
2026-02-09T23:22:06,False,"helmet,vest",NO-Safety Vest
2026-02-09T23:22:06,False,"helmet,vest",NO-Safety Vest
2026-02-09T23:22:06,False,"helmet,vest",NO-Safety Vest
2026-02-09T23:22:06,False,"helmet,vest","NO-Safety Vest,Safety Cone"
2026-02-09T23:22:06,False,"helmet,vest",NO-Safety Vest
2026-02-09T23:22:07,False,"helmet,vest",NO-Safety Vest
2026-02-09T23:22:07,False,"helmet,vest",NO-Safety Vest
2026-02-09T23:22:07,False,"helmet,vest",NO-Safety Vest
2026-02-09T23:22:07,False,"helmet,vest",NO-Safety Vest
2026-02-09T23:22:07,False,"helmet,vest",NO-Safety Vest
2026-02-09T23:22:07,False,"helmet,vest",NO-Safety Vest
2026-02-09T23:22:07,False,"helmet,vest",NO-Safety Vest
2026-02-09T23:22:07,False,"helmet,vest",NO-Safety Vest
2026-02-09T23:22:07,False,"helmet,vest",NO-Safety Vest
2026-02-09T23:22:07,False,"helmet,vest","NO-Safety Vest,Safety Cone"
2026-02-09T23:22:07,False,"helmet,vest",NO-Safety Vest
2026-02-09T23:22:07,False,"helmet,vest","NO-Safety Vest,Safety Cone"
2026-02-09T23:22:07,False,"helmet,vest","NO-Safety Vest,Safety Cone"
2026-02-09T23:22:07,False,"helmet,vest",NO-Safety Vest
2026-02-09T23:22:07,False,"helmet,vest",NO-Safety Vest
2026-02-09T23:22:08,False,"helmet,vest","NO-Safety Vest,Safety Cone"
2026-02-09T23:22:08,False,"helmet,vest","NO-Safety Vest,Safety Cone"
2026-02-09T23:22:08,False,"helmet,vest","NO-Safety Vest,Safety Cone"
2026-02-09T23:22:08,False,"helmet,vest","NO-Safety Vest,Safety Cone"
2026-02-09T23:22:08,False,"helmet,vest","NO-Safety Vest,Safety Cone"
2026-02-09T23:22:08,False,"helmet,vest","NO-Safety Vest,Safety Cone"
2026-02-09T23:22:08,False,"helmet,vest",NO-Safety Vest
2026-02-09T23:22:08,False,"helmet,vest",NO-Safety Vest
2026-02-09T23:22:08,False,"helmet,vest",NO-Safety Vest
2026-02-09T23:22:08,False,"helmet,vest",NO-Safety Vest
2026-02-09T23:22:08,False,"helmet,vest",NO-Safety Vest
2026-02-09T23:22:08,False,"helmet,vest",NO-Safety Vest
2026-02-09T23:22:08,False,"helmet,vest",NO-Safety Vest
2026-02-09T23:22:08,False,"helmet,vest",NO-Safety Vest
2026-02-09T23:22:08,False,"helmet,vest","NO-Safety Vest,Safety Cone"
2026-02-09T23:22:09,False,"helmet,vest","NO-Safety Vest,Safety Cone"
2026-02-09T23:22:09,False,"helmet,vest","NO-Safety Vest,Safety Cone"
2026-02-09T23:22:09,False,"helmet,vest",NO-Safety Vest
2026-02-09T23:22:09,False,"helmet,vest",NO-Safety Vest
2026-02-09T23:22:09,False,"helmet,vest",NO-Safety Vest
2026-02-09T23:22:09,False,"helmet,vest","NO-Safety Vest,Safety Cone"
2026-02-09T23:22:09,False,"helmet,vest",NO-Safety Vest
2026-02-09T23:22:09,False,"helmet,vest","NO-Safety Vest,Safety Cone"
2026-02-09T23:22:09,False,"helmet,vest",NO-Safety Vest
2026-02-09T23:22:09,False,"helmet,vest","NO-Safety Vest,Safety Cone"
2026-02-09T23:22:09,False,"helmet,vest","NO-Safety Vest,Safety Cone"
2026-02-09T23:22:09,False,"helmet,vest","NO-Safety Vest,Safety Cone"
2026-02-09T23:22:09,False,"helmet,vest",NO-Safety Vest
2026-02-09T23:22:09,False,"helmet,vest",NO-Safety Vest
2026-02-09T23:22:09,False,"helmet,vest","NO-Safety Vest,Safety Cone"
2026-02-09T23:22:10,False,"helmet,vest",NO-Safety Vest
2026-02-09T23:22:10,False,"helmet,vest",NO-Safety Vest
2026-02-09T23:22:10,False,"helmet,vest",NO-Safety Vest
2026-02-09T23:22:10,False,"helmet,vest","NO-Safety Vest,Safety Cone"
2026-02-09T23:22:10,False,"helmet,vest",NO-Safety Vest
2026-02-09T23:22:10,False,"helmet,vest",NO-Safety Vest
2026-02-09T23:22:10,False,"helmet,vest",NO-Safety Vest
2026-02-09T23:22:10,False,"helmet,vest",NO-Safety Vest
2026-02-09T23:22:10,False,"helmet,vest",NO-Safety Vest
2026-02-09T23:22:10,False,"helmet,vest","NO-Safety Vest,Safety Cone"
2026-02-09T23:22:10,False,"helmet,vest",NO-Safety Vest
2026-02-09T23:22:10,False,"helmet,vest",NO-Safety Vest
2026-02-09T23:22:10,False,"helmet,vest","NO-Safety Vest,Safety Cone"
2026-02-09T23:22:10,False,"helmet,vest",NO-Safety Vest
2026-02-09T23:22:10,False,"helmet,vest","NO-Safety Vest,Safety Cone"
2026-02-09T23:22:11,False,"helmet,vest","NO-Safety Vest,Safety Cone"
2026-02-09T23:22:11,False,"helmet,vest",NO-Safety Vest
2026-02-09T23:22:11,False,"helmet,vest",NO-Safety Vest
2026-02-09T23:22:11,False,"helmet,vest",NO-Safety Vest
2026-02-09T23:22:11,False,"helmet,vest",NO-Safety Vest
2026-02-09T23:22:11,False,"helmet,vest",NO-Safety Vest
2026-02-09T23:22:11,False,"helmet,vest",NO-Safety Vest
2026-02-09T23:22:11,False,"helmet,vest",NO-Safety Vest
2026-02-09T23:22:11,False,"helmet,vest","NO-Safety Vest,Safety Cone"
2026-02-09T23:22:11,False,"helmet,vest",NO-Safety Vest
2026-02-09T23:22:11,False,"helmet,vest",NO-Safety Vest
2026-02-09T23:22:11,False,"helmet,vest",NO-Safety Vest
2026-02-09T23:22:11,False,"helmet,vest",NO-Safety Vest
2026-02-09T23:22:11,False,"helmet,vest",NO-Safety Vest
2026-02-09T23:22:11,False,"helmet,vest",NO-Safety Vest
2026-02-09T23:22:12,False,"helmet,vest",NO-Safety Vest
2026-02-09T23:22:12,False,"helmet,vest",NO-Safety Vest
2026-02-09T23:22:12,False,"helmet,vest",NO-Safety Vest
2026-02-09T23:22:12,False,"helmet,vest","NO-Safety Vest,Safety Cone"
2026-02-09T23:22:12,False,"helmet,vest","NO-Safety Vest,Safety Cone"
2026-02-09T23:22:12,False,"helmet,vest",NO-Safety Vest
2026-02-09T23:22:12,False,"helmet,vest",NO-Safety Vest
2026-02-09T23:22:12,False,"helmet,vest",NO-Safety Vest
2026-02-09T23:22:12,False,"helmet,vest","NO-Safety Vest,Safety Cone"
2026-02-09T23:22:12,False,"helmet,vest","NO-Safety Vest,Safety Cone"
2026-02-09T23:22:12,False,"helmet,vest",NO-Safety Vest
2026-02-09T23:22:12,False,"helmet,vest",NO-Safety Vest
2026-02-09T23:22:12,False,"helmet,vest",NO-Safety Vest
2026-02-09T23:22:12,False,"helmet,vest",NO-Safety Vest
2026-02-09T23:22:12,False,"helmet,vest",NO-Safety Vest
2026-02-09T23:22:13,False,"helmet,vest",NO-Safety Vest
2026-02-09T23:22:13,False,"helmet,vest",NO-Safety Vest
2026-02-09T23:22:13,False,"helmet,vest",NO-Safety Vest
2026-02-09T23:22:13,False,"helmet,vest",NO-Safety Vest
2026-02-09T23:22:13,False,"helmet,vest",NO-Safety Vest
2026-02-09T23:22:13,False,"helmet,vest",NO-Safety Vest
2026-02-09T23:22:13,False,"helmet,vest",NO-Safety Vest
2026-02-09T23:22:13,False,"helmet,vest","NO-Safety Vest,Safety Cone"
2026-02-09T23:22:13,False,"helmet,vest","NO-Safety Vest,Safety Cone"
2026-02-09T23:22:13,False,"helmet,vest",NO-Safety Vest
2026-02-09T23:22:13,False,"helmet,vest",NO-Safety Vest
2026-02-09T23:22:13,False,"helmet,vest",NO-Safety Vest
2026-02-09T23:22:13,False,"helmet,vest","NO-Safety Vest,Safety Cone"
2026-02-09T23:22:13,False,"helmet,vest","NO-Safety Vest,Safety Cone"
2026-02-09T23:22:13,False,"helmet,vest","NO-Safety Vest,Safety Cone"
2026-02-09T23:22:14,False,"helmet,vest","NO-Safety Vest,Safety Cone"
2026-02-09T23:22:14,False,"helmet,vest",NO-Safety Vest
2026-02-09T23:22:14,False,"helmet,vest",NO-Safety Vest
2026-02-09T23:22:14,False,"helmet,vest",NO-Safety Vest
2026-02-09T23:22:14,False,"helmet,vest",NO-Safety Vest
2026-02-09T23:22:14,False,"helmet,vest",NO-Safety Vest
2026-02-09T23:22:14,False,"helmet,vest","NO-Safety Vest,Safety Cone"
2026-02-09T23:22:14,False,"helmet,vest","NO-Safety Vest,Safety Cone"
2026-02-09T23:22:14,False,"helmet,vest",NO-Safety Vest
2026-02-09T23:22:14,False,"helmet,vest",NO-Safety Vest
2026-02-09T23:22:14,False,"helmet,vest",NO-Safety Vest
2026-02-09T23:22:14,False,"helmet,vest",NO-Safety Vest
2026-02-09T23:22:14,False,"helmet,vest",NO-Safety Vest
2026-02-09T23:22:14,False,"helmet,vest",NO-Safety Vest
2026-02-09T23:22:14,False,"helmet,vest",NO-Safety Vest
2026-02-09T23:22:15,False,"helmet,vest",NO-Safety Vest
2026-02-09T23:22:15,False,"helmet,vest",NO-Safety Vest
2026-02-09T23:22:15,False,"helmet,vest",NO-Safety Vest
2026-02-09T23:22:15,False,"helmet,vest","NO-Safety Vest,Safety Cone"
2026-02-09T23:22:15,False,"helmet,vest",NO-Safety Vest
2026-02-09T23:22:15,False,"helmet,vest",NO-Safety Vest
2026-02-09T23:22:15,False,"helmet,vest",NO-Safety Vest
2026-02-09T23:22:15,False,"helmet,vest",NO-Safety Vest
2026-02-09T23:22:15,False,"helmet,vest",NO-Safety Vest
2026-02-09T23:22:15,False,"helmet,vest",NO-Safety Vest
2026-02-09T23:22:15,False,"helmet,vest",NO-Safety Vest
2026-02-09T23:22:15,False,"helmet,vest",NO-Safety Vest
2026-02-09T23:22:15,False,"helmet,vest",NO-Safety Vest
2026-02-09T23:22:15,False,"helmet,vest",NO-Safety Vest
2026-02-09T23:22:15,False,"helmet,vest",NO-Safety Vest
2026-02-09T23:22:16,False,"helmet,vest",NO-Safety Vest
2026-02-09T23:22:16,False,"helmet,vest",NO-Safety Vest
2026-02-09T23:22:16,False,"helmet,vest",NO-Safety Vest
2026-02-09T23:22:16,False,"helmet,vest",NO-Safety Vest
2026-02-09T23:22:16,False,"helmet,vest","NO-Safety Vest,Safety Cone"
2026-02-09T23:22:16,False,"helmet,vest",NO-Safety Vest
2026-02-09T23:22:16,False,"helmet,vest","NO-Safety Vest,Safety Cone"
2026-02-09T23:22:16,False,"helmet,vest",NO-Safety Vest
2026-02-09T23:22:16,False,"helmet,vest","NO-Safety Vest,Safety Cone"
2026-02-09T23:22:16,False,"helmet,vest",NO-Safety Vest
2026-02-09T23:22:16,False,"helmet,vest",NO-Safety Vest
2026-02-09T23:22:16,False,"helmet,vest","NO-Safety Vest,Safety Cone"
2026-02-09T23:22:16,False,"helmet,vest",NO-Safety Vest
2026-02-09T23:22:16,False,"helmet,vest",NO-Safety Vest
2026-02-09T23:22:16,False,"helmet,vest",NO-Safety Vest
2026-02-09T23:22:17,False,"helmet,vest","NO-Safety Vest,Safety Cone"
2026-02-09T23:22:17,False,"helmet,vest",NO-Safety Vest
2026-02-09T23:22:17,False,"helmet,vest",NO-Safety Vest
2026-02-09T23:22:17,False,"helmet,vest",NO-Safety Vest
2026-02-09T23:22:17,False,"helmet,vest","NO-Hardhat,NO-Safety Vest,Safety Cone"
2026-02-09T23:22:17,False,"helmet,vest","NO-Hardhat,NO-Safety Vest,Person"
2026-02-09T23:22:17,False,"helmet,vest","NO-Hardhat,NO-Mask,NO-Safety Vest,Person"
2026-02-09T23:22:17,False,"helmet,vest","NO-Hardhat,NO-Mask,NO-Safety Vest,Person,Safety Cone"
2026-02-09T23:22:17,False,"helmet,vest","NO-Hardhat,NO-Mask,NO-Safety Vest,Person"
2026-02-09T23:22:17,False,"helmet,vest","NO-Hardhat,NO-Mask,NO-Safety Vest,Person"
2026-02-09T23:22:17,False,"helmet,vest","NO-Hardhat,NO-Mask,NO-Safety Vest,Person"
2026-02-09T23:22:17,False,"helmet,vest","NO-Hardhat,NO-Mask,NO-Safety Vest,Person"
2026-02-09T23:22:17,False,"helmet,vest","NO-Hardhat,NO-Mask,NO-Safety Vest,Person"
2026-02-09T23:22:17,False,"helmet,vest","NO-Hardhat,NO-Mask,NO-Safety Vest,Person"
2026-02-09T23:22:18,False,"helmet,vest","NO-Hardhat,NO-Mask,NO-Safety Vest,Person"
2026-02-09T23:22:18,False,"helmet,vest","NO-Mask,NO-Safety Vest,Person"
2026-02-09T23:22:18,False,"helmet,vest","NO-Mask,NO-Safety Vest,Person"
2026-02-09T23:22:18,False,"helmet,vest","NO-Mask,NO-Safety Vest,Person"
2026-02-09T23:22:18,False,"helmet,vest","NO-Mask,NO-Safety Vest,Person"
2026-02-09T23:22:18,False,"helmet,vest","NO-Mask,NO-Safety Vest,Person,Safety Cone"
2026-02-09T23:22:18,False,"helmet,vest","NO-Mask,NO-Safety Vest,Person,Safety Cone"
2026-02-09T23:22:18,False,"helmet,vest","NO-Mask,NO-Safety Vest,Person"
2026-02-09T23:22:18,False,"helmet,vest","NO-Mask,NO-Safety Vest,Person"
2026-02-09T23:22:18,False,"helmet,vest","NO-Mask,NO-Safety Vest,Person"
2026-02-09T23:22:18,False,"helmet,vest","NO-Mask,NO-Safety Vest,Person"
2026-02-09T23:22:18,False,"helmet,vest","NO-Mask,NO-Safety Vest,Person,Safety Vest"
2026-02-09T23:22:18,False,"helmet,vest","NO-Mask,NO-Safety Vest,Person,Safety Cone"
2026-02-09T23:22:18,False,"helmet,vest","NO-Safety Vest,Person"
2026-02-09T23:22:18,False,"helmet,vest","Mask,NO-Safety Vest,Person"
2026-02-09T23:22:19,False,"helmet,vest","Mask,NO-Safety Vest,Person"
2026-02-09T23:22:19,False,"helmet,vest","Mask,NO-Safety Vest,Person"
2026-02-09T23:22:19,False,"helmet,vest","Mask,NO-Safety Vest,Person"
2026-02-09T23:22:19,False,"helmet,vest","Mask,NO-Safety Vest,Person"
2026-02-09T23:22:19,False,"helmet,vest","Mask,NO-Safety Vest,Person"
2026-02-09T23:22:19,False,"helmet,vest","Mask,NO-Safety Vest,Person"
2026-02-09T23:22:19,False,"helmet,vest","NO-Safety Vest,Person"
2026-02-09T23:22:19,False,"helmet,vest","NO-Mask,NO-Safety Vest,Person"
2026-02-09T23:22:19,False,"helmet,vest","NO-Mask,NO-Safety Vest,Person"
2026-02-09T23:22:19,False,"helmet,vest","Mask,NO-Mask,NO-Safety Vest,Person"
2026-02-09T23:22:19,False,"helmet,vest","NO-Mask,NO-Safety Vest,Person"
2026-02-09T23:22:19,False,"helmet,vest",Person
2026-02-09T23:22:19,False,"helmet,vest","NO-Mask,Person"
2026-02-09T23:22:19,False,"helmet,vest","NO-Mask,Person"
2026-02-09T23:22:19,False,"helmet,vest",Person
2026-02-09T23:22:20,False,"helmet,vest",Person
2026-02-09T23:22:20,False,"helmet,vest","NO-Safety Vest,Person"
2026-02-09T23:22:20,False,"helmet,vest","NO-Mask,NO-Safety Vest,Person"
2026-02-09T23:22:20,False,"helmet,vest","NO-Mask,NO-Safety Vest,Person"
2026-02-09T23:22:20,False,"helmet,vest","NO-Safety Vest,Person"
2026-02-09T23:22:20,False,"helmet,vest","NO-Hardhat,NO-Safety Vest,Person"
2026-02-09T23:22:20,False,"helmet,vest","NO-Hardhat,Person"
2026-02-09T23:22:20,False,"helmet,vest","NO-Hardhat,NO-Mask,NO-Safety Vest,Person"
2026-02-09T23:22:20,False,"helmet,vest","NO-Hardhat,NO-Mask,NO-Safety Vest,Person"
2026-02-09T23:22:20,False,"helmet,vest","NO-Hardhat,NO-Mask,NO-Safety Vest,Person"
2026-02-09T23:22:20,False,"helmet,vest","NO-Hardhat,NO-Mask,NO-Safety Vest,Person"
2026-02-09T23:22:20,False,"helmet,vest","NO-Hardhat,NO-Mask,NO-Safety Vest,Person"
2026-02-09T23:22:20,False,"helmet,vest","NO-Hardhat,NO-Mask,NO-Safety Vest,Person"
2026-02-09T23:22:20,False,"helmet,vest","NO-Hardhat,NO-Mask,NO-Safety Vest,Person"
2026-02-09T23:22:20,False,"helmet,vest","NO-Hardhat,NO-Mask,NO-Safety Vest,Person"
2026-02-09T23:22:21,False,"helmet,vest","NO-Hardhat,NO-Mask,NO-Safety Vest,Person"
2026-02-09T23:22:21,False,"helmet,vest","NO-Hardhat,NO-Mask,NO-Safety Vest,Person,Safety Cone"
2026-02-09T23:22:21,False,"helmet,vest","NO-Hardhat,NO-Mask,NO-Safety Vest,Person"
2026-02-09T23:22:21,False,"helmet,vest","NO-Hardhat,NO-Mask,NO-Safety Vest,Person"
2026-02-09T23:22:21,False,"helmet,vest","NO-Hardhat,NO-Mask,NO-Safety Vest,Person"
2026-02-09T23:22:21,False,"helmet,vest","NO-Hardhat,NO-Mask,NO-Safety Vest,Person"
2026-02-09T23:22:21,False,"helmet,vest","NO-Hardhat,NO-Mask,NO-Safety Vest,Person"
2026-02-09T23:22:21,False,"helmet,vest","NO-Hardhat,NO-Mask,NO-Safety Vest,Person"
2026-02-09T23:22:21,False,"helmet,vest","NO-Hardhat,NO-Mask,NO-Safety Vest,Person,Safety Cone"
2026-02-09T23:22:21,False,"helmet,vest","NO-Hardhat,NO-Mask,NO-Safety Vest,Person"
2026-02-09T23:22:21,False,"helmet,vest","NO-Hardhat,NO-Mask,NO-Safety Vest,Person"
2026-02-09T23:22:21,False,"helmet,vest","NO-Hardhat,NO-Mask,NO-Safety Vest,Person"
2026-02-09T23:22:21,False,"helmet,vest","NO-Hardhat,NO-Mask,NO-Safety Vest,Person"
2026-02-09T23:22:21,False,"helmet,vest","NO-Hardhat,NO-Mask,NO-Safety Vest,Person,Safety Cone"
2026-02-09T23:22:21,False,"helmet,vest","NO-Hardhat,NO-Mask,NO-Safety Vest,Person"
2026-02-09T23:22:22,False,"helmet,vest","NO-Hardhat,NO-Mask,NO-Safety Vest,Person"
2026-02-09T23:22:22,False,"helmet,vest","NO-Hardhat,NO-Mask,NO-Safety Vest,Person"
2026-02-09T23:22:22,False,"helmet,vest","NO-Hardhat,NO-Mask,NO-Safety Vest,Person"
2026-02-09T23:22:22,False,"helmet,vest","NO-Hardhat,NO-Mask,NO-Safety Vest,Person,Safety Cone"
2026-02-09T23:22:22,False,"helmet,vest","NO-Hardhat,NO-Mask,NO-Safety Vest,Person"
2026-02-09T23:22:22,False,"helmet,vest","NO-Hardhat,NO-Mask,NO-Safety Vest,Person"
2026-02-09T23:22:22,False,"helmet,vest","NO-Hardhat,NO-Mask,NO-Safety Vest,Person"
2026-02-09T23:22:22,False,"helmet,vest","NO-Hardhat,NO-Mask,NO-Safety Vest,Person"
2026-02-09T23:22:22,False,"helmet,vest","NO-Hardhat,NO-Mask,NO-Safety Vest,Person"
2026-02-09T23:22:22,False,"helmet,vest","NO-Hardhat,NO-Mask,NO-Safety Vest,Person"
2026-02-09T23:22:22,False,"helmet,vest","NO-Hardhat,NO-Mask,NO-Safety Vest,Person"
2026-02-09T23:22:22,False,"helmet,vest","NO-Hardhat,NO-Mask,NO-Safety Vest,Person"
2026-02-09T23:22:22,False,"helmet,vest","NO-Hardhat,NO-Mask,NO-Safety Vest,Person"
2026-02-09T23:22:22,False,"helmet,vest","NO-Hardhat,NO-Mask,NO-Safety Vest,Person"
2026-02-09T23:22:22,False,"helmet,vest","NO-Hardhat,NO-Mask,NO-Safety Vest,Person"
2026-02-09T23:22:23,False,"helmet,vest","NO-Hardhat,NO-Mask,NO-Safety Vest,Person"
2026-02-09T23:22:23,False,"helmet,vest","NO-Hardhat,NO-Mask,NO-Safety Vest,Person"
2026-02-09T23:22:23,False,"helmet,vest","NO-Hardhat,NO-Mask,NO-Safety Vest,Person"
2026-02-09T23:22:23,False,"helmet,vest","NO-Hardhat,NO-Mask,NO-Safety Vest,Person"
2026-02-09T23:22:23,False,"helmet,vest","NO-Hardhat,NO-Mask,NO-Safety Vest,Person"
2026-02-09T23:22:23,False,"helmet,vest","NO-Hardhat,NO-Mask,NO-Safety Vest,Person"
2026-02-09T23:22:23,False,"helmet,vest","NO-Hardhat,NO-Mask,NO-Safety Vest,Person"
2026-02-09T23:22:23,False,"helmet,vest","NO-Hardhat,NO-Mask,NO-Safety Vest,Person"
2026-02-09T23:22:23,False,"helmet,vest","NO-Hardhat,NO-Mask,NO-Safety Vest,Person"
2026-02-09T23:22:23,False,"helmet,vest","NO-Hardhat,NO-Mask,NO-Safety Vest,Person"
2026-02-09T23:22:23,False,"helmet,vest","NO-Hardhat,NO-Mask,NO-Safety Vest,Person"
2026-02-09T23:22:23,False,"helmet,vest","NO-Hardhat,NO-Mask,NO-Safety Vest,Person"
2026-02-09T23:22:23,False,"helmet,vest","NO-Hardhat,NO-Mask,NO-Safety Vest,Person"
2026-02-09T23:22:23,False,"helmet,vest","NO-Hardhat,NO-Mask,NO-Safety Vest,Person"
2026-02-09T23:22:23,False,"helmet,vest","NO-Hardhat,NO-Mask,NO-Safety Vest,Person"
2026-02-09T23:22:24,False,"helmet,vest","NO-Hardhat,NO-Mask,NO-Safety Vest,Person"
2026-02-09T23:22:24,False,"helmet,vest","NO-Hardhat,NO-Mask,NO-Safety Vest,Person"
2026-02-09T23:22:24,False,"helmet,vest","NO-Hardhat,NO-Mask,NO-Safety Vest,Person"
2026-02-09T23:22:24,False,"helmet,vest","NO-Hardhat,NO-Mask,NO-Safety Vest,Person"
2026-02-09T23:22:24,False,"helmet,vest","NO-Hardhat,NO-Mask,NO-Safety Vest,Person"
2026-02-09T23:22:24,False,"helmet,vest","NO-Hardhat,NO-Mask,NO-Safety Vest,Person"
2026-02-09T23:22:24,False,"helmet,vest","NO-Hardhat,NO-Mask,NO-Safety Vest,Person"
2026-02-09T23:22:24,False,"helmet,vest","NO-Hardhat,NO-Mask,NO-Safety Vest,Person"
2026-02-09T23:22:24,False,"helmet,vest","NO-Hardhat,NO-Mask,NO-Safety Vest,Person"
2026-02-09T23:22:24,False,"helmet,vest","NO-Hardhat,NO-Mask,NO-Safety Vest,Person"
2026-02-09T23:22:24,False,"helmet,vest","NO-Hardhat,NO-Mask,NO-Safety Vest,Person"
2026-02-09T23:22:24,False,"helmet,vest","NO-Hardhat,NO-Mask,NO-Safety Vest,Person"
2026-02-09T23:22:24,False,"helmet,vest","NO-Hardhat,NO-Mask,NO-Safety Vest,Person"
2026-02-09T23:22:24,False,"helmet,vest","NO-Hardhat,NO-Mask,NO-Safety Vest,Person"
2026-02-09T23:22:24,False,"helmet,vest","NO-Hardhat,NO-Mask,NO-Safety Vest,Person"
2026-02-09T23:22:25,False,"helmet,vest","NO-Hardhat,NO-Mask,NO-Safety Vest,Person"
2026-02-09T23:22:25,False,"helmet,vest","NO-Hardhat,NO-Mask,NO-Safety Vest,Person"
2026-02-09T23:22:25,False,"helmet,vest","NO-Hardhat,NO-Mask,NO-Safety Vest,Person"
2026-02-09T23:22:25,False,"helmet,vest","NO-Hardhat,NO-Mask,NO-Safety Vest,Person"
2026-02-09T23:22:25,False,"helmet,vest","NO-Hardhat,NO-Mask,NO-Safety Vest,Person"
2026-02-09T23:22:25,False,"helmet,vest","NO-Hardhat,NO-Mask,NO-Safety Vest,Person"
2026-02-09T23:22:25,False,"helmet,vest","NO-Hardhat,NO-Mask,NO-Safety Vest,Person,Safety Cone"
2026-02-09T23:22:25,False,"helmet,vest","Hardhat,NO-Mask,NO-Safety Vest,Person,Safety Cone"
2026-02-09T23:22:25,False,"helmet,vest","Hardhat,NO-Mask,NO-Safety Vest,Person"
2026-02-09T23:22:25,False,"helmet,vest","Hardhat,NO-Mask,NO-Safety Vest,Person"
2026-02-09T23:22:25,False,"helmet,vest","Hardhat,NO-Mask,NO-Safety Vest,Person"
2026-02-09T23:22:25,False,"helmet,vest","Hardhat,NO-Mask,NO-Safety Vest,Person"
2026-02-09T23:22:25,False,"helmet,vest","NO-Mask,NO-Safety Vest,Person,Safety Cone"
2026-02-09T23:22:25,False,"helmet,vest","Hardhat,NO-Hardhat,NO-Mask,NO-Safety Vest,Person"
2026-02-09T23:22:25,False,"helmet,vest","NO-Hardhat,NO-Mask,NO-Safety Vest,Person"
2026-02-09T23:22:26,False,"helmet,vest","NO-Hardhat,NO-Mask,NO-Safety Vest,Person"
2026-02-09T23:22:26,False,"helmet,vest","NO-Hardhat,NO-Mask,NO-Safety Vest,Person"
2026-02-09T23:22:26,False,"helmet,vest","NO-Hardhat,NO-Mask,NO-Safety Vest,Person"
2026-02-09T23:22:26,False,"helmet,vest","NO-Hardhat,NO-Mask,NO-Safety Vest,Person"
2026-02-09T23:22:26,False,"helmet,vest","NO-Hardhat,NO-Mask,NO-Safety Vest,Person"
2026-02-09T23:22:26,False,"helmet,vest","NO-Hardhat,NO-Mask,NO-Safety Vest,Person"
2026-02-09T23:22:26,False,"helmet,vest","NO-Hardhat,NO-Mask,NO-Safety Vest,Person"
2026-02-09T23:22:26,False,"helmet,vest","Hardhat,NO-Hardhat,NO-Mask,NO-Safety Vest,Person"
2026-02-09T23:22:26,False,"helmet,vest","NO-Hardhat,NO-Mask,NO-Safety Vest,Person"
2026-02-09T23:22:26,False,"helmet,vest","NO-Hardhat,NO-Mask,NO-Safety Vest,Person"
2026-02-09T23:22:26,False,"helmet,vest","Hardhat,NO-Hardhat,NO-Mask,NO-Safety Vest,Person,Safety Cone"
2026-02-09T23:22:26,False,"helmet,vest","NO-Hardhat,NO-Mask,NO-Safety Vest,Person"
2026-02-09T23:22:26,False,"helmet,vest","Hardhat,NO-Hardhat,NO-Mask,NO-Safety Vest,Person"
2026-02-09T23:22:27,False,"helmet,vest","Hardhat,NO-Hardhat,NO-Mask,NO-Safety Vest,Person"
2026-02-09T23:22:27,False,"helmet,vest","Hardhat,NO-Hardhat,NO-Mask,NO-Safety Vest,Person"
2026-02-09T23:22:27,False,"helmet,vest","NO-Hardhat,NO-Mask,NO-Safety Vest,Person"
2026-02-09T23:22:27,False,"helmet,vest","Hardhat,NO-Hardhat,NO-Mask,NO-Safety Vest,Person"
2026-02-09T23:22:27,False,"helmet,vest","Hardhat,NO-Hardhat,NO-Mask,NO-Safety Vest,Person"
2026-02-09T23:22:27,False,"helmet,vest","Hardhat,NO-Hardhat,NO-Mask,NO-Safety Vest,Person"
2026-02-09T23:22:27,False,"helmet,vest","Hardhat,NO-Hardhat,NO-Mask,NO-Safety Vest,Person,machinery"
2026-02-09T23:22:27,False,"helmet,vest","Hardhat,NO-Hardhat,NO-Mask,NO-Safety Vest,Person"
2026-02-09T23:22:27,False,"helmet,vest","Hardhat,NO-Hardhat,NO-Mask,NO-Safety Vest,Person"
2026-02-09T23:22:27,False,"helmet,vest","Hardhat,NO-Hardhat,NO-Mask,NO-Safety Vest,Person"
2026-02-09T23:22:27,False,"helmet,vest","Hardhat,NO-Hardhat,NO-Mask,NO-Safety Vest,Person"
2026-02-09T23:22:27,False,"helmet,vest","Hardhat,NO-Mask,NO-Safety Vest,Person,Safety Vest"
2026-02-09T23:22:27,False,"helmet,vest","Hardhat,NO-Mask,NO-Safety Vest,Person,Safety Vest"
2026-02-09T23:22:27,False,"helmet,vest","Hardhat,NO-Mask,NO-Safety Vest,Person,Safety Vest"
2026-02-09T23:22:27,False,"helmet,vest","Hardhat,NO-Mask,NO-Safety Vest,Person"
2026-02-09T23:22:28,False,"helmet,vest","Hardhat,NO-Hardhat,NO-Mask,NO-Safety Vest,Person"
2026-02-09T23:22:28,False,"helmet,vest","Hardhat,NO-Mask,NO-Safety Vest,Person"
2026-02-09T23:22:28,False,"helmet,vest","Hardhat,NO-Hardhat,NO-Mask,NO-Safety Vest,Person,Safety Vest"
2026-02-09T23:22:28,False,"helmet,vest","Hardhat,NO-Hardhat,NO-Mask,NO-Safety Vest,Person"
2026-02-09T23:22:28,False,"helmet,vest","Hardhat,NO-Hardhat,NO-Mask,NO-Safety Vest,Person,Safety Vest"
2026-02-09T23:22:28,False,"helmet,vest","Hardhat,NO-Mask,NO-Safety Vest,Person"
2026-02-09T23:22:28,False,"helmet,vest","Hardhat,NO-Hardhat,NO-Mask,NO-Safety Vest,Person,Safety Vest"
2026-02-09T23:22:28,False,"helmet,vest","Hardhat,NO-Mask,NO-Safety Vest,Person,Safety Vest"
2026-02-09T23:22:28,False,"helmet,vest","Hardhat,NO-Mask,NO-Safety Vest,Person"
2026-02-09T23:22:28,False,"helmet,vest","Hardhat,NO-Mask,NO-Safety Vest,Person"
2026-02-09T23:22:28,False,"helmet,vest","Hardhat,NO-Hardhat,NO-Mask,NO-Safety Vest,Person"
2026-02-09T23:22:28,False,"helmet,vest","Hardhat,NO-Hardhat,NO-Mask,NO-Safety Vest,Person"
2026-02-09T23:22:28,False,"helmet,vest","Hardhat,NO-Hardhat,NO-Mask,NO-Safety Vest,Person"
2026-02-09T23:22:28,False,"helmet,vest","Hardhat,NO-Hardhat,NO-Mask,NO-Safety Vest,Person"
2026-02-09T23:22:29,False,"helmet,vest","Hardhat,NO-Hardhat,NO-Mask,NO-Safety Vest,Person"
2026-02-09T23:22:29,False,"helmet,vest","Hardhat,NO-Hardhat,NO-Mask,NO-Safety Vest,Person"
2026-02-09T23:22:29,False,"helmet,vest","Hardhat,NO-Mask,NO-Safety Vest,Person"
2026-02-09T23:22:29,False,"helmet,vest","Hardhat,NO-Hardhat,NO-Mask,NO-Safety Vest,Person"
2026-02-09T23:22:29,False,"helmet,vest","Hardhat,NO-Hardhat,NO-Mask,NO-Safety Vest,Person"
2026-02-09T23:22:29,False,"helmet,vest","Hardhat,NO-Hardhat,NO-Mask,NO-Safety Vest,Person"
2026-02-09T23:22:29,False,"helmet,vest","Hardhat,NO-Mask,NO-Safety Vest,Person"
2026-02-09T23:22:29,False,"helmet,vest","Hardhat,NO-Hardhat,NO-Mask,NO-Safety Vest,Person"
2026-02-09T23:22:29,False,"helmet,vest","Hardhat,NO-Mask,NO-Safety Vest,Person"
2026-02-09T23:22:29,False,"helmet,vest","Hardhat,NO-Hardhat,NO-Mask,NO-Safety Vest,Person"
2026-02-09T23:22:29,False,"helmet,vest","Hardhat,NO-Mask,NO-Safety Vest,Person"
2026-02-09T23:22:29,False,"helmet,vest","NO-Hardhat,NO-Mask,NO-Safety Vest,Person"
2026-02-09T23:22:29,False,"helmet,vest","NO-Mask,NO-Safety Vest,Person"
2026-02-09T23:22:29,False,"helmet,vest","NO-Mask,NO-Safety Vest,Person"
2026-02-09T23:22:29,False,"helmet,vest","NO-Mask,NO-Safety Vest,Person"
2026-02-09T23:22:30,False,"helmet,vest","NO-Mask,NO-Safety Vest,Person"
2026-02-09T23:22:30,False,"helmet,vest","Hardhat,NO-Mask,NO-Safety Vest,Person"
2026-02-09T23:22:30,False,"helmet,vest","NO-Mask,NO-Safety Vest,Person"
2026-02-09T23:22:30,False,"helmet,vest","NO-Mask,NO-Safety Vest,Person"
2026-02-09T23:22:30,False,"helmet,vest","NO-Mask,NO-Safety Vest,Person"
2026-02-09T23:22:30,False,"helmet,vest","Hardhat,Mask,NO-Mask,NO-Safety Vest,Person"
2026-02-09T23:22:30,False,"helmet,vest","Hardhat,Mask,NO-Mask,NO-Safety Vest,Person"
2026-02-09T23:22:30,False,"helmet,vest","Hardhat,NO-Mask,NO-Safety Vest,Person"
2026-02-09T23:22:30,False,"helmet,vest","Hardhat,NO-Mask,NO-Safety Vest,Person"
2026-02-09T23:22:30,False,"helmet,vest","NO-Mask,NO-Safety Vest,Person"
2026-02-09T23:22:30,False,"helmet,vest","NO-Mask,NO-Safety Vest,Person"
2026-02-09T23:22:30,False,"helmet,vest","NO-Mask,NO-Safety Vest,Person,Safety Cone"
2026-02-09T23:22:30,False,"helmet,vest","NO-Mask,NO-Safety Vest,Person"
2026-02-09T23:22:30,False,"helmet,vest","NO-Mask,NO-Safety Vest,Person"
2026-02-09T23:22:30,False,"helmet,vest","NO-Mask,NO-Safety Vest,Person"
2026-02-09T23:22:31,False,"helmet,vest","NO-Mask,NO-Safety Vest,Person"
2026-02-09T23:22:31,False,"helmet,vest","Hardhat,NO-Mask,NO-Safety Vest,Person"
2026-02-09T23:22:31,False,"helmet,vest","Hardhat,NO-Mask,NO-Safety Vest,Person,machinery"
2026-02-09T23:22:31,False,"helmet,vest","Hardhat,NO-Mask,NO-Safety Vest,Person"
2026-02-09T23:22:31,False,"helmet,vest","NO-Hardhat,NO-Safety Vest,Person"
2026-02-09T23:22:31,False,"helmet,vest","NO-Mask,NO-Safety Vest,Person"
2026-02-09T23:22:31,False,"helmet,vest","NO-Mask,NO-Safety Vest,Person"
2026-02-09T23:22:31,False,"helmet,vest","Hardhat,NO-Mask,NO-Safety Vest,Person"
2026-02-09T23:22:31,False,"helmet,vest","Hardhat,NO-Mask,NO-Safety Vest,Person"
2026-02-09T23:22:31,False,"helmet,vest","Hardhat,NO-Mask,NO-Safety Vest,Person"
2026-02-09T23:22:31,False,"helmet,vest","Hardhat,NO-Mask,NO-Safety Vest,Person"
2026-02-09T23:22:31,False,"helmet,vest","Hardhat,Mask,NO-Hardhat,NO-Safety Vest,Person"
2026-02-09T23:22:31,False,"helmet,vest","Hardhat,Mask,NO-Safety Vest,Person"
2026-02-09T23:22:31,False,"helmet,vest","Hardhat,Mask,NO-Hardhat,NO-Safety Vest,Person"
2026-02-09T23:22:31,False,"helmet,vest","Hardhat,Mask,NO-Safety Vest,Person"
2026-02-09T23:22:32,False,"helmet,vest","Hardhat,Mask,NO-Hardhat,NO-Safety Vest,Person"
2026-02-09T23:22:32,False,"helmet,vest","Mask,NO-Hardhat,NO-Safety Vest,Person"
2026-02-09T23:22:32,False,"helmet,vest","Hardhat,Mask,NO-Hardhat,NO-Mask,NO-Safety Vest,Person"
2026-02-09T23:22:32,False,"helmet,vest","Hardhat,Mask,NO-Hardhat,NO-Mask,NO-Safety Vest,Person"
2026-02-09T23:22:32,False,"helmet,vest","Hardhat,Mask,NO-Hardhat,NO-Mask,NO-Safety Vest,Person"
2026-02-09T23:22:32,False,"helmet,vest","Mask,NO-Hardhat,NO-Mask,NO-Safety Vest,Person"
2026-02-09T23:22:32,False,"helmet,vest","Mask,NO-Hardhat,NO-Mask,NO-Safety Vest,Person"
2026-02-09T23:22:32,False,"helmet,vest","Mask,NO-Hardhat,NO-Mask,NO-Safety Vest,Person"
2026-02-09T23:22:32,False,"helmet,vest","Mask,NO-Hardhat,NO-Mask,NO-Safety Vest,Person"
2026-02-09T23:22:32,False,"helmet,vest","Mask,NO-Hardhat,NO-Safety Vest,Person"
2026-02-09T23:22:32,False,"helmet,vest","Hardhat,Mask,NO-Hardhat,NO-Mask,NO-Safety Vest,Person"
2026-02-09T23:22:32,False,"helmet,vest","Mask,NO-Hardhat,NO-Mask,NO-Safety Vest,Person"
2026-02-09T23:22:32,False,"helmet,vest","Hardhat,Mask,NO-Hardhat,NO-Mask,NO-Safety Vest,Person"
2026-02-09T23:22:32,False,"helmet,vest","Hardhat,Mask,NO-Hardhat,NO-Mask,NO-Safety Vest,Person"
2026-02-09T23:22:32,False,"helmet,vest","Hardhat,Mask,NO-Hardhat,NO-Mask,NO-Safety Vest,Person"
2026-02-09T23:22:33,False,"helmet,vest","Hardhat,Mask,NO-Hardhat,NO-Mask,NO-Safety Vest,Person"
2026-02-09T23:22:33,False,"helmet,vest","Hardhat,Mask,NO-Hardhat,NO-Mask,NO-Safety Vest,Person"
2026-02-09T23:22:33,False,"helmet,vest","Hardhat,Mask,NO-Hardhat,NO-Mask,NO-Safety Vest,Person"
2026-02-09T23:22:33,False,"helmet,vest","Hardhat,Mask,NO-Hardhat,NO-Mask,NO-Safety Vest,Person"
2026-02-09T23:22:33,False,"helmet,vest","Mask,NO-Mask,NO-Safety Vest,Person"
2026-02-09T23:22:33,False,"helmet,vest","Mask,NO-Mask,NO-Safety Vest,Person"
2026-02-09T23:22:33,False,"helmet,vest","Mask,NO-Hardhat,NO-Mask,NO-Safety Vest,Person"
2026-02-09T23:22:33,False,"helmet,vest","Mask,NO-Hardhat,NO-Mask,NO-Safety Vest,Person"
2026-02-09T23:22:33,False,"helmet,vest","Mask,NO-Mask,NO-Safety Vest,Person"
2026-02-09T23:22:33,False,"helmet,vest","Mask,NO-Hardhat,NO-Mask,NO-Safety Vest,Person"
2026-02-09T23:22:33,False,"helmet,vest","NO-Hardhat,NO-Mask,NO-Safety Vest,Person"
2026-02-09T23:22:33,False,"helmet,vest","Mask,NO-Hardhat,NO-Mask,NO-Safety Vest,Person"
2026-02-09T23:22:33,False,"helmet,vest","Mask,NO-Hardhat,NO-Mask,NO-Safety Vest,Person"
2026-02-09T23:22:33,False,"helmet,vest","Mask,NO-Hardhat,NO-Mask,NO-Safety Vest,Person"
2026-02-09T23:22:33,False,"helmet,vest","Mask,NO-Hardhat,NO-Mask,NO-Safety Vest,Person"
2026-02-09T23:22:34,False,"helmet,vest","Mask,NO-Hardhat,NO-Mask,NO-Safety Vest,Person"
2026-02-09T23:22:34,False,"helmet,vest","Hardhat,Mask,NO-Hardhat,NO-Mask,NO-Safety Vest,Person"
2026-02-09T23:22:34,False,"helmet,vest","NO-Hardhat,NO-Mask,NO-Safety Vest,Person"
2026-02-09T23:22:34,False,"helmet,vest","Mask,NO-Hardhat,NO-Mask,NO-Safety Vest,Person"
2026-02-09T23:22:34,False,"helmet,vest","Mask,NO-Hardhat,NO-Mask,Person"
2026-02-09T23:22:34,False,"helmet,vest","Mask,NO-Hardhat,NO-Mask,NO-Safety Vest,Person"
2026-02-09T23:22:34,False,"helmet,vest","Mask,NO-Hardhat,NO-Mask,NO-Safety Vest,Person"
2026-02-09T23:22:34,False,"helmet,vest","NO-Hardhat,NO-Mask,NO-Safety Vest,Person"
2026-02-09T23:22:34,False,"helmet,vest","NO-Hardhat,NO-Mask,NO-Safety Vest,Person"
2026-02-09T23:22:34,False,"helmet,vest","NO-Hardhat,NO-Mask,NO-Safety Vest,Person"
2026-02-09T23:22:34,False,"helmet,vest","NO-Hardhat,NO-Mask,NO-Safety Vest,Person"
2026-02-09T23:22:34,False,"helmet,vest","NO-Hardhat,NO-Mask,NO-Safety Vest,Person"
2026-02-09T23:22:34,False,"helmet,vest","NO-Hardhat,NO-Mask,NO-Safety Vest,Person"
2026-02-09T23:22:34,False,"helmet,vest","NO-Hardhat,NO-Mask,NO-Safety Vest,Person"
2026-02-09T23:22:35,False,"helmet,vest","NO-Hardhat,NO-Mask,NO-Safety Vest,Person"
2026-02-09T23:22:35,False,"helmet,vest","NO-Hardhat,NO-Mask,NO-Safety Vest,Person"
2026-02-09T23:22:35,False,"helmet,vest","NO-Hardhat,NO-Mask,NO-Safety Vest,Person"
2026-02-09T23:22:35,False,"helmet,vest","NO-Hardhat,NO-Mask,NO-Safety Vest,Person"
2026-02-09T23:22:35,False,"helmet,vest","NO-Hardhat,NO-Mask,NO-Safety Vest,Person"
2026-02-09T23:22:35,False,"helmet,vest","NO-Hardhat,NO-Mask,NO-Safety Vest,Person"
2026-02-09T23:22:35,False,"helmet,vest","NO-Hardhat,NO-Mask,NO-Safety Vest,Person"
2026-02-09T23:22:35,False,"helmet,vest","Hardhat,NO-Hardhat,NO-Mask,NO-Safety Vest,Person"
2026-02-09T23:22:35,False,"helmet,vest","NO-Hardhat,NO-Safety Vest,Person,Safety Vest"
2026-02-09T23:22:35,False,"helmet,vest","NO-Hardhat,NO-Mask,NO-Safety Vest,Person,Safety Vest"
2026-02-09T23:22:35,False,"helmet,vest","Mask,NO-Hardhat,NO-Mask,NO-Safety Vest,Person,Safety Vest,vehicle"
2026-02-09T23:22:35,False,"helmet,vest","Mask,NO-Safety Vest,Person,Safety Vest,vehicle"
2026-02-09T23:22:35,False,"helmet,vest","Mask,NO-Safety Vest,Person,Safety Vest"
2026-02-09T23:22:35,False,"helmet,vest","Mask,NO-Safety Vest,Person"
2026-02-09T23:22:35,False,"helmet,vest","Hardhat,Mask,Person,Safety Vest"
2026-02-09T23:22:36,False,"helmet,vest","Hardhat,Mask,NO-Mask,Person,Safety Vest"
2026-02-09T23:22:36,False,"helmet,vest","Hardhat,Mask,Person,Safety Vest,machinery"
2026-02-09T23:22:36,False,"helmet,vest","Hardhat,Mask,Person,Safety Vest"
2026-02-09T23:22:36,False,"helmet,vest","Hardhat,Mask,NO-Mask,NO-Safety Vest,Person,Safety Vest"
2026-02-09T23:22:36,False,"helmet,vest","Hardhat,Mask,NO-Safety Vest,Person"
2026-02-09T23:22:36,False,"helmet,vest","Hardhat,Mask,NO-Safety Vest,Person"
2026-02-09T23:22:36,False,"helmet,vest","Hardhat,Mask,NO-Safety Vest,Person,Safety Vest"
2026-02-09T23:22:36,False,"helmet,vest","Hardhat,NO-Mask,NO-Safety Vest,Person,Safety Vest"
2026-02-09T23:22:36,False,"helmet,vest","Hardhat,NO-Mask,NO-Safety Vest,Person,Safety Vest"
2026-02-09T23:22:36,False,"helmet,vest","Hardhat,NO-Mask,NO-Safety Vest,Person,Safety Vest"
2026-02-09T23:22:36,False,"helmet,vest","Person,Safety Vest"
2026-02-09T23:22:36,False,"helmet,vest",Person
2026-02-09T23:22:36,False,"helmet,vest",Person
2026-02-09T23:22:36,False,"helmet,vest","Mask,Person"
2026-02-09T23:22:36,False,"helmet,vest","NO-Hardhat,Person"
2026-02-09T23:22:37,False,"helmet,vest","Hardhat,NO-Hardhat,Person,Safety Vest"
2026-02-09T23:22:37,False,"helmet,vest","Hardhat,Mask,NO-Hardhat,NO-Mask,NO-Safety Vest,Person,Safety Vest"
2026-02-09T23:22:37,False,"helmet,vest","Hardhat,NO-Hardhat,NO-Mask,NO-Safety Vest,Person,Safety Vest"
2026-02-09T23:22:37,False,"helmet,vest","Hardhat,NO-Hardhat,NO-Mask,NO-Safety Vest,Person,Safety Vest"
2026-02-09T23:22:37,False,"helmet,vest","Hardhat,NO-Hardhat,NO-Mask,NO-Safety Vest,Person,Safety Vest"
2026-02-09T23:22:37,False,"helmet,vest","Hardhat,NO-Hardhat,NO-Mask,NO-Safety Vest,Person,Safety Vest"
2026-02-09T23:22:37,False,"helmet,vest","Hardhat,NO-Hardhat,NO-Mask,NO-Safety Vest,Person,Safety Vest"
2026-02-09T23:22:37,False,"helmet,vest","Hardhat,Mask,NO-Hardhat,NO-Mask,NO-Safety Vest,Person,Safety Vest"
2026-02-09T23:22:37,False,"helmet,vest","Hardhat,NO-Hardhat,NO-Mask,NO-Safety Vest,Person,Safety Vest"
2026-02-09T23:22:37,False,"helmet,vest","Hardhat,NO-Hardhat,NO-Mask,NO-Safety Vest,Person,Safety Vest"
2026-02-09T23:22:37,False,"helmet,vest","Hardhat,NO-Hardhat,NO-Mask,NO-Safety Vest,Person,Safety Vest"
2026-02-09T23:22:37,False,"helmet,vest","Hardhat,Mask,NO-Hardhat,NO-Mask,NO-Safety Vest,Person,Safety Vest"
2026-02-09T23:22:37,False,"helmet,vest","Hardhat,Mask,NO-Hardhat,NO-Mask,NO-Safety Vest,Person,Safety Vest"
2026-02-09T23:22:38,False,"helmet,vest","Hardhat,Mask,NO-Hardhat,NO-Mask,NO-Safety Vest,Person,Safety Vest"
2026-02-09T23:22:38,False,"helmet,vest","Hardhat,Mask,NO-Hardhat,NO-Mask,NO-Safety Vest,Person,Safety Vest"
2026-02-09T23:22:38,False,"helmet,vest","Hardhat,Mask,NO-Hardhat,NO-Mask,NO-Safety Vest,Person,Safety Vest"
2026-02-09T23:22:38,False,"helmet,vest","Hardhat,Mask,NO-Hardhat,NO-Mask,NO-Safety Vest,Person,Safety Vest"
2026-02-09T23:22:38,False,"helmet,vest","Hardhat,Mask,NO-Hardhat,NO-Mask,NO-Safety Vest,Person,Safety Vest"
2026-02-09T23:22:38,False,"helmet,vest","Hardhat,Mask,NO-Hardhat,NO-Mask,NO-Safety Vest,Person,Safety Vest"
2026-02-09T23:22:38,False,"helmet,vest","Hardhat,Mask,NO-Hardhat,NO-Mask,NO-Safety Vest,Person,Safety Vest"
2026-02-09T23:22:38,False,"helmet,vest","Hardhat,Mask,NO-Hardhat,NO-Mask,NO-Safety Vest,Person,Safety Vest"
2026-02-09T23:22:38,False,"helmet,vest","Hardhat,Mask,NO-Hardhat,NO-Mask,NO-Safety Vest,Person,Safety Vest"
2026-02-09T23:22:38,False,"helmet,vest","Hardhat,Mask,NO-Hardhat,NO-Mask,NO-Safety Vest,Person,Safety Vest"
2026-02-09T23:22:39,False,"helmet,vest","Hardhat,Mask,NO-Hardhat,NO-Mask,NO-Safety Vest,Person,Safety Vest"
2026-02-09T23:22:39,False,"helmet,vest","Hardhat,Mask,NO-Hardhat,NO-Mask,NO-Safety Vest,Person,Safety Vest"
2026-02-09T23:22:39,False,"helmet,vest","Hardhat,Mask,NO-Hardhat,NO-Mask,NO-Safety Vest,Person,Safety Vest"
2026-02-09T23:22:39,False,"helmet,vest","Hardhat,Mask,NO-Hardhat,NO-Mask,NO-Safety Vest,Person,Safety Vest"
2026-02-09T23:22:39,False,"helmet,vest","Hardhat,Mask,NO-Hardhat,NO-Mask,NO-Safety Vest,Person,Safety Vest"
2026-02-09T23:22:39,False,"helmet,vest","Hardhat,Mask,NO-Hardhat,NO-Mask,NO-Safety Vest,Person,Safety Vest"
2026-02-09T23:22:39,False,"helmet,vest","Hardhat,Mask,NO-Hardhat,NO-Mask,NO-Safety Vest,Person,Safety Vest"
2026-02-09T23:22:39,False,"helmet,vest","Hardhat,Mask,NO-Hardhat,NO-Mask,NO-Safety Vest,Person,Safety Vest"
2026-02-09T23:22:39,False,"helmet,vest","Hardhat,Mask,NO-Hardhat,NO-Mask,NO-Safety Vest,Person,Safety Vest"
2026-02-09T23:22:39,False,"helmet,vest","Hardhat,NO-Hardhat,NO-Mask,NO-Safety Vest,Person,Safety Vest"
2026-02-09T23:22:39,False,"helmet,vest","Hardhat,Mask,NO-Hardhat,NO-Mask,NO-Safety Vest,Person,Safety Vest"
2026-02-09T23:22:39,False,"helmet,vest","Hardhat,Mask,NO-Hardhat,NO-Mask,NO-Safety Vest,Person,Safety Vest"
2026-02-09T23:22:40,False,"helmet,vest","Hardhat,Mask,NO-Hardhat,NO-Mask,NO-Safety Vest,Person,Safety Vest"
2026-02-09T23:22:40,False,"helmet,vest","Hardhat,Mask,NO-Hardhat,NO-Mask,NO-Safety Vest,Person,Safety Vest"
2026-02-09T23:22:40,False,"helmet,vest","Hardhat,Mask,NO-Hardhat,NO-Mask,NO-Safety Vest,Person,Safety Vest"
2026-02-09T23:22:40,False,"helmet,vest","Hardhat,Mask,NO-Hardhat,NO-Mask,NO-Safety Vest,Person,Safety Vest"
2026-02-09T23:22:40,False,"helmet,vest","Hardhat,Mask,NO-Hardhat,NO-Mask,NO-Safety Vest,Person,Safety Vest"
2026-02-09T23:22:40,False,"helmet,vest","Hardhat,Mask,NO-Hardhat,NO-Mask,NO-Safety Vest,Person,Safety Vest"
2026-02-09T23:22:40,False,"helmet,vest","Hardhat,Mask,NO-Hardhat,NO-Mask,NO-Safety Vest,Person,Safety Vest"
2026-02-09T23:22:40,False,"helmet,vest","Hardhat,Mask,NO-Hardhat,NO-Mask,NO-Safety Vest,Person,Safety Vest"
2026-02-09T23:22:40,False,"helmet,vest","Hardhat,Mask,NO-Hardhat,NO-Mask,NO-Safety Vest,Person,Safety Vest"
2026-02-09T23:22:40,False,"helmet,vest","Hardhat,Mask,NO-Hardhat,NO-Mask,NO-Safety Vest,Person,Safety Vest"
2026-02-09T23:22:40,False,"helmet,vest","Hardhat,Mask,NO-Hardhat,NO-Mask,NO-Safety Vest,Person,Safety Vest"
2026-02-09T23:22:40,False,"helmet,vest","Hardhat,Mask,NO-Hardhat,NO-Mask,NO-Safety Vest,Person,Safety Vest"
2026-02-09T23:22:40,False,"helmet,vest","Hardhat,Mask,NO-Hardhat,NO-Mask,NO-Safety Vest,Person,Safety Vest"
2026-02-09T23:22:41,False,"helmet,vest","Hardhat,Mask,NO-Hardhat,NO-Mask,NO-Safety Vest,Person,Safety Vest"
2026-02-09T23:22:41,False,"helmet,vest","Hardhat,NO-Hardhat,NO-Mask,NO-Safety Vest,Person,Safety Vest"
2026-02-09T23:22:41,False,"helmet,vest","Hardhat,Mask,NO-Hardhat,NO-Mask,NO-Safety Vest,Person,Safety Vest"
2026-02-09T23:22:41,False,"helmet,vest","Hardhat,Mask,NO-Hardhat,NO-Mask,NO-Safety Vest,Person,Safety Vest"
2026-02-09T23:22:41,False,"helmet,vest","Hardhat,Mask,NO-Hardhat,NO-Mask,NO-Safety Vest,Person,Safety Vest"
2026-02-09T23:22:41,False,"helmet,vest","Hardhat,Mask,NO-Hardhat,NO-Mask,NO-Safety Vest,Person,Safety Vest"
2026-02-09T23:22:41,False,"helmet,vest","Hardhat,Mask,NO-Hardhat,NO-Mask,NO-Safety Vest,Person,Safety Vest"
2026-02-09T23:22:41,False,"helmet,vest","Hardhat,Mask,NO-Hardhat,NO-Mask,NO-Safety Vest,Person,Safety Vest"
2026-02-09T23:22:41,False,"helmet,vest","Hardhat,Mask,NO-Hardhat,NO-Mask,NO-Safety Vest,Person,Safety Vest"
2026-02-09T23:22:41,False,"helmet,vest","Hardhat,Mask,NO-Hardhat,NO-Mask,NO-Safety Vest,Person,Safety Vest"
2026-02-09T23:22:41,False,"helmet,vest","Hardhat,Mask,NO-Hardhat,NO-Mask,NO-Safety Vest,Person,Safety Vest"
2026-02-09T23:22:41,False,"helmet,vest","Hardhat,Mask,NO-Hardhat,NO-Mask,NO-Safety Vest,Person,Safety Vest"
2026-02-09T23:22:41,False,"helmet,vest","Hardhat,Mask,NO-Hardhat,NO-Mask,NO-Safety Vest,Person,Safety Vest"
2026-02-09T23:22:42,False,"helmet,vest","Hardhat,Mask,NO-Hardhat,NO-Mask,NO-Safety Vest,Person,Safety Vest"
2026-02-09T23:22:42,False,"helmet,vest","Hardhat,Mask,NO-Hardhat,NO-Mask,NO-Safety Vest,Person,Safety Vest"
2026-02-09T23:22:42,False,"helmet,vest","Hardhat,Mask,NO-Hardhat,NO-Mask,NO-Safety Vest,Person,Safety Vest"
2026-02-09T23:22:42,False,"helmet,vest","Hardhat,Mask,NO-Hardhat,NO-Mask,NO-Safety Vest,Person,Safety Vest"
2026-02-09T23:22:42,False,"helmet,vest","Hardhat,Mask,NO-Hardhat,NO-Mask,NO-Safety Vest,Person,Safety Vest"
2026-02-09T23:22:42,False,"helmet,vest","Hardhat,Mask,NO-Hardhat,NO-Mask,NO-Safety Vest,Person,Safety Vest"
2026-02-09T23:22:42,False,"helmet,vest","Hardhat,Mask,NO-Hardhat,NO-Mask,NO-Safety Vest,Person,Safety Vest"
2026-02-09T23:22:42,False,"helmet,vest","Hardhat,Mask,NO-Hardhat,NO-Mask,NO-Safety Vest,Person,Safety Vest"
2026-02-09T23:22:42,False,"helmet,vest","Hardhat,Mask,NO-Hardhat,NO-Mask,NO-Safety Vest,Person,Safety Vest"
2026-02-09T23:22:42,False,"helmet,vest","Hardhat,Mask,NO-Hardhat,NO-Mask,NO-Safety Vest,Person,Safety Vest"
2026-02-09T23:22:42,False,"helmet,vest","Hardhat,Mask,NO-Hardhat,NO-Mask,NO-Safety Vest,Person,Safety Vest"
2026-02-09T23:22:42,False,"helmet,vest","Hardhat,Mask,NO-Hardhat,NO-Mask,NO-Safety Vest,Person,Safety Vest"
2026-02-09T23:22:43,False,"helmet,vest","Hardhat,Mask,NO-Hardhat,NO-Mask,NO-Safety Vest,Person,Safety Vest"
2026-02-09T23:22:43,False,"helmet,vest","Hardhat,Mask,NO-Hardhat,NO-Mask,NO-Safety Vest,Person,Safety Vest,vehicle"
2026-02-09T23:22:43,False,"helmet,vest","Hardhat,Mask,NO-Hardhat,NO-Mask,NO-Safety Vest,Person,Safety Vest"
2026-02-09T23:22:43,False,"helmet,vest","Hardhat,Mask,NO-Hardhat,NO-Mask,NO-Safety Vest,Person,Safety Vest"
2026-02-09T23:22:43,False,"helmet,vest","Hardhat,Mask,NO-Hardhat,NO-Mask,NO-Safety Vest,Person,Safety Vest"
2026-02-09T23:22:43,False,"helmet,vest","Hardhat,Mask,NO-Hardhat,NO-Mask,NO-Safety Vest,Person,Safety Vest"
2026-02-09T23:22:43,False,"helmet,vest","Hardhat,NO-Hardhat,NO-Mask,NO-Safety Vest,Person,Safety Vest"
2026-02-09T23:22:43,False,"helmet,vest","Hardhat,Mask,NO-Hardhat,NO-Mask,NO-Safety Vest,Person,Safety Vest"
2026-02-09T23:22:43,False,"helmet,vest","Hardhat,Mask,NO-Hardhat,NO-Mask,NO-Safety Vest,Person,Safety Vest"
2026-02-09T23:22:43,False,"helmet,vest","Hardhat,Mask,NO-Hardhat,NO-Mask,NO-Safety Vest,Person,Safety Vest"
2026-02-09T23:22:43,False,"helmet,vest","Hardhat,NO-Hardhat,NO-Mask,NO-Safety Vest,Person,Safety Vest"
2026-02-09T23:22:43,False,"helmet,vest","Hardhat,Mask,NO-Hardhat,NO-Mask,NO-Safety Vest,Person,Safety Vest"
2026-02-09T23:22:43,False,"helmet,vest","Hardhat,Mask,NO-Hardhat,NO-Mask,NO-Safety Vest,Person,Safety Vest"
2026-02-09T23:22:44,False,"helmet,vest","Hardhat,Mask,NO-Hardhat,NO-Mask,NO-Safety Vest,Person,Safety Vest"
2026-02-09T23:22:44,False,"helmet,vest","Hardhat,NO-Hardhat,NO-Mask,NO-Safety Vest,Person,Safety Vest"
2026-02-09T23:22:44,False,"helmet,vest","Hardhat,NO-Hardhat,NO-Mask,NO-Safety Vest,Person,Safety Vest"
2026-02-09T23:22:44,False,"helmet,vest","Hardhat,Mask,NO-Hardhat,NO-Mask,NO-Safety Vest,Person,Safety Vest"
2026-02-09T23:22:44,False,"helmet,vest","Hardhat,Mask,NO-Hardhat,NO-Mask,NO-Safety Vest,Person,Safety Vest"
2026-02-09T23:22:44,False,"helmet,vest","Hardhat,Mask,NO-Hardhat,NO-Mask,NO-Safety Vest,Person,Safety Vest"
2026-02-09T23:22:44,False,"helmet,vest","Hardhat,Mask,NO-Hardhat,NO-Mask,NO-Safety Vest,Person,Safety Vest"
2026-02-09T23:22:44,False,"helmet,vest","Hardhat,Mask,NO-Hardhat,NO-Mask,NO-Safety Vest,Person,Safety Vest"
2026-02-09T23:22:44,False,"helmet,vest","Hardhat,Mask,NO-Hardhat,NO-Mask,NO-Safety Vest,Person,Safety Vest"
2026-02-09T23:22:44,False,"helmet,vest","Hardhat,Mask,NO-Hardhat,NO-Mask,NO-Safety Vest,Person,Safety Vest"
2026-02-09T23:22:44,False,"helmet,vest","Hardhat,Mask,NO-Hardhat,NO-Mask,NO-Safety Vest,Person,Safety Vest"
2026-02-09T23:22:44,False,"helmet,vest","Hardhat,Mask,NO-Hardhat,NO-Mask,NO-Safety Vest,Person,Safety Vest"
2026-02-09T23:22:44,False,"helmet,vest","Hardhat,Mask,NO-Hardhat,NO-Mask,NO-Safety Vest,Person,Safety Vest"
2026-02-09T23:22:44,False,"helmet,vest","Hardhat,NO-Hardhat,NO-Mask,NO-Safety Vest,Person,Safety Vest"
2026-02-09T23:22:45,False,"helmet,vest","Hardhat,NO-Hardhat,NO-Mask,NO-Safety Vest,Person,Safety Vest"
2026-02-09T23:22:45,False,"helmet,vest","Hardhat,NO-Hardhat,NO-Mask,NO-Safety Vest,Person,Safety Vest"
2026-02-09T23:22:45,False,"helmet,vest","Hardhat,NO-Hardhat,NO-Mask,NO-Safety Vest,Person,Safety Vest"
2026-02-09T23:22:45,False,"helmet,vest","Hardhat,NO-Hardhat,NO-Mask,NO-Safety Vest,Person,Safety Vest"
2026-02-09T23:22:45,False,"helmet,vest","Hardhat,NO-Hardhat,NO-Mask,NO-Safety Vest,Person,Safety Vest"
2026-02-09T23:22:45,False,"helmet,vest","Hardhat,NO-Hardhat,NO-Mask,NO-Safety Vest,Person,Safety Vest"
2026-02-09T23:22:45,False,"helmet,vest","Hardhat,NO-Hardhat,NO-Mask,NO-Safety Vest,Person,Safety Vest"
2026-02-09T23:22:45,False,"helmet,vest","Hardhat,NO-Hardhat,NO-Mask,NO-Safety Vest,Person,Safety Vest"
2026-02-09T23:22:45,False,"helmet,vest","Hardhat,NO-Hardhat,NO-Mask,NO-Safety Vest,Person,Safety Vest"
2026-02-09T23:22:45,False,"helmet,vest","Hardhat,NO-Hardhat,NO-Mask,NO-Safety Vest,Person,Safety Vest"
2026-02-09T23:22:45,False,"helmet,vest","Hardhat,NO-Hardhat,NO-Mask,NO-Safety Vest,Person,Safety Vest"
2026-02-09T23:22:45,False,"helmet,vest","Hardhat,NO-Hardhat,NO-Mask,NO-Safety Vest,Person,Safety Vest"
2026-02-09T23:22:45,False,"helmet,vest","Hardhat,Mask,NO-Hardhat,NO-Mask,NO-Safety Vest,Person,Safety Vest"
2026-02-09T23:22:45,False,"helmet,vest","Hardhat,Mask,NO-Hardhat,NO-Mask,NO-Safety Vest,Person,Safety Vest"
2026-02-09T23:22:45,False,"helmet,vest","Hardhat,NO-Hardhat,NO-Mask,NO-Safety Vest,Person,Safety Vest"
2026-02-09T23:22:46,False,"helmet,vest","Hardhat,NO-Hardhat,NO-Mask,NO-Safety Vest,Person,Safety Vest"
2026-02-09T23:22:46,False,"helmet,vest","Hardhat,NO-Hardhat,NO-Mask,NO-Safety Vest,Person,Safety Vest"
2026-02-09T23:22:46,False,"helmet,vest","Hardhat,NO-Hardhat,NO-Mask,NO-Safety Vest,Person,Safety Vest"
2026-02-09T23:22:46,False,"helmet,vest","Hardhat,NO-Hardhat,NO-Mask,NO-Safety Vest,Person,Safety Vest"
2026-02-09T23:22:46,False,"helmet,vest","Hardhat,NO-Hardhat,NO-Mask,NO-Safety Vest,Person,Safety Vest"
2026-02-09T23:22:46,False,"helmet,vest","Hardhat,Mask,NO-Hardhat,NO-Mask,NO-Safety Vest,Person,Safety Vest"
2026-02-09T23:22:46,False,"helmet,vest","Hardhat,NO-Hardhat,NO-Mask,NO-Safety Vest,Person,Safety Vest"
2026-02-09T23:22:46,False,"helmet,vest","Hardhat,NO-Hardhat,NO-Mask,NO-Safety Vest,Person,Safety Vest"
2026-02-09T23:22:46,False,"helmet,vest","Hardhat,NO-Hardhat,NO-Mask,NO-Safety Vest,Person,Safety Vest"
2026-02-09T23:22:46,False,"helmet,vest","Hardhat,NO-Hardhat,NO-Mask,NO-Safety Vest,Person,Safety Vest"
2026-02-09T23:22:46,False,"helmet,vest","Hardhat,Mask,NO-Hardhat,NO-Mask,NO-Safety Vest,Person,Safety Vest"
2026-02-09T23:22:46,False,"helmet,vest","Hardhat,Mask,NO-Hardhat,NO-Mask,NO-Safety Vest,Person,Safety Vest"
2026-02-09T23:22:46,False,"helmet,vest","Hardhat,NO-Hardhat,NO-Mask,NO-Safety Vest,Person,Safety Vest"
2026-02-09T23:22:46,False,"helmet,vest","Hardhat,NO-Hardhat,NO-Mask,NO-Safety Vest,Person,Safety Vest"
2026-02-09T23:22:47,False,"helmet,vest","Hardhat,NO-Hardhat,NO-Mask,NO-Safety Vest,Person,Safety Vest"
2026-02-09T23:22:47,False,"helmet,vest","Hardhat,NO-Hardhat,NO-Mask,NO-Safety Vest,Person,Safety Vest"
2026-02-09T23:22:47,False,"helmet,vest","Hardhat,NO-Hardhat,NO-Mask,NO-Safety Vest,Person,Safety Vest"
2026-02-09T23:22:47,False,"helmet,vest","Hardhat,NO-Hardhat,NO-Mask,NO-Safety Vest,Person,Safety Vest"
2026-02-09T23:22:47,False,"helmet,vest","Hardhat,Mask,NO-Hardhat,NO-Mask,NO-Safety Vest,Person,Safety Vest"
2026-02-09T23:22:47,False,"helmet,vest","Hardhat,NO-Hardhat,NO-Mask,NO-Safety Vest,Person,Safety Vest"
2026-02-09T23:22:47,False,"helmet,vest","Hardhat,NO-Hardhat,NO-Mask,NO-Safety Vest,Person,Safety Vest"
2026-02-09T23:22:47,False,"helmet,vest","Hardhat,NO-Hardhat,NO-Mask,NO-Safety Vest,Person,Safety Vest"
2026-02-09T23:22:47,False,"helmet,vest","Hardhat,NO-Hardhat,NO-Mask,NO-Safety Vest,Person,Safety Vest"
2026-02-09T23:22:47,False,"helmet,vest","Hardhat,NO-Hardhat,NO-Mask,NO-Safety Vest,Person,Safety Vest"
2026-02-09T23:22:47,False,"helmet,vest","Hardhat,NO-Hardhat,NO-Mask,NO-Safety Vest,Person,Safety Vest"
2026-02-09T23:22:47,False,"helmet,vest","Hardhat,NO-Hardhat,NO-Mask,NO-Safety Vest,Person,Safety Vest"
2026-02-09T23:22:47,False,"helmet,vest","Hardhat,NO-Hardhat,NO-Mask,NO-Safety Vest,Person,Safety Vest"
2026-02-09T23:22:47,False,"helmet,vest","Hardhat,Mask,NO-Hardhat,NO-Mask,NO-Safety Vest,Person,Safety Vest"
2026-02-09T23:22:48,False,"helmet,vest","Hardhat,NO-Hardhat,NO-Mask,NO-Safety Vest,Person,Safety Vest"
2026-02-09T23:22:48,False,"helmet,vest","Hardhat,NO-Hardhat,NO-Mask,NO-Safety Vest,Person,Safety Vest"
2026-02-09T23:22:48,False,"helmet,vest","Hardhat,NO-Hardhat,NO-Mask,NO-Safety Vest,Person,Safety Vest"
2026-02-09T23:22:48,False,"helmet,vest","Hardhat,NO-Hardhat,NO-Mask,NO-Safety Vest,Person,Safety Vest"
2026-02-09T23:22:48,False,"helmet,vest","Hardhat,NO-Hardhat,NO-Mask,NO-Safety Vest,Person,Safety Vest"
2026-02-09T23:22:48,False,"helmet,vest","Hardhat,NO-Hardhat,NO-Mask,NO-Safety Vest,Person,Safety Vest"
2026-02-09T23:22:48,False,"helmet,vest","Hardhat,NO-Hardhat,NO-Mask,NO-Safety Vest,Person,Safety Vest"
2026-02-09T23:22:48,False,"helmet,vest","Hardhat,NO-Hardhat,NO-Mask,NO-Safety Vest,Person,Safety Vest"
2026-02-09T23:22:48,False,"helmet,vest","Hardhat,NO-Hardhat,NO-Mask,NO-Safety Vest,Person,Safety Vest"
2026-02-09T23:22:48,False,"helmet,vest","Hardhat,NO-Hardhat,NO-Mask,NO-Safety Vest,Person,Safety Vest"
2026-02-09T23:22:48,False,"helmet,vest","Hardhat,NO-Hardhat,NO-Mask,NO-Safety Vest,Person,Safety Vest"
2026-02-09T23:22:48,False,"helmet,vest","Hardhat,NO-Hardhat,NO-Mask,NO-Safety Vest,Person,Safety Vest"
2026-02-09T23:22:48,False,"helmet,vest","Hardhat,NO-Hardhat,NO-Mask,NO-Safety Vest,Person,Safety Vest"
2026-02-09T23:22:48,False,"helmet,vest","Hardhat,NO-Hardhat,NO-Mask,NO-Safety Vest,Person,Safety Vest"
2026-02-09T23:22:48,False,"helmet,vest","Hardhat,NO-Hardhat,NO-Mask,NO-Safety Vest,Person,Safety Vest"
2026-02-09T23:22:49,False,"helmet,vest","Hardhat,NO-Hardhat,NO-Mask,NO-Safety Vest,Person,Safety Vest"
2026-02-09T23:22:49,False,"helmet,vest","Hardhat,NO-Hardhat,NO-Mask,NO-Safety Vest,Person,Safety Vest"
2026-02-09T23:22:49,False,"helmet,vest","Hardhat,NO-Hardhat,NO-Mask,NO-Safety Vest,Person,Safety Vest"
2026-02-09T23:22:49,False,"helmet,vest","Hardhat,NO-Hardhat,NO-Mask,NO-Safety Vest,Person,Safety Vest"
2026-02-09T23:22:49,False,"helmet,vest","Hardhat,NO-Hardhat,NO-Mask,NO-Safety Vest,Person,Safety Vest"
2026-02-09T23:22:49,False,"helmet,vest","Hardhat,NO-Hardhat,NO-Mask,NO-Safety Vest,Person,Safety Vest"
2026-02-09T23:22:49,False,"helmet,vest","Hardhat,NO-Hardhat,NO-Mask,NO-Safety Vest,Person,Safety Vest"
2026-02-09T23:22:49,False,"helmet,vest","Hardhat,NO-Hardhat,NO-Mask,NO-Safety Vest,Person,Safety Vest"
2026-02-09T23:22:49,False,"helmet,vest","Hardhat,NO-Hardhat,NO-Mask,NO-Safety Vest,Person,Safety Vest"
2026-02-09T23:22:49,False,"helmet,vest","Hardhat,NO-Hardhat,NO-Mask,NO-Safety Vest,Person,Safety Vest"
2026-02-09T23:22:49,False,"helmet,vest","Hardhat,NO-Hardhat,NO-Mask,NO-Safety Vest,Person,Safety Vest"
2026-02-09T23:22:49,False,"helmet,vest","Hardhat,Mask,NO-Hardhat,NO-Mask,NO-Safety Vest,Person,Safety Vest"
2026-02-09T23:22:49,False,"helmet,vest","Hardhat,NO-Hardhat,NO-Mask,NO-Safety Vest,Person,Safety Vest"
2026-02-09T23:22:49,False,"helmet,vest","Hardhat,NO-Hardhat,NO-Mask,NO-Safety Vest,Person,Safety Vest"
2026-02-09T23:22:49,False,"helmet,vest","Hardhat,Mask,NO-Hardhat,NO-Mask,NO-Safety Vest,Person,Safety Vest"
2026-02-09T23:22:50,False,"helmet,vest","Hardhat,Mask,NO-Hardhat,NO-Mask,NO-Safety Vest,Person,Safety Vest"
2026-02-09T23:22:50,False,"helmet,vest","Hardhat,NO-Hardhat,NO-Mask,NO-Safety Vest,Person,Safety Vest"
2026-02-09T23:22:50,False,"helmet,vest","Hardhat,NO-Hardhat,NO-Mask,NO-Safety Vest,Person,Safety Vest"
2026-02-09T23:22:50,False,"helmet,vest","Hardhat,Mask,NO-Hardhat,NO-Mask,NO-Safety Vest,Person,Safety Vest"
2026-02-09T23:22:50,False,"helmet,vest","Hardhat,Mask,NO-Hardhat,NO-Mask,NO-Safety Vest,Person,Safety Vest"
2026-02-09T23:22:50,False,"helmet,vest","Hardhat,Mask,NO-Hardhat,NO-Mask,NO-Safety Vest,Person,Safety Vest"
2026-02-09T23:22:50,False,"helmet,vest","Hardhat,Mask,NO-Hardhat,NO-Mask,NO-Safety Vest,Person,Safety Vest"
2026-02-09T23:22:50,False,"helmet,vest","Hardhat,NO-Hardhat,NO-Mask,NO-Safety Vest,Person,Safety Vest"
2026-02-09T23:22:50,False,"helmet,vest","Hardhat,NO-Hardhat,NO-Mask,NO-Safety Vest,Person,Safety Vest"
2026-02-09T23:22:50,False,"helmet,vest","Hardhat,NO-Hardhat,NO-Mask,NO-Safety Vest,Person,Safety Vest"
2026-02-09T23:22:50,False,"helmet,vest","Hardhat,NO-Hardhat,NO-Mask,NO-Safety Vest,Person,Safety Vest"
2026-02-09T23:22:50,False,"helmet,vest","Hardhat,NO-Hardhat,NO-Mask,NO-Safety Vest,Person,Safety Vest"
2026-02-09T23:22:50,False,"helmet,vest","Hardhat,Mask,NO-Hardhat,NO-Mask,NO-Safety Vest,Person,Safety Vest"
2026-02-09T23:22:50,False,"helmet,vest","Hardhat,NO-Hardhat,NO-Mask,NO-Safety Vest,Person,Safety Vest"
2026-02-09T23:22:51,False,"helmet,vest","Hardhat,NO-Hardhat,NO-Mask,NO-Safety Vest,Person,Safety Vest"
2026-02-09T23:22:51,False,"helmet,vest","Hardhat,NO-Hardhat,NO-Mask,NO-Safety Vest,Person,Safety Vest"
2026-02-09T23:22:51,False,"helmet,vest","Hardhat,NO-Hardhat,NO-Mask,NO-Safety Vest,Person,Safety Vest"
2026-02-09T23:22:51,False,"helmet,vest","Hardhat,NO-Hardhat,NO-Mask,NO-Safety Vest,Person,Safety Vest"
2026-02-09T23:22:51,False,"helmet,vest","Hardhat,NO-Hardhat,NO-Mask,NO-Safety Vest,Person,Safety Vest"
2026-02-09T23:22:51,False,"helmet,vest","Hardhat,NO-Hardhat,NO-Mask,NO-Safety Vest,Person,Safety Vest"
2026-02-09T23:22:51,False,"helmet,vest","Hardhat,NO-Hardhat,NO-Mask,NO-Safety Vest,Person,Safety Vest"
2026-02-09T23:22:51,False,"helmet,vest","Hardhat,NO-Hardhat,NO-Mask,NO-Safety Vest,Person,Safety Vest"
2026-02-09T23:22:51,False,"helmet,vest","Hardhat,NO-Hardhat,NO-Mask,NO-Safety Vest,Person,Safety Vest"
2026-02-09T23:22:51,False,"helmet,vest","Hardhat,NO-Hardhat,NO-Mask,NO-Safety Vest,Person,Safety Vest"
2026-02-09T23:22:51,False,"helmet,vest","Hardhat,Mask,NO-Hardhat,NO-Mask,NO-Safety Vest,Person,Safety Vest"
2026-02-09T23:22:51,False,"helmet,vest","Hardhat,Mask,NO-Hardhat,NO-Mask,NO-Safety Vest,Person,Safety Vest"
2026-02-09T23:22:51,False,"helmet,vest","Hardhat,Mask,NO-Hardhat,NO-Mask,NO-Safety Vest,Person,Safety Vest"
2026-02-09T23:22:51,False,"helmet,vest","Hardhat,NO-Hardhat,NO-Mask,NO-Safety Vest,Person,Safety Vest"
2026-02-09T23:22:52,False,"helmet,vest","Hardhat,Mask,NO-Hardhat,NO-Mask,NO-Safety Vest,Person,Safety Vest"
2026-02-09T23:22:52,False,"helmet,vest","Hardhat,Mask,NO-Hardhat,NO-Mask,NO-Safety Vest,Person,Safety Vest"
2026-02-09T23:22:52,False,"helmet,vest","Hardhat,NO-Hardhat,NO-Mask,NO-Safety Vest,Person,Safety Vest"
2026-02-09T23:22:52,False,"helmet,vest","Hardhat,Mask,NO-Hardhat,NO-Mask,NO-Safety Vest,Person,Safety Vest"
2026-02-09T23:22:52,False,"helmet,vest","Hardhat,Mask,NO-Hardhat,NO-Mask,NO-Safety Vest,Person,Safety Vest"
2026-02-09T23:22:52,False,"helmet,vest","Hardhat,Mask,NO-Hardhat,NO-Mask,NO-Safety Vest,Person,Safety Vest"
2026-02-09T23:22:52,False,"helmet,vest","Hardhat,Mask,NO-Hardhat,NO-Mask,NO-Safety Vest,Person,Safety Vest"
2026-02-09T23:22:52,False,"helmet,vest","Hardhat,Mask,NO-Hardhat,NO-Mask,NO-Safety Vest,Person,Safety Vest"
2026-02-09T23:22:52,False,"helmet,vest","Hardhat,Mask,NO-Hardhat,NO-Mask,NO-Safety Vest,Person,Safety Vest"
2026-02-09T23:22:52,False,"helmet,vest","Hardhat,NO-Hardhat,NO-Mask,NO-Safety Vest,Person,Safety Vest"
2026-02-09T23:22:52,False,"helmet,vest","Hardhat,NO-Hardhat,NO-Mask,NO-Safety Vest,Person,Safety Vest"
2026-02-09T23:22:52,False,"helmet,vest","Hardhat,NO-Hardhat,NO-Mask,NO-Safety Vest,Person,Safety Vest"
2026-02-09T23:22:52,False,"helmet,vest","Hardhat,NO-Hardhat,NO-Mask,NO-Safety Vest,Person,Safety Vest"
2026-02-09T23:22:52,False,"helmet,vest","Hardhat,NO-Hardhat,NO-Mask,NO-Safety Vest,Person,Safety Vest"
2026-02-09T23:22:53,False,"helmet,vest","Hardhat,NO-Hardhat,NO-Mask,NO-Safety Vest,Person,Safety Vest"
2026-02-09T23:22:53,False,"helmet,vest","Hardhat,NO-Hardhat,NO-Mask,NO-Safety Vest,Person,Safety Vest"
2026-02-09T23:22:53,False,"helmet,vest","Hardhat,NO-Hardhat,NO-Mask,NO-Safety Vest,Person,Safety Vest"
2026-02-09T23:22:53,False,"helmet,vest","Hardhat,NO-Hardhat,NO-Mask,NO-Safety Vest,Person,Safety Vest"
2026-02-09T23:22:53,False,"helmet,vest","Hardhat,NO-Hardhat,NO-Mask,NO-Safety Vest,Person,Safety Vest"
2026-02-09T23:22:53,False,"helmet,vest","Hardhat,NO-Hardhat,NO-Mask,NO-Safety Vest,Person,Safety Vest"
2026-02-09T23:22:53,False,"helmet,vest","Hardhat,NO-Hardhat,NO-Mask,NO-Safety Vest,Person,Safety Vest"
2026-02-09T23:22:53,False,"helmet,vest","Hardhat,Mask,NO-Hardhat,NO-Mask,NO-Safety Vest,Person,Safety Vest"
2026-02-09T23:22:53,False,"helmet,vest","Hardhat,Mask,NO-Hardhat,NO-Mask,NO-Safety Vest,Person,Safety Vest"
2026-02-09T23:22:53,False,"helmet,vest","Hardhat,Mask,NO-Hardhat,NO-Mask,NO-Safety Vest,Person,Safety Vest"
2026-02-09T23:22:53,False,"helmet,vest","Hardhat,Mask,NO-Hardhat,NO-Mask,NO-Safety Vest,Person,Safety Vest"
2026-02-09T23:22:53,False,"helmet,vest","Hardhat,Mask,NO-Hardhat,NO-Mask,NO-Safety Vest,Person,Safety Vest"
2026-02-09T23:22:53,False,"helmet,vest","Hardhat,Mask,NO-Hardhat,NO-Mask,NO-Safety Vest,Person,Safety Vest"
2026-02-09T23:22:53,False,"helmet,vest","Hardhat,Mask,NO-Hardhat,NO-Mask,NO-Safety Vest,Person,Safety Vest"
2026-02-09T23:22:53,False,"helmet,vest","Hardhat,Mask,NO-Hardhat,NO-Mask,NO-Safety Vest,Person,Safety Vest"
2026-02-09T23:22:54,False,"helmet,vest","Hardhat,Mask,NO-Hardhat,NO-Mask,NO-Safety Vest,Person,Safety Vest"
2026-02-09T23:22:54,False,"helmet,vest","Hardhat,Mask,NO-Hardhat,NO-Mask,NO-Safety Vest,Person,Safety Vest"
2026-02-09T23:22:54,False,"helmet,vest","Hardhat,NO-Hardhat,NO-Mask,NO-Safety Vest,Person,Safety Vest"
2026-02-09T23:22:54,False,"helmet,vest","Hardhat,NO-Hardhat,NO-Mask,NO-Safety Vest,Person,Safety Vest"
2026-02-09T23:22:54,False,"helmet,vest","Hardhat,NO-Hardhat,NO-Mask,NO-Safety Vest,Person,Safety Vest"
2026-02-09T23:22:54,False,"helmet,vest","Hardhat,NO-Hardhat,NO-Mask,NO-Safety Vest,Person,Safety Vest"
2026-02-09T23:22:54,False,"helmet,vest","Hardhat,NO-Hardhat,NO-Mask,NO-Safety Vest,Person,Safety Vest"
2026-02-09T23:22:54,False,"helmet,vest","Hardhat,Mask,NO-Hardhat,NO-Mask,NO-Safety Vest,Person,Safety Vest"
2026-02-09T23:22:54,False,"helmet,vest","Hardhat,Mask,NO-Hardhat,NO-Mask,NO-Safety Vest,Person,Safety Vest"
2026-02-09T23:22:54,False,"helmet,vest","Hardhat,Mask,NO-Hardhat,NO-Mask,NO-Safety Vest,Person,Safety Vest"
2026-02-09T23:22:54,False,"helmet,vest","Hardhat,NO-Hardhat,NO-Mask,NO-Safety Vest,Person,Safety Vest"
2026-02-09T23:22:54,False,"helmet,vest","Hardhat,NO-Hardhat,NO-Mask,NO-Safety Vest,Person,Safety Vest"
2026-02-09T23:22:54,False,"helmet,vest","Hardhat,NO-Hardhat,NO-Mask,NO-Safety Vest,Person,Safety Vest"
2026-02-09T23:22:54,False,"helmet,vest","Hardhat,NO-Hardhat,NO-Mask,NO-Safety Vest,Person,Safety Vest"
2026-02-09T23:22:55,False,"helmet,vest","Hardhat,NO-Hardhat,NO-Mask,NO-Safety Vest,Person,Safety Vest"
2026-02-09T23:22:55,False,"helmet,vest","Hardhat,NO-Hardhat,NO-Mask,NO-Safety Vest,Person,Safety Vest"
2026-02-09T23:22:55,False,"helmet,vest","Hardhat,NO-Hardhat,NO-Mask,NO-Safety Vest,Person,Safety Vest"
2026-02-09T23:22:55,False,"helmet,vest","Hardhat,NO-Hardhat,NO-Mask,NO-Safety Vest,Person,Safety Vest"
2026-02-09T23:22:55,False,"helmet,vest","Hardhat,NO-Hardhat,NO-Mask,NO-Safety Vest,Person,Safety Vest"
2026-02-09T23:22:55,False,"helmet,vest","Hardhat,NO-Hardhat,NO-Mask,NO-Safety Vest,Person,Safety Vest"
2026-02-09T23:22:55,False,"helmet,vest","Hardhat,NO-Hardhat,NO-Mask,NO-Safety Vest,Person,Safety Vest"
2026-02-09T23:22:55,False,"helmet,vest","Hardhat,NO-Hardhat,NO-Mask,NO-Safety Vest,Person,Safety Vest"
2026-02-09T23:22:55,False,"helmet,vest","Hardhat,NO-Hardhat,NO-Mask,NO-Safety Vest,Person,Safety Vest"
2026-02-09T23:22:55,False,"helmet,vest","Hardhat,NO-Hardhat,NO-Mask,NO-Safety Vest,Person,Safety Vest"
2026-02-09T23:22:55,False,"helmet,vest","Hardhat,NO-Hardhat,NO-Mask,NO-Safety Vest,Person,Safety Vest"
2026-02-09T23:22:55,False,"helmet,vest","Hardhat,NO-Hardhat,NO-Mask,NO-Safety Vest,Person,Safety Vest"
2026-02-09T23:22:55,False,"helmet,vest","Hardhat,NO-Hardhat,NO-Mask,NO-Safety Vest,Person,Safety Vest"
2026-02-09T23:22:56,False,"helmet,vest","Hardhat,NO-Hardhat,NO-Mask,NO-Safety Vest,Person,Safety Vest"
2026-02-09T23:22:56,False,"helmet,vest","Hardhat,NO-Hardhat,NO-Mask,NO-Safety Vest,Person,Safety Vest"
2026-02-09T23:22:56,False,"helmet,vest","Hardhat,NO-Hardhat,NO-Mask,NO-Safety Vest,Person,Safety Vest"
2026-02-09T23:22:56,False,"helmet,vest","Hardhat,NO-Hardhat,NO-Mask,NO-Safety Vest,Person,Safety Vest"
2026-02-09T23:22:56,False,"helmet,vest","Hardhat,NO-Hardhat,NO-Mask,NO-Safety Vest,Person,Safety Vest"
2026-02-09T23:22:56,False,"helmet,vest","Hardhat,NO-Hardhat,NO-Mask,NO-Safety Vest,Person,Safety Vest"
2026-02-09T23:22:56,False,"helmet,vest","Hardhat,NO-Hardhat,NO-Mask,NO-Safety Vest,Person,Safety Vest"
2026-02-09T23:22:56,False,"helmet,vest","Hardhat,NO-Hardhat,NO-Mask,NO-Safety Vest,Person,Safety Vest"
2026-02-09T23:22:56,False,"helmet,vest","Hardhat,NO-Hardhat,NO-Mask,NO-Safety Vest,Person,Safety Vest"
2026-02-09T23:22:56,False,"helmet,vest","Hardhat,NO-Hardhat,NO-Mask,NO-Safety Vest,Person,Safety Vest"
2026-02-09T23:22:56,False,"helmet,vest","Hardhat,NO-Hardhat,NO-Mask,NO-Safety Vest,Person,Safety Vest"
2026-02-09T23:22:56,False,"helmet,vest","Hardhat,NO-Hardhat,NO-Mask,NO-Safety Vest,Person,Safety Vest"
2026-02-09T23:22:56,False,"helmet,vest","Hardhat,NO-Hardhat,NO-Mask,NO-Safety Vest,Person,Safety Vest"
2026-02-09T23:22:56,False,"helmet,vest","Hardhat,NO-Hardhat,NO-Mask,NO-Safety Vest,Person,Safety Vest"
2026-02-09T23:22:56,False,"helmet,vest","Hardhat,NO-Hardhat,NO-Mask,NO-Safety Vest,Person,Safety Vest"
2026-02-09T23:22:57,False,"helmet,vest","Hardhat,NO-Hardhat,NO-Mask,NO-Safety Vest,Person,Safety Vest"
2026-02-09T23:22:57,False,"helmet,vest","Hardhat,NO-Hardhat,NO-Mask,NO-Safety Vest,Person,Safety Vest"
2026-02-09T23:22:57,False,"helmet,vest","Hardhat,NO-Hardhat,NO-Mask,NO-Safety Vest,Person,Safety Vest"
2026-02-09T23:22:57,False,"helmet,vest","Hardhat,NO-Hardhat,NO-Mask,NO-Safety Vest,Person,Safety Vest"
2026-02-09T23:22:57,False,"helmet,vest","Hardhat,NO-Hardhat,NO-Mask,NO-Safety Vest,Person,Safety Vest"
2026-02-09T23:22:57,False,"helmet,vest","Hardhat,NO-Hardhat,NO-Mask,NO-Safety Vest,Person,Safety Vest"
2026-02-09T23:22:57,False,"helmet,vest","Hardhat,NO-Hardhat,NO-Mask,NO-Safety Vest,Person,Safety Vest"
2026-02-09T23:22:57,False,"helmet,vest","Hardhat,NO-Hardhat,NO-Mask,NO-Safety Vest,Person,Safety Vest"
2026-02-09T23:22:57,False,"helmet,vest","Hardhat,NO-Hardhat,NO-Mask,NO-Safety Vest,Person,Safety Vest"
2026-02-09T23:22:57,False,"helmet,vest","Hardhat,NO-Hardhat,NO-Mask,NO-Safety Vest,Person,Safety Vest"
2026-02-09T23:22:57,False,"helmet,vest","Hardhat,NO-Hardhat,NO-Mask,NO-Safety Vest,Person,Safety Vest"
2026-02-09T23:22:57,False,"helmet,vest","Hardhat,NO-Hardhat,NO-Mask,NO-Safety Vest,Person,Safety Vest"
2026-02-09T23:22:57,False,"helmet,vest","Hardhat,NO-Hardhat,NO-Mask,NO-Safety Vest,Person,Safety Vest"
2026-02-09T23:22:57,False,"helmet,vest","Hardhat,NO-Hardhat,NO-Mask,NO-Safety Vest,Person,Safety Vest"
2026-02-09T23:22:57,False,"helmet,vest","Hardhat,NO-Hardhat,NO-Mask,NO-Safety Vest,Person,Safety Vest"
2026-02-09T23:22:58,False,"helmet,vest","Hardhat,NO-Hardhat,NO-Mask,NO-Safety Vest,Person,Safety Vest"
2026-02-09T23:22:58,False,"helmet,vest","Hardhat,NO-Hardhat,NO-Mask,NO-Safety Vest,Person,Safety Vest"
2026-02-09T23:22:58,False,"helmet,vest","Hardhat,NO-Hardhat,NO-Mask,NO-Safety Vest,Person,Safety Vest"
2026-02-09T23:22:58,False,"helmet,vest","Hardhat,NO-Hardhat,NO-Mask,NO-Safety Vest,Person,Safety Vest"
2026-02-09T23:22:58,False,"helmet,vest","Hardhat,NO-Hardhat,NO-Mask,NO-Safety Vest,Person,Safety Vest"
2026-02-09T23:22:58,False,"helmet,vest","Hardhat,NO-Hardhat,NO-Mask,NO-Safety Vest,Person,Safety Vest"
2026-02-09T23:22:58,False,"helmet,vest","Hardhat,NO-Hardhat,NO-Mask,NO-Safety Vest,Person,Safety Vest"
2026-02-09T23:22:58,False,"helmet,vest","Hardhat,NO-Hardhat,NO-Mask,NO-Safety Vest,Person,Safety Vest"
2026-02-09T23:22:58,False,"helmet,vest","Hardhat,Mask,NO-Hardhat,NO-Mask,NO-Safety Vest,Person,Safety Vest"
2026-02-09T23:22:58,False,"helmet,vest","Hardhat,Mask,NO-Hardhat,NO-Mask,NO-Safety Vest,Person,Safety Vest"
2026-02-09T23:22:58,False,"helmet,vest","Hardhat,Mask,NO-Hardhat,NO-Mask,NO-Safety Vest,Person"
2026-02-09T23:22:58,False,"helmet,vest","Mask,NO-Hardhat,NO-Mask,NO-Safety Vest,Person"
2026-02-09T23:22:58,False,"helmet,vest","Mask,NO-Hardhat,NO-Mask,NO-Safety Vest,Person"
2026-02-09T23:22:58,False,"helmet,vest","Mask,NO-Hardhat,NO-Mask,NO-Safety Vest,Person"
2026-02-09T23:22:59,False,"helmet,vest","Mask,NO-Hardhat,NO-Mask,NO-Safety Vest,Person"
2026-02-09T23:22:59,False,"helmet,vest","Mask,NO-Hardhat,NO-Mask,NO-Safety Vest,Person"
2026-02-09T23:22:59,False,"helmet,vest","Mask,NO-Hardhat,NO-Mask,NO-Safety Vest,Person"
2026-02-09T23:22:59,False,"helmet,vest","Mask,NO-Hardhat,NO-Mask,NO-Safety Vest,Person"
2026-02-09T23:22:59,False,"helmet,vest","NO-Hardhat,NO-Mask,NO-Safety Vest,Person"
2026-02-09T23:22:59,False,"helmet,vest","NO-Hardhat,NO-Mask,NO-Safety Vest,Person"
2026-02-09T23:22:59,False,"helmet,vest","NO-Hardhat,NO-Mask,NO-Safety Vest,Person"
2026-02-09T23:22:59,False,"helmet,vest","NO-Hardhat,NO-Mask,NO-Safety Vest,Person"
2026-02-09T23:22:59,False,"helmet,vest","NO-Hardhat,NO-Mask,NO-Safety Vest,Person"
2026-02-09T23:22:59,False,"helmet,vest","NO-Hardhat,NO-Mask,NO-Safety Vest,Person"
2026-02-09T23:22:59,False,"helmet,vest","NO-Hardhat,NO-Mask,NO-Safety Vest,Person"
2026-02-09T23:22:59,False,"helmet,vest","NO-Hardhat,NO-Mask,NO-Safety Vest,Person"
2026-02-09T23:22:59,False,"helmet,vest","NO-Hardhat,NO-Mask,NO-Safety Vest,Person"
2026-02-09T23:22:59,False,"helmet,vest","Mask,NO-Hardhat,NO-Mask,NO-Safety Vest,Person"
2026-02-09T23:22:59,False,"helmet,vest","Mask,NO-Hardhat,NO-Mask,NO-Safety Vest,Person"
2026-02-09T23:22:59,False,"helmet,vest","NO-Hardhat,NO-Mask,NO-Safety Vest,Person"
2026-02-09T23:23:00,False,"helmet,vest","Mask,NO-Hardhat,NO-Mask,NO-Safety Vest,Person"
2026-02-09T23:23:00,False,"helmet,vest","Mask,NO-Hardhat,NO-Mask,NO-Safety Vest,Person"
2026-02-09T23:23:00,False,"helmet,vest","Mask,NO-Hardhat,NO-Mask,NO-Safety Vest,Person"
2026-02-09T23:23:00,False,"helmet,vest","Mask,NO-Hardhat,NO-Mask,NO-Safety Vest,Person"
2026-02-09T23:23:00,False,"helmet,vest","Mask,NO-Hardhat,NO-Mask,NO-Safety Vest,Person"
2026-02-09T23:23:00,False,"helmet,vest","NO-Hardhat,NO-Mask,NO-Safety Vest,Person"
2026-02-09T23:23:00,False,"helmet,vest","NO-Hardhat,NO-Mask,NO-Safety Vest,Person"
2026-02-09T23:23:00,False,"helmet,vest","NO-Hardhat,NO-Mask,NO-Safety Vest,Person"
2026-02-09T23:23:00,False,"helmet,vest","NO-Hardhat,NO-Mask,NO-Safety Vest,Person"
2026-02-09T23:23:00,False,"helmet,vest","NO-Hardhat,NO-Mask,NO-Safety Vest,Person"
2026-02-09T23:23:00,False,"helmet,vest","NO-Hardhat,NO-Mask,NO-Safety Vest,Person"
2026-02-09T23:23:00,False,"helmet,vest","NO-Hardhat,NO-Mask,NO-Safety Vest,Person"
2026-02-09T23:23:00,False,"helmet,vest","Mask,NO-Hardhat,NO-Mask,NO-Safety Vest,Person"
2026-02-09T23:23:00,False,"helmet,vest","Mask,NO-Hardhat,NO-Mask,NO-Safety Vest,Person"
2026-02-09T23:23:00,False,"helmet,vest","Mask,NO-Hardhat,NO-Mask,NO-Safety Vest,Person,Safety Cone"
2026-02-09T23:23:01,False,"helmet,vest","Mask,NO-Hardhat,NO-Mask,NO-Safety Vest,Person"
2026-02-09T23:23:01,False,"helmet,vest","Mask,NO-Hardhat,NO-Mask,NO-Safety Vest,Person"
2026-02-09T23:23:01,False,"helmet,vest","Mask,NO-Hardhat,NO-Mask,NO-Safety Vest,Person"
2026-02-09T23:23:01,False,"helmet,vest","Mask,NO-Hardhat,NO-Mask,NO-Safety Vest,Person"
2026-02-09T23:23:01,False,"helmet,vest","NO-Hardhat,NO-Mask,NO-Safety Vest,Person"
2026-02-09T23:23:01,False,"helmet,vest","NO-Hardhat,NO-Mask,NO-Safety Vest,Person"
2026-02-09T23:23:01,False,"helmet,vest","NO-Hardhat,NO-Mask,NO-Safety Vest,Person,Safety Cone"
2026-02-09T23:23:01,False,"helmet,vest","Mask,NO-Hardhat,NO-Mask,NO-Safety Vest,Person,Safety Cone"
2026-02-09T23:23:01,False,"helmet,vest","NO-Hardhat,NO-Mask,NO-Safety Vest,Person"
2026-02-09T23:23:01,False,"helmet,vest","NO-Hardhat,NO-Mask,NO-Safety Vest,Person"
2026-02-09T23:23:01,False,"helmet,vest","NO-Hardhat,NO-Mask,NO-Safety Vest,Person"
2026-02-09T23:23:01,False,"helmet,vest","NO-Hardhat,NO-Mask,NO-Safety Vest,Person"
2026-02-09T23:23:01,False,"helmet,vest","NO-Hardhat,NO-Mask,NO-Safety Vest,Person"
2026-02-09T23:23:01,False,"helmet,vest","NO-Hardhat,NO-Mask,NO-Safety Vest,Person"
2026-02-09T23:23:01,False,"helmet,vest","NO-Hardhat,NO-Mask,NO-Safety Vest,Person"
2026-02-09T23:23:02,False,"helmet,vest","NO-Hardhat,NO-Mask,NO-Safety Vest,Person"
2026-02-09T23:23:02,False,"helmet,vest","NO-Hardhat,NO-Mask,NO-Safety Vest,Person"
2026-02-09T23:23:02,False,"helmet,vest","NO-Hardhat,NO-Mask,NO-Safety Vest,Person"
2026-02-09T23:23:02,False,"helmet,vest","NO-Hardhat,NO-Mask,NO-Safety Vest,Person"
2026-02-09T23:23:02,False,"helmet,vest","NO-Hardhat,NO-Mask,NO-Safety Vest,Person"
2026-02-09T23:23:02,False,"helmet,vest","NO-Hardhat,NO-Mask,NO-Safety Vest,Person"
2026-02-09T23:23:02,False,"helmet,vest","NO-Hardhat,NO-Mask,NO-Safety Vest,Person"
2026-02-09T23:23:02,False,"helmet,vest","NO-Hardhat,NO-Mask,NO-Safety Vest,Person"
2026-02-09T23:23:02,False,"helmet,vest","NO-Hardhat,NO-Mask,NO-Safety Vest,Person"
2026-02-09T23:23:02,False,"helmet,vest","NO-Hardhat,NO-Mask,NO-Safety Vest,Person"
2026-02-09T23:23:02,False,"helmet,vest","Mask,NO-Hardhat,NO-Mask,NO-Safety Vest,Person"
2026-02-09T23:23:02,False,"helmet,vest","NO-Hardhat,NO-Mask,NO-Safety Vest,Person"
2026-02-09T23:23:02,False,"helmet,vest","NO-Hardhat,NO-Mask,NO-Safety Vest,Person"
2026-02-09T23:23:02,False,"helmet,vest","Mask,NO-Hardhat,NO-Mask,NO-Safety Vest,Person"
2026-02-09T23:23:02,False,"helmet,vest","Mask,NO-Hardhat,NO-Mask,NO-Safety Vest,Person"
2026-02-09T23:23:03,False,"helmet,vest","Mask,NO-Hardhat,NO-Mask,NO-Safety Vest,Person"
2026-02-09T23:23:03,False,"helmet,vest","Mask,NO-Hardhat,NO-Mask,NO-Safety Vest,Person"
2026-02-09T23:23:03,False,"helmet,vest","Mask,NO-Hardhat,NO-Mask,NO-Safety Vest,Person"
2026-02-09T23:23:03,False,"helmet,vest","NO-Hardhat,NO-Mask,NO-Safety Vest,Person"
2026-02-09T23:23:03,False,"helmet,vest","Mask,NO-Hardhat,NO-Mask,NO-Safety Vest,Person"
2026-02-09T23:23:03,False,"helmet,vest","Mask,NO-Hardhat,NO-Mask,NO-Safety Vest,Person"
2026-02-09T23:23:03,False,"helmet,vest","Mask,NO-Hardhat,NO-Mask,NO-Safety Vest,Person"
2026-02-09T23:23:03,False,"helmet,vest","Mask,NO-Hardhat,NO-Mask,NO-Safety Vest,Person"
2026-02-09T23:23:03,False,"helmet,vest","Mask,NO-Hardhat,NO-Mask,NO-Safety Vest,Person"
2026-02-09T23:23:03,False,"helmet,vest","Mask,NO-Hardhat,NO-Mask,NO-Safety Vest,Person"
2026-02-09T23:23:03,False,"helmet,vest","Mask,NO-Hardhat,NO-Mask,NO-Safety Vest,Person"
2026-02-09T23:23:03,False,"helmet,vest","Mask,NO-Hardhat,NO-Mask,NO-Safety Vest,Person"
2026-02-09T23:23:03,False,"helmet,vest","Mask,NO-Hardhat,NO-Mask,NO-Safety Vest,Person"
2026-02-09T23:23:03,False,"helmet,vest","NO-Hardhat,NO-Mask,NO-Safety Vest,Person"
2026-02-09T23:23:03,False,"helmet,vest","Mask,NO-Hardhat,NO-Mask,NO-Safety Vest,Person"
2026-02-09T23:23:04,False,"helmet,vest","NO-Hardhat,NO-Mask,NO-Safety Vest,Person"
2026-02-09T23:23:04,False,"helmet,vest","NO-Hardhat,NO-Mask,NO-Safety Vest,Person"
2026-02-09T23:23:04,False,"helmet,vest","NO-Hardhat,NO-Mask,NO-Safety Vest,Person"
2026-02-09T23:23:04,False,"helmet,vest","NO-Hardhat,NO-Mask,NO-Safety Vest,Person"
2026-02-09T23:23:04,False,"helmet,vest","NO-Hardhat,NO-Mask,NO-Safety Vest,Person"
2026-02-09T23:23:04,False,"helmet,vest","Mask,NO-Hardhat,NO-Mask,NO-Safety Vest,Person"
2026-02-09T23:23:04,False,"helmet,vest","Mask,NO-Hardhat,NO-Mask,NO-Safety Vest,Person"
2026-02-09T23:23:04,False,"helmet,vest","NO-Hardhat,NO-Mask,NO-Safety Vest,Person"
2026-02-09T23:23:04,False,"helmet,vest","NO-Hardhat,NO-Mask,NO-Safety Vest,Person"
2026-02-09T23:23:04,False,"helmet,vest","NO-Hardhat,NO-Mask,NO-Safety Vest,Person"
2026-02-09T23:23:04,False,"helmet,vest","Mask,NO-Hardhat,NO-Mask,NO-Safety Vest,Person"
2026-02-09T23:23:04,False,"helmet,vest","Mask,NO-Hardhat,NO-Mask,NO-Safety Vest,Person"
2026-02-09T23:23:04,False,"helmet,vest","NO-Hardhat,NO-Mask,NO-Safety Vest,Person"
2026-02-09T23:23:04,False,"helmet,vest","NO-Hardhat,NO-Mask,NO-Safety Vest,Person"
2026-02-09T23:23:04,False,"helmet,vest","NO-Hardhat,NO-Mask,NO-Safety Vest,Person"
2026-02-09T23:23:05,False,"helmet,vest","NO-Hardhat,NO-Mask,NO-Safety Vest,Person"
2026-02-09T23:23:05,False,"helmet,vest","NO-Hardhat,NO-Mask,NO-Safety Vest,Person"
2026-02-09T23:23:05,False,"helmet,vest","NO-Hardhat,NO-Mask,NO-Safety Vest,Person"
2026-02-09T23:23:05,False,"helmet,vest","NO-Hardhat,NO-Mask,NO-Safety Vest,Person"
2026-02-09T23:23:05,False,"helmet,vest","NO-Hardhat,NO-Mask,NO-Safety Vest,Person"
2026-02-09T23:23:05,False,"helmet,vest","NO-Hardhat,NO-Mask,NO-Safety Vest,Person"
2026-02-09T23:23:05,False,"helmet,vest","NO-Hardhat,NO-Mask,NO-Safety Vest,Person"
2026-02-09T23:23:05,False,"helmet,vest","NO-Hardhat,NO-Mask,NO-Safety Vest,Person"
2026-02-09T23:23:05,False,"helmet,vest","NO-Hardhat,NO-Mask,NO-Safety Vest,Person"
2026-02-09T23:23:05,False,"helmet,vest","NO-Hardhat,NO-Mask,NO-Safety Vest,Person"
2026-02-09T23:23:05,False,"helmet,vest","NO-Hardhat,NO-Mask,NO-Safety Vest,Person"
2026-02-09T23:23:05,False,"helmet,vest","NO-Hardhat,NO-Mask,NO-Safety Vest,Person"
2026-02-09T23:23:05,False,"helmet,vest","Mask,NO-Hardhat,NO-Mask,NO-Safety Vest,Person"
2026-02-09T23:23:05,False,"helmet,vest","Mask,NO-Hardhat,NO-Mask,NO-Safety Vest,Person"
2026-02-09T23:23:06,False,"helmet,vest","Mask,NO-Hardhat,NO-Mask,NO-Safety Vest,Person"
2026-02-09T23:23:06,False,"helmet,vest","Mask,NO-Hardhat,NO-Mask,NO-Safety Vest,Person"
2026-02-09T23:23:06,False,"helmet,vest","Mask,NO-Hardhat,NO-Mask,NO-Safety Vest,Person"
2026-02-09T23:23:06,False,"helmet,vest","Mask,NO-Hardhat,NO-Mask,NO-Safety Vest,Person"
2026-02-09T23:23:06,False,"helmet,vest","Mask,NO-Hardhat,NO-Mask,NO-Safety Vest,Person"
2026-02-09T23:23:06,False,"helmet,vest","Mask,NO-Hardhat,NO-Mask,NO-Safety Vest,Person"
2026-02-09T23:23:06,False,"helmet,vest","NO-Hardhat,NO-Mask,NO-Safety Vest,Person"
2026-02-09T23:23:06,False,"helmet,vest","NO-Hardhat,NO-Mask,NO-Safety Vest,Person"
2026-02-09T23:23:06,False,"helmet,vest","Mask,NO-Hardhat,NO-Mask,NO-Safety Vest,Person"
2026-02-09T23:23:06,False,"helmet,vest","Mask,NO-Hardhat,NO-Mask,NO-Safety Vest,Person"
2026-02-09T23:23:06,False,"helmet,vest","Mask,NO-Hardhat,NO-Mask,NO-Safety Vest,Person"
2026-02-09T23:23:06,False,"helmet,vest","Mask,NO-Hardhat,NO-Mask,NO-Safety Vest,Person"
2026-02-09T23:23:06,False,"helmet,vest","NO-Hardhat,NO-Mask,NO-Safety Vest,Person"
2026-02-09T23:23:06,False,"helmet,vest","Mask,NO-Hardhat,NO-Mask,NO-Safety Vest,Person"
2026-02-09T23:23:06,False,"helmet,vest","NO-Hardhat,NO-Mask,NO-Safety Vest,Person"
2026-02-09T23:23:06,False,"helmet,vest","NO-Hardhat,NO-Mask,NO-Safety Vest,Person"
2026-02-09T23:23:07,False,"helmet,vest","Mask,NO-Hardhat,NO-Mask,NO-Safety Vest,Person"
2026-02-09T23:23:07,False,"helmet,vest","Mask,NO-Hardhat,NO-Mask,NO-Safety Vest,Person"
2026-02-09T23:23:07,False,"helmet,vest","NO-Hardhat,NO-Mask,NO-Safety Vest,Person"
2026-02-09T23:23:07,False,"helmet,vest","NO-Hardhat,NO-Mask,NO-Safety Vest,Person"
2026-02-09T23:23:07,False,"helmet,vest","NO-Hardhat,NO-Mask,NO-Safety Vest,Person"
2026-02-09T23:23:07,False,"helmet,vest","NO-Hardhat,NO-Mask,NO-Safety Vest,Person"
2026-02-09T23:23:07,False,"helmet,vest","NO-Hardhat,NO-Mask,NO-Safety Vest,Person"
2026-02-09T23:23:07,False,"helmet,vest","NO-Hardhat,NO-Mask,NO-Safety Vest,Person"
2026-02-09T23:23:07,False,"helmet,vest","Mask,NO-Hardhat,NO-Mask,NO-Safety Vest,Person"
2026-02-09T23:23:07,False,"helmet,vest","Mask,NO-Hardhat,NO-Mask,NO-Safety Vest,Person"
2026-02-09T23:23:07,False,"helmet,vest","NO-Hardhat,NO-Mask,NO-Safety Vest,Person"
2026-02-09T23:23:07,False,"helmet,vest","Mask,NO-Hardhat,NO-Mask,NO-Safety Vest,Person"
2026-02-09T23:23:07,False,"helmet,vest","Mask,NO-Hardhat,NO-Mask,NO-Safety Vest,Person"
2026-02-09T23:23:07,False,"helmet,vest","Mask,NO-Hardhat,NO-Mask,NO-Safety Vest,Person"
2026-02-09T23:23:07,False,"helmet,vest","NO-Hardhat,NO-Mask,NO-Safety Vest,Person"
2026-02-09T23:23:08,False,"helmet,vest","NO-Hardhat,NO-Mask,NO-Safety Vest,Person"
2026-02-09T23:23:08,False,"helmet,vest","NO-Hardhat,NO-Mask,NO-Safety Vest,Person"
2026-02-09T23:23:08,False,"helmet,vest","Mask,NO-Hardhat,NO-Mask,NO-Safety Vest,Person"
2026-02-09T23:23:08,False,"helmet,vest","NO-Hardhat,NO-Mask,NO-Safety Vest,Person"
2026-02-09T23:23:08,False,"helmet,vest","Mask,NO-Hardhat,NO-Mask,NO-Safety Vest,Person"
2026-02-09T23:23:08,False,"helmet,vest","Mask,NO-Hardhat,NO-Mask,NO-Safety Vest,Person"
2026-02-09T23:23:08,False,"helmet,vest","NO-Hardhat,NO-Mask,NO-Safety Vest,Person"
2026-02-09T23:23:08,False,"helmet,vest","Mask,NO-Hardhat,NO-Mask,NO-Safety Vest,Person"
2026-02-09T23:23:08,False,"helmet,vest","NO-Hardhat,NO-Mask,NO-Safety Vest,Person"
2026-02-09T23:23:08,False,"helmet,vest","NO-Hardhat,NO-Mask,NO-Safety Vest,Person"
2026-02-09T23:23:08,False,"helmet,vest","NO-Hardhat,NO-Mask,NO-Safety Vest,Person"
2026-02-09T23:23:08,False,"helmet,vest","Mask,NO-Hardhat,NO-Mask,NO-Safety Vest,Person"
2026-02-09T23:23:08,False,"helmet,vest","Mask,NO-Hardhat,NO-Mask,NO-Safety Vest,Person"
2026-02-09T23:23:08,False,"helmet,vest","NO-Hardhat,NO-Mask,NO-Safety Vest,Person"
2026-02-09T23:23:08,False,"helmet,vest","Mask,NO-Hardhat,NO-Mask,NO-Safety Vest,Person"
2026-02-09T23:23:09,False,"helmet,vest","Hardhat,NO-Hardhat,NO-Mask,NO-Safety Vest,Person"
2026-02-09T23:23:09,False,"helmet,vest","Hardhat,NO-Hardhat,NO-Mask,NO-Safety Vest,Person"
2026-02-09T23:23:09,False,"helmet,vest","Hardhat,NO-Hardhat,NO-Mask,NO-Safety Vest,Person"
2026-02-09T23:23:09,False,"helmet,vest","Hardhat,NO-Hardhat,NO-Mask,NO-Safety Vest,Person"
2026-02-09T23:23:09,False,"helmet,vest","Hardhat,NO-Hardhat,NO-Mask,NO-Safety Vest,Person"
2026-02-09T23:23:09,False,"helmet,vest","Hardhat,Mask,NO-Hardhat,NO-Mask,NO-Safety Vest,Person"
2026-02-09T23:23:09,False,"helmet,vest","Mask,NO-Hardhat,NO-Mask,NO-Safety Vest,Person"
2026-02-09T23:23:09,False,"helmet,vest","NO-Hardhat,NO-Mask,NO-Safety Vest,Person"
2026-02-09T23:23:09,False,"helmet,vest","Hardhat,Mask,NO-Hardhat,NO-Mask,NO-Safety Vest,Person"
2026-02-09T23:23:09,False,"helmet,vest","Hardhat,Mask,NO-Hardhat,NO-Mask,NO-Safety Vest,Person"
2026-02-09T23:23:09,False,"helmet,vest","Hardhat,NO-Hardhat,NO-Mask,NO-Safety Vest,Person"
2026-02-09T23:23:09,False,"helmet,vest","NO-Hardhat,NO-Mask,NO-Safety Vest,Person"
2026-02-09T23:23:09,False,"helmet,vest","NO-Hardhat,NO-Mask,NO-Safety Vest,Person"
2026-02-09T23:23:09,False,"helmet,vest","Mask,NO-Hardhat,NO-Mask,NO-Safety Vest,Person"
2026-02-09T23:23:09,False,"helmet,vest","Mask,NO-Hardhat,NO-Mask,NO-Safety Vest,Person"
2026-02-09T23:23:10,False,"helmet,vest","NO-Hardhat,NO-Mask,NO-Safety Vest,Person"
2026-02-09T23:23:10,False,"helmet,vest","NO-Hardhat,NO-Mask,NO-Safety Vest,Person"
2026-02-09T23:23:10,False,"helmet,vest","NO-Hardhat,NO-Mask,NO-Safety Vest,Person"
2026-02-09T23:23:10,False,"helmet,vest","NO-Hardhat,NO-Mask,NO-Safety Vest,Person"
2026-02-09T23:23:10,False,"helmet,vest","NO-Hardhat,NO-Mask,NO-Safety Vest,Person"
2026-02-09T23:23:10,False,"helmet,vest","NO-Hardhat,NO-Mask,NO-Safety Vest,Person"
2026-02-09T23:23:10,False,"helmet,vest","NO-Hardhat,NO-Mask,NO-Safety Vest,Person"
2026-02-09T23:23:10,False,"helmet,vest","NO-Hardhat,NO-Mask,NO-Safety Vest,Person"
2026-02-09T23:23:10,False,"helmet,vest","NO-Hardhat,NO-Mask,NO-Safety Vest,Person"
2026-02-09T23:23:10,False,"helmet,vest","NO-Hardhat,NO-Mask,NO-Safety Vest,Person"
2026-02-09T23:23:10,False,"helmet,vest","Mask,NO-Hardhat,NO-Mask,NO-Safety Vest,Person"
2026-02-09T23:23:10,False,"helmet,vest","NO-Hardhat,NO-Mask,NO-Safety Vest,Person"
2026-02-09T23:23:10,False,"helmet,vest","NO-Hardhat,NO-Mask,NO-Safety Vest,Person"
2026-02-09T23:23:10,False,"helmet,vest","NO-Hardhat,NO-Mask,NO-Safety Vest,Person"
2026-02-09T23:23:10,False,"helmet,vest","NO-Hardhat,NO-Mask,NO-Safety Vest,Person"
2026-02-09T23:23:11,False,"helmet,vest","NO-Hardhat,NO-Mask,NO-Safety Vest,Person"
2026-02-09T23:23:11,False,"helmet,vest","NO-Hardhat,NO-Mask,NO-Safety Vest,Person"
2026-02-09T23:23:11,False,"helmet,vest","NO-Hardhat,NO-Mask,NO-Safety Vest,Person"
2026-02-09T23:23:11,False,"helmet,vest","NO-Hardhat,NO-Mask,NO-Safety Vest,Person"
2026-02-09T23:23:11,False,"helmet,vest","Mask,NO-Hardhat,NO-Mask,NO-Safety Vest,Person"
2026-02-09T23:23:11,False,"helmet,vest","NO-Hardhat,NO-Mask,NO-Safety Vest,Person"
2026-02-09T23:23:11,False,"helmet,vest","NO-Hardhat,NO-Mask,NO-Safety Vest,Person"
2026-02-09T23:23:11,False,"helmet,vest","Mask,NO-Hardhat,NO-Mask,NO-Safety Vest,Person"
2026-02-09T23:23:11,False,"helmet,vest","NO-Hardhat,NO-Mask,NO-Safety Vest,Person"
2026-02-09T23:23:11,False,"helmet,vest","NO-Hardhat,NO-Mask,NO-Safety Vest,Person"
2026-02-09T23:23:11,False,"helmet,vest","NO-Hardhat,NO-Mask,NO-Safety Vest,Person"
2026-02-09T23:23:11,False,"helmet,vest","NO-Hardhat,NO-Mask,NO-Safety Vest,Person"
2026-02-09T23:23:11,False,"helmet,vest","NO-Hardhat,NO-Mask,NO-Safety Vest,Person"
2026-02-09T23:23:11,False,"helmet,vest","NO-Hardhat,NO-Mask,NO-Safety Vest,Person"
2026-02-09T23:23:11,False,"helmet,vest","NO-Hardhat,NO-Mask,NO-Safety Vest,Person"
2026-02-09T23:23:12,False,"helmet,vest","NO-Hardhat,NO-Mask,NO-Safety Vest,Person"
2026-02-09T23:23:12,False,"helmet,vest","NO-Hardhat,NO-Mask,NO-Safety Vest,Person"
2026-02-09T23:23:12,False,"helmet,vest","NO-Hardhat,NO-Mask,NO-Safety Vest,Person"
2026-02-09T23:23:12,False,"helmet,vest","NO-Hardhat,NO-Mask,NO-Safety Vest,Person"
2026-02-09T23:23:12,False,"helmet,vest","NO-Hardhat,NO-Mask,NO-Safety Vest,Person"
2026-02-09T23:23:12,False,"helmet,vest","NO-Hardhat,NO-Mask,NO-Safety Vest,Person"
2026-02-09T23:23:12,False,"helmet,vest","NO-Hardhat,NO-Mask,NO-Safety Vest,Person"
2026-02-09T23:23:12,False,"helmet,vest","NO-Hardhat,NO-Mask,NO-Safety Vest,Person"
2026-02-09T23:23:12,False,"helmet,vest","NO-Hardhat,NO-Mask,NO-Safety Vest,Person"
2026-02-09T23:23:12,False,"helmet,vest","NO-Hardhat,NO-Mask,NO-Safety Vest,Person"
2026-02-09T23:23:12,False,"helmet,vest","NO-Hardhat,NO-Mask,NO-Safety Vest,Person"
2026-02-09T23:23:12,False,"helmet,vest","NO-Hardhat,NO-Mask,NO-Safety Vest,Person"
2026-02-09T23:23:12,False,"helmet,vest","NO-Hardhat,NO-Mask,NO-Safety Vest,Person"
2026-02-09T23:23:12,False,"helmet,vest","NO-Hardhat,NO-Mask,NO-Safety Vest,Person"
2026-02-09T23:23:12,False,"helmet,vest","NO-Hardhat,NO-Mask,NO-Safety Vest,Person"
2026-02-09T23:23:13,False,"helmet,vest","Hardhat,NO-Hardhat,NO-Mask,NO-Safety Vest,Person"
2026-02-09T23:23:13,False,"helmet,vest","NO-Hardhat,NO-Mask,NO-Safety Vest,Person"
2026-02-09T23:23:13,False,"helmet,vest","NO-Hardhat,NO-Mask,NO-Safety Vest,Person"
2026-02-09T23:23:13,False,"helmet,vest","Hardhat,NO-Hardhat,NO-Mask,NO-Safety Vest,Person"
2026-02-09T23:23:13,False,"helmet,vest","NO-Hardhat,NO-Mask,NO-Safety Vest,Person"
2026-02-09T23:23:13,False,"helmet,vest","NO-Hardhat,NO-Mask,NO-Safety Vest,Person"
2026-02-09T23:23:13,False,"helmet,vest","NO-Hardhat,NO-Mask,NO-Safety Vest,Person"
2026-02-09T23:23:13,False,"helmet,vest","NO-Hardhat,NO-Mask,NO-Safety Vest,Person"
2026-02-09T23:23:13,False,"helmet,vest","NO-Hardhat,NO-Mask,NO-Safety Vest,Person"
2026-02-09T23:23:13,False,"helmet,vest","NO-Hardhat,NO-Mask,NO-Safety Vest,Person"
2026-02-09T23:23:13,False,"helmet,vest","NO-Hardhat,NO-Mask,NO-Safety Vest,Person"
2026-02-09T23:23:13,False,"helmet,vest","NO-Hardhat,NO-Mask,NO-Safety Vest,Person"
2026-02-09T23:23:13,False,"helmet,vest","NO-Hardhat,NO-Mask,NO-Safety Vest,Person"
2026-02-09T23:23:13,False,"helmet,vest","NO-Hardhat,NO-Mask,NO-Safety Vest,Person"
2026-02-09T23:23:13,False,"helmet,vest","Hardhat,NO-Hardhat,NO-Mask,NO-Safety Vest,Person"
2026-02-09T23:23:14,False,"helmet,vest","Hardhat,NO-Hardhat,NO-Mask,NO-Safety Vest,Person"
2026-02-09T23:23:14,False,"helmet,vest","NO-Hardhat,NO-Mask,NO-Safety Vest,Person"
2026-02-09T23:23:14,False,"helmet,vest","NO-Hardhat,NO-Mask,NO-Safety Vest,Person"
2026-02-09T23:23:14,False,"helmet,vest","NO-Hardhat,NO-Mask,NO-Safety Vest,Person"
2026-02-09T23:23:14,False,"helmet,vest","NO-Hardhat,NO-Mask,NO-Safety Vest,Person"
2026-02-09T23:23:14,False,"helmet,vest","NO-Hardhat,NO-Mask,NO-Safety Vest,Person"
2026-02-09T23:23:14,False,"helmet,vest","NO-Hardhat,NO-Mask,NO-Safety Vest,Person"
2026-02-09T23:23:14,False,"helmet,vest","NO-Hardhat,NO-Mask,NO-Safety Vest,Person"
2026-02-09T23:23:14,False,"helmet,vest","Hardhat,NO-Hardhat,NO-Mask,NO-Safety Vest,Person"
2026-02-09T23:23:14,False,"helmet,vest","NO-Hardhat,NO-Mask,NO-Safety Vest,Person"
2026-02-09T23:23:14,False,"helmet,vest","NO-Hardhat,NO-Mask,NO-Safety Vest,Person"
2026-02-09T23:23:14,False,"helmet,vest","NO-Hardhat,NO-Mask,NO-Safety Vest,Person"
2026-02-09T23:23:14,False,"helmet,vest","Hardhat,NO-Hardhat,NO-Mask,NO-Safety Vest,Person"
2026-02-09T23:23:14,False,"helmet,vest","Hardhat,NO-Hardhat,NO-Mask,Person"
2026-02-09T23:23:14,False,"helmet,vest","NO-Hardhat,NO-Mask,NO-Safety Vest,Person"
2026-02-09T23:23:15,False,"helmet,vest","NO-Hardhat,NO-Mask,Person"
2026-02-09T23:23:15,False,"helmet,vest","NO-Hardhat,NO-Mask,Person"
2026-02-09T23:23:15,False,"helmet,vest","NO-Hardhat,NO-Mask,Person"
2026-02-09T23:23:15,False,"helmet,vest","Hardhat,NO-Hardhat,NO-Mask,Person"
2026-02-09T23:23:15,False,"helmet,vest","NO-Hardhat,NO-Mask,Person"
2026-02-09T23:23:15,False,"helmet,vest","Hardhat,NO-Hardhat,NO-Mask,NO-Safety Vest,Person"
2026-02-09T23:23:15,False,"helmet,vest","Hardhat,NO-Hardhat,NO-Mask,NO-Safety Vest,Person"
2026-02-09T23:23:15,False,"helmet,vest","NO-Hardhat,NO-Mask,NO-Safety Vest,Person"
2026-02-09T23:23:15,False,"helmet,vest","NO-Hardhat,NO-Mask,NO-Safety Vest,Person"
2026-02-09T23:23:15,False,"helmet,vest","NO-Hardhat,NO-Mask,NO-Safety Vest,Person"
2026-02-09T23:23:15,False,"helmet,vest","NO-Hardhat,NO-Mask,NO-Safety Vest,Person"
2026-02-09T23:23:15,False,"helmet,vest","NO-Hardhat,NO-Mask,NO-Safety Vest,Person"
2026-02-09T23:23:15,False,"helmet,vest","NO-Hardhat,NO-Mask,NO-Safety Vest,Person"
2026-02-09T23:23:15,False,"helmet,vest","NO-Hardhat,NO-Mask,NO-Safety Vest,Person"
2026-02-09T23:23:15,False,"helmet,vest","NO-Hardhat,NO-Mask,NO-Safety Vest,Person"
2026-02-09T23:23:16,False,"helmet,vest","NO-Hardhat,NO-Mask,NO-Safety Vest,Person"
2026-02-09T23:23:16,False,"helmet,vest","Mask,NO-Hardhat,NO-Mask,NO-Safety Vest,Person"
2026-02-09T23:23:16,False,"helmet,vest","Hardhat,NO-Hardhat,NO-Mask,NO-Safety Vest,Person"
2026-02-09T23:23:16,False,"helmet,vest","Hardhat,NO-Hardhat,NO-Mask,NO-Safety Vest,Person"
2026-02-09T23:23:16,False,"helmet,vest","Hardhat,NO-Hardhat,NO-Mask,NO-Safety Vest,Person"
2026-02-09T23:23:16,False,"helmet,vest","Hardhat,NO-Hardhat,NO-Mask,NO-Safety Vest,Person"
2026-02-09T23:23:16,False,"helmet,vest","NO-Hardhat,NO-Mask,NO-Safety Vest,Person"
2026-02-09T23:23:16,False,"helmet,vest","NO-Hardhat,NO-Mask,NO-Safety Vest,Person"
2026-02-09T23:23:16,False,"helmet,vest","NO-Hardhat,NO-Mask,NO-Safety Vest,Person"
2026-02-09T23:23:16,False,"helmet,vest","NO-Hardhat,NO-Mask,NO-Safety Vest,Person"
2026-02-09T23:23:16,False,"helmet,vest","NO-Hardhat,NO-Mask,NO-Safety Vest,Person"
2026-02-09T23:23:16,False,"helmet,vest","NO-Hardhat,NO-Mask,NO-Safety Vest,Person"
2026-02-09T23:23:16,False,"helmet,vest","Hardhat,NO-Hardhat,NO-Mask,NO-Safety Vest,Person"
2026-02-09T23:23:16,False,"helmet,vest","Hardhat,NO-Hardhat,NO-Mask,NO-Safety Vest,Person"
2026-02-09T23:23:16,False,"helmet,vest","Hardhat,NO-Hardhat,NO-Mask,NO-Safety Vest,Person"
2026-02-09T23:23:17,False,"helmet,vest","Hardhat,NO-Hardhat,NO-Mask,NO-Safety Vest,Person"
2026-02-09T23:23:17,False,"helmet,vest","Hardhat,NO-Hardhat,NO-Mask,NO-Safety Vest,Person"
2026-02-09T23:23:17,False,"helmet,vest","NO-Hardhat,NO-Mask,NO-Safety Vest,Person"
2026-02-09T23:23:17,False,"helmet,vest","NO-Hardhat,NO-Mask,NO-Safety Vest,Person"
2026-02-09T23:23:17,False,"helmet,vest","NO-Hardhat,NO-Mask,NO-Safety Vest,Person"
2026-02-09T23:23:17,False,"helmet,vest","NO-Hardhat,NO-Mask,NO-Safety Vest,Person"
2026-02-09T23:23:17,False,"helmet,vest","NO-Hardhat,NO-Mask,NO-Safety Vest,Person"
2026-02-09T23:23:17,False,"helmet,vest","Mask,NO-Hardhat,NO-Mask,NO-Safety Vest,Person"
2026-02-09T23:23:17,False,"helmet,vest","NO-Hardhat,NO-Mask,NO-Safety Vest,Person"
2026-02-09T23:23:17,False,"helmet,vest","NO-Hardhat,NO-Mask,NO-Safety Vest,Person"
2026-02-09T23:23:17,False,"helmet,vest","NO-Hardhat,NO-Mask,NO-Safety Vest,Person"
2026-02-09T23:23:17,False,"helmet,vest","NO-Hardhat,NO-Mask,NO-Safety Vest,Person"
2026-02-09T23:23:17,False,"helmet,vest","NO-Hardhat,NO-Mask,NO-Safety Vest,Person"
2026-02-09T23:23:17,False,"helmet,vest","NO-Hardhat,NO-Mask,NO-Safety Vest,Person"
2026-02-09T23:23:17,False,"helmet,vest","Mask,NO-Hardhat,NO-Mask,NO-Safety Vest,Person"
2026-02-09T23:23:18,False,"helmet,vest","Mask,NO-Hardhat,NO-Mask,NO-Safety Vest,Person"
2026-02-09T23:23:18,False,"helmet,vest","NO-Mask,NO-Safety Vest,Person"
2026-02-09T23:23:18,False,"helmet,vest","NO-Hardhat,NO-Mask,NO-Safety Vest,Person"
2026-02-09T23:23:18,False,"helmet,vest","NO-Mask,NO-Safety Vest,Person"
2026-02-09T23:23:18,False,"helmet,vest","NO-Mask,NO-Safety Vest,Person"
2026-02-09T23:23:18,False,"helmet,vest","NO-Hardhat,NO-Mask,NO-Safety Vest,Person"
2026-02-09T23:23:18,False,"helmet,vest","NO-Hardhat,NO-Mask,NO-Safety Vest,Person"
2026-02-09T23:23:18,False,"helmet,vest","Mask,NO-Hardhat,NO-Mask,NO-Safety Vest,Person"
2026-02-09T23:23:18,False,"helmet,vest","Mask,NO-Hardhat,NO-Mask,NO-Safety Vest,Person"
2026-02-09T23:23:18,False,"helmet,vest","Mask,NO-Hardhat,NO-Mask,NO-Safety Vest,Person"
2026-02-09T23:23:18,False,"helmet,vest","Mask,NO-Hardhat,NO-Mask,NO-Safety Vest,Person"
2026-02-09T23:23:18,False,"helmet,vest","NO-Hardhat,NO-Mask,NO-Safety Vest,Person"
2026-02-09T23:23:18,False,"helmet,vest","NO-Hardhat,NO-Mask,Person"
2026-02-09T23:23:18,False,"helmet,vest","NO-Hardhat,NO-Mask,NO-Safety Vest,Person"
2026-02-09T23:23:19,False,"helmet,vest","NO-Hardhat,NO-Mask,NO-Safety Vest,Person"
2026-02-09T23:23:19,False,"helmet,vest","NO-Hardhat,NO-Mask,NO-Safety Vest,Person"
2026-02-09T23:23:19,False,"helmet,vest","NO-Hardhat,NO-Mask,NO-Safety Vest,Person"
2026-02-09T23:23:19,False,"helmet,vest","NO-Hardhat,NO-Mask,NO-Safety Vest,Person"
2026-02-09T23:23:19,False,"helmet,vest","NO-Hardhat,NO-Mask,NO-Safety Vest,Person"
2026-02-09T23:23:19,False,"helmet,vest","NO-Hardhat,NO-Mask,Person"
2026-02-09T23:23:19,False,"helmet,vest","NO-Hardhat,Person"
2026-02-09T23:23:19,False,"helmet,vest","NO-Hardhat,Person"
2026-02-09T23:23:19,False,"helmet,vest","NO-Hardhat,Person"
2026-02-09T23:23:19,False,"helmet,vest","Mask,NO-Hardhat,Person"
2026-02-09T23:23:19,False,"helmet,vest","NO-Hardhat,NO-Mask,Person"
2026-02-09T23:23:19,False,"helmet,vest","NO-Hardhat,NO-Mask,NO-Safety Vest,Person"
2026-02-09T23:23:19,False,"helmet,vest","NO-Hardhat,NO-Mask,NO-Safety Vest,Person"
2026-02-09T23:23:19,False,"helmet,vest","NO-Hardhat,NO-Mask,NO-Safety Vest,Person"
2026-02-09T23:23:19,False,"helmet,vest","NO-Hardhat,NO-Mask,NO-Safety Vest,Person"
2026-02-09T23:23:20,False,"helmet,vest","NO-Hardhat,NO-Mask,NO-Safety Vest,Person"
2026-02-09T23:23:20,False,"helmet,vest","NO-Hardhat,NO-Mask,NO-Safety Vest,Person"
2026-02-09T23:23:20,False,"helmet,vest","NO-Hardhat,NO-Mask,Person"
2026-02-09T23:23:20,False,"helmet,vest","NO-Hardhat,NO-Mask,NO-Safety Vest,Person"
2026-02-09T23:23:20,False,"helmet,vest","NO-Hardhat,NO-Mask,NO-Safety Vest,Person"
2026-02-09T23:23:20,False,"helmet,vest","NO-Hardhat,NO-Mask,NO-Safety Vest,Person"
2026-02-09T23:23:20,False,"helmet,vest","NO-Hardhat,NO-Mask,NO-Safety Vest,Person"
2026-02-09T23:23:20,False,"helmet,vest","NO-Hardhat,NO-Mask,NO-Safety Vest,Person"
2026-02-09T23:23:20,False,"helmet,vest","Hardhat,NO-Hardhat,NO-Mask,NO-Safety Vest,Person"
2026-02-09T23:23:20,False,"helmet,vest","Hardhat,NO-Hardhat,NO-Mask,NO-Safety Vest,Person"
2026-02-09T23:23:20,False,"helmet,vest","Hardhat,NO-Hardhat,NO-Mask,NO-Safety Vest,Person"
2026-02-09T23:23:20,False,"helmet,vest","NO-Hardhat,NO-Mask,NO-Safety Vest,Person"
2026-02-09T23:23:20,False,"helmet,vest","NO-Hardhat,NO-Mask,NO-Safety Vest,Person"
2026-02-09T23:23:20,False,"helmet,vest","NO-Hardhat,NO-Mask,NO-Safety Vest,Person"
2026-02-09T23:23:20,False,"helmet,vest","NO-Hardhat,NO-Mask,NO-Safety Vest,Person"
2026-02-09T23:23:21,False,"helmet,vest","NO-Hardhat,NO-Mask,NO-Safety Vest,Person"
2026-02-09T23:23:21,False,"helmet,vest","NO-Hardhat,NO-Mask,NO-Safety Vest,Person"
2026-02-09T23:23:21,False,"helmet,vest","NO-Hardhat,NO-Mask,NO-Safety Vest,Person"
2026-02-09T23:23:21,False,"helmet,vest","NO-Hardhat,NO-Mask,NO-Safety Vest,Person"
2026-02-09T23:23:21,False,"helmet,vest","NO-Hardhat,NO-Mask,NO-Safety Vest,Person"
2026-02-09T23:23:21,False,"helmet,vest","NO-Hardhat,NO-Mask,NO-Safety Vest,Person"
2026-02-09T23:23:21,False,"helmet,vest","NO-Hardhat,NO-Mask,NO-Safety Vest,Person"
2026-02-09T23:23:21,False,"helmet,vest","NO-Hardhat,NO-Mask,NO-Safety Vest,Person"
2026-02-09T23:23:21,False,"helmet,vest","NO-Hardhat,NO-Mask,NO-Safety Vest,Person"
2026-02-09T23:23:21,False,"helmet,vest","NO-Hardhat,NO-Mask,NO-Safety Vest,Person"
2026-02-09T23:23:21,False,"helmet,vest","NO-Hardhat,NO-Mask,NO-Safety Vest,Person"
2026-02-09T23:23:21,False,"helmet,vest","Mask,NO-Hardhat,NO-Mask,NO-Safety Vest,Person"
2026-02-09T23:23:21,False,"helmet,vest","NO-Hardhat,NO-Mask,NO-Safety Vest,Person"
2026-02-09T23:23:21,False,"helmet,vest","NO-Hardhat,NO-Mask,NO-Safety Vest,Person"
2026-02-09T23:23:21,False,"helmet,vest","NO-Hardhat,NO-Mask,NO-Safety Vest,Person"
2026-02-09T23:23:22,False,"helmet,vest","NO-Hardhat,NO-Mask,NO-Safety Vest,Person"
2026-02-09T23:23:22,False,"helmet,vest","NO-Hardhat,NO-Mask,NO-Safety Vest,Person"
2026-02-09T23:23:22,False,"helmet,vest","NO-Hardhat,NO-Mask,NO-Safety Vest,Person"
2026-02-09T23:23:22,False,"helmet,vest","NO-Hardhat,NO-Mask,NO-Safety Vest,Person"
2026-02-09T23:23:22,False,"helmet,vest","NO-Hardhat,NO-Mask,NO-Safety Vest,Person"
2026-02-09T23:23:22,False,"helmet,vest","NO-Hardhat,NO-Mask,NO-Safety Vest,Person"
2026-02-09T23:23:22,False,"helmet,vest","NO-Hardhat,NO-Mask,NO-Safety Vest,Person"
2026-02-09T23:23:22,False,"helmet,vest","NO-Hardhat,NO-Mask,NO-Safety Vest,Person"
2026-02-09T23:23:22,False,"helmet,vest","NO-Hardhat,NO-Mask,NO-Safety Vest,Person"
2026-02-09T23:23:22,False,"helmet,vest","NO-Hardhat,NO-Mask,NO-Safety Vest,Person"
2026-02-09T23:23:22,False,"helmet,vest","NO-Hardhat,NO-Mask,NO-Safety Vest,Person"
2026-02-09T23:23:22,False,"helmet,vest","NO-Hardhat,NO-Mask,NO-Safety Vest,Person"
2026-02-09T23:23:22,False,"helmet,vest","NO-Hardhat,NO-Mask,NO-Safety Vest,Person"
2026-02-09T23:23:22,False,"helmet,vest","NO-Hardhat,NO-Mask,NO-Safety Vest,Person"
2026-02-09T23:23:23,False,"helmet,vest","NO-Hardhat,NO-Mask,NO-Safety Vest,Person"
2026-02-09T23:23:23,False,"helmet,vest","NO-Hardhat,NO-Mask,NO-Safety Vest,Person"
2026-02-09T23:23:23,False,"helmet,vest","NO-Hardhat,NO-Mask,NO-Safety Vest,Person"
2026-02-09T23:23:23,False,"helmet,vest","Hardhat,NO-Hardhat,NO-Mask,NO-Safety Vest,Person"
2026-02-09T23:23:23,False,"helmet,vest","NO-Hardhat,NO-Mask,NO-Safety Vest,Person"
2026-02-09T23:23:23,False,"helmet,vest","NO-Hardhat,NO-Mask,NO-Safety Vest,Person"
2026-02-09T23:23:23,False,"helmet,vest","NO-Hardhat,NO-Mask,NO-Safety Vest,Person"
2026-02-09T23:23:23,False,"helmet,vest","NO-Hardhat,NO-Mask,NO-Safety Vest,Person"
2026-02-09T23:23:23,False,"helmet,vest","NO-Hardhat,NO-Mask,NO-Safety Vest,Person"
2026-02-09T23:23:23,False,"helmet,vest","NO-Hardhat,NO-Mask,NO-Safety Vest,Person"
2026-02-09T23:23:23,False,"helmet,vest","NO-Hardhat,NO-Mask,NO-Safety Vest,Person"
2026-02-09T23:23:23,False,"helmet,vest","NO-Hardhat,NO-Mask,NO-Safety Vest,Person"
2026-02-09T23:23:23,False,"helmet,vest","NO-Hardhat,NO-Mask,NO-Safety Vest,Person"
2026-02-09T23:23:23,False,"helmet,vest","NO-Hardhat,NO-Mask,NO-Safety Vest,Person"
2026-02-09T23:23:23,False,"helmet,vest","NO-Hardhat,NO-Mask,NO-Safety Vest,Person"
2026-02-09T23:23:24,False,"helmet,vest","NO-Hardhat,NO-Mask,NO-Safety Vest,Person"
2026-02-09T23:23:24,False,"helmet,vest","NO-Hardhat,NO-Mask,NO-Safety Vest,Person"
2026-02-09T23:23:24,False,"helmet,vest","NO-Hardhat,NO-Mask,NO-Safety Vest,Person"
2026-02-09T23:23:25,False,"helmet,vest","NO-Hardhat,NO-Mask,NO-Safety Vest,Person"
2026-02-09T23:23:25,False,"helmet,vest","NO-Hardhat,NO-Mask,NO-Safety Vest,Person"
2026-02-09T23:23:25,False,"helmet,vest","NO-Hardhat,NO-Mask,NO-Safety Vest,Person"
2026-02-09T23:23:25,False,"helmet,vest","NO-Hardhat,NO-Mask,NO-Safety Vest,Person"
2026-02-09T23:23:25,False,"helmet,vest","NO-Hardhat,NO-Mask,NO-Safety Vest,Person"
2026-02-09T23:23:25,False,"helmet,vest","NO-Hardhat,NO-Mask,NO-Safety Vest,Person"
2026-02-09T23:23:25,False,"helmet,vest","NO-Hardhat,NO-Mask,NO-Safety Vest,Person"
2026-02-09T23:23:25,False,"helmet,vest","NO-Hardhat,NO-Mask,NO-Safety Vest,Person"
2026-02-09T23:23:25,False,"helmet,vest","NO-Hardhat,NO-Mask,NO-Safety Vest,Person"
2026-02-09T23:23:25,False,"helmet,vest","NO-Hardhat,NO-Mask,NO-Safety Vest,Person"
2026-02-09T23:23:25,False,"helmet,vest","NO-Hardhat,NO-Mask,NO-Safety Vest,Person"
2026-02-09T23:23:25,False,"helmet,vest","NO-Hardhat,NO-Mask,NO-Safety Vest,Person"
2026-02-09T23:23:25,False,"helmet,vest","NO-Hardhat,NO-Mask,NO-Safety Vest,Person"
2026-02-09T23:23:25,False,"helmet,vest","NO-Hardhat,NO-Mask,NO-Safety Vest,Person"
2026-02-09T23:23:25,False,"helmet,vest","NO-Hardhat,NO-Mask,NO-Safety Vest,Person"
2026-02-09T23:23:26,False,"helmet,vest","NO-Hardhat,NO-Mask,NO-Safety Vest,Person"
2026-02-09T23:23:26,False,"helmet,vest","NO-Hardhat,NO-Mask,NO-Safety Vest,Person"
2026-02-09T23:23:26,False,"helmet,vest","NO-Hardhat,NO-Mask,NO-Safety Vest,Person"
2026-02-09T23:23:26,False,"helmet,vest","NO-Hardhat,NO-Mask,NO-Safety Vest,Person"
2026-02-09T23:23:26,False,"helmet,vest","NO-Hardhat,NO-Mask,NO-Safety Vest,Person"
2026-02-09T23:23:26,False,"helmet,vest","NO-Hardhat,NO-Mask,NO-Safety Vest,Person"
2026-02-09T23:23:26,False,"helmet,vest","NO-Hardhat,NO-Mask,NO-Safety Vest,Person"
2026-02-09T23:23:26,False,"helmet,vest","NO-Hardhat,NO-Mask,NO-Safety Vest,Person"
2026-02-09T23:23:26,False,"helmet,vest","NO-Hardhat,NO-Mask,NO-Safety Vest,Person"
2026-02-09T23:23:26,False,"helmet,vest","NO-Hardhat,NO-Mask,NO-Safety Vest,Person"
2026-02-09T23:23:26,False,"helmet,vest","NO-Hardhat,NO-Mask,NO-Safety Vest,Person"
2026-02-09T23:23:26,False,"helmet,vest","NO-Hardhat,NO-Mask,NO-Safety Vest,Person"
2026-02-09T23:23:26,False,"helmet,vest","NO-Hardhat,NO-Mask,NO-Safety Vest,Person"
2026-02-09T23:23:26,False,"helmet,vest","NO-Hardhat,NO-Mask,NO-Safety Vest,Person"
2026-02-09T23:23:26,False,"helmet,vest","NO-Hardhat,NO-Mask,NO-Safety Vest,Person"
2026-02-09T23:23:27,False,"helmet,vest","NO-Hardhat,NO-Mask,NO-Safety Vest,Person"
2026-02-09T23:23:27,False,"helmet,vest","NO-Hardhat,NO-Mask,NO-Safety Vest,Person"
2026-02-09T23:23:27,False,"helmet,vest","NO-Hardhat,NO-Mask,NO-Safety Vest,Person"
2026-02-09T23:23:27,False,"helmet,vest","NO-Hardhat,NO-Mask,NO-Safety Vest,Person"
2026-02-09T23:23:27,False,"helmet,vest","NO-Hardhat,NO-Mask,NO-Safety Vest,Person"
2026-02-09T23:23:27,False,"helmet,vest","NO-Hardhat,NO-Mask,NO-Safety Vest,Person"
2026-02-09T23:23:27,False,"helmet,vest","NO-Hardhat,NO-Mask,NO-Safety Vest,Person"
2026-02-09T23:23:27,False,"helmet,vest","NO-Hardhat,NO-Mask,NO-Safety Vest,Person"
2026-02-09T23:23:27,False,"helmet,vest","NO-Hardhat,NO-Mask,NO-Safety Vest,Person"
2026-02-09T23:23:27,False,"helmet,vest","NO-Hardhat,NO-Mask,NO-Safety Vest,Person"
2026-02-09T23:23:27,False,"helmet,vest","NO-Hardhat,NO-Mask,NO-Safety Vest,Person"
2026-02-09T23:23:27,False,"helmet,vest","NO-Hardhat,NO-Mask,NO-Safety Vest,Person"
2026-02-09T23:24:39,False,"helmet,vest","NO-Hardhat,NO-Mask,Person"
2026-02-09T23:24:39,False,"helmet,vest","NO-Hardhat,NO-Mask,NO-Safety Vest,Person"
2026-02-09T23:24:40,False,"helmet,vest","Mask,NO-Hardhat,NO-Mask,NO-Safety Vest,Person"
2026-02-09T23:24:40,False,"helmet,vest","Mask,NO-Hardhat,Person"
2026-02-09T23:24:40,False,"helmet,vest","Mask,NO-Hardhat,Person"
2026-02-09T23:24:40,False,"helmet,vest","Mask,NO-Hardhat,Person"
2026-02-09T23:24:40,False,"helmet,vest","Mask,NO-Hardhat,NO-Mask,NO-Safety Vest,Person"
2026-02-09T23:24:40,False,"helmet,vest","Mask,NO-Hardhat,NO-Safety Vest,Person"
2026-02-09T23:24:40,False,"helmet,vest","Mask,NO-Hardhat,Person"
2026-02-09T23:24:40,False,"helmet,vest","Mask,NO-Hardhat,Person"
2026-02-09T23:24:40,False,"helmet,vest","Mask,NO-Hardhat,Person"
2026-02-09T23:24:40,False,"helmet,vest","Mask,NO-Hardhat,Person"
2026-02-09T23:24:41,False,"helmet,vest","Mask,NO-Hardhat,Person"
2026-02-09T23:24:41,False,"helmet,vest","Mask,NO-Hardhat,Person"
2026-02-09T23:24:41,False,"helmet,vest","Mask,NO-Hardhat,Person"
2026-02-09T23:24:41,False,"helmet,vest","Mask,NO-Hardhat,NO-Safety Vest,Person"
2026-02-09T23:24:41,False,"helmet,vest","Mask,NO-Hardhat,NO-Mask,NO-Safety Vest,Person"
2026-02-09T23:24:41,False,"helmet,vest","Mask,NO-Hardhat,NO-Mask,NO-Safety Vest,Person"
2026-02-09T23:24:41,False,"helmet,vest","Mask,NO-Hardhat,NO-Mask,NO-Safety Vest,Person"
2026-02-09T23:24:41,False,"helmet,vest","Mask,NO-Hardhat,NO-Mask,NO-Safety Vest,Person"
2026-02-09T23:24:41,False,"helmet,vest","Mask,NO-Hardhat,NO-Mask,NO-Safety Vest,Person"
2026-02-09T23:24:41,False,"helmet,vest","Mask,NO-Hardhat,NO-Mask,NO-Safety Vest,Person"
2026-02-09T23:24:41,False,"helmet,vest","Mask,NO-Hardhat,NO-Mask,Person"
2026-02-09T23:24:41,False,"helmet,vest","NO-Hardhat,NO-Mask,NO-Safety Vest,Person"
2026-02-09T23:24:41,False,"helmet,vest","NO-Hardhat,NO-Mask,NO-Safety Vest,Person"
2026-02-09T23:24:41,False,"helmet,vest","Mask,NO-Hardhat,NO-Mask,NO-Safety Vest,Person"
2026-02-09T23:24:42,False,"helmet,vest","Mask,NO-Hardhat,NO-Mask,NO-Safety Vest,Person"
2026-02-09T23:24:42,False,"helmet,vest","Mask,NO-Hardhat,NO-Mask,NO-Safety Vest,Person,Safety Cone"
2026-02-09T23:24:42,False,"helmet,vest","Mask,NO-Hardhat,Person"
2026-02-09T23:24:42,False,"helmet,vest","Mask,NO-Hardhat,NO-Mask,NO-Safety Vest,Person"
2026-02-09T23:24:42,False,"helmet,vest","Mask,NO-Hardhat,Person"
2026-02-09T23:24:42,False,"helmet,vest","Mask,NO-Hardhat,NO-Mask,Person"
2026-02-09T23:24:42,False,"helmet,vest","Mask,NO-Hardhat,NO-Safety Vest,Person"
2026-02-09T23:24:42,False,"helmet,vest","Mask,NO-Hardhat,NO-Safety Vest,Person"
2026-02-09T23:24:42,False,"helmet,vest","Mask,NO-Hardhat,Person"
2026-02-09T23:24:42,False,"helmet,vest","Mask,NO-Hardhat,Person"
2026-02-09T23:24:42,False,"helmet,vest","Mask,NO-Hardhat,Person"
2026-02-09T23:24:42,False,"helmet,vest","Mask,NO-Hardhat,Person"
2026-02-09T23:24:42,False,"helmet,vest","Mask,NO-Hardhat,Person"
2026-02-09T23:24:43,False,"helmet,vest","Mask,NO-Hardhat,Person"
2026-02-09T23:24:43,False,"helmet,vest","Mask,NO-Hardhat,Person"
2026-02-09T23:24:43,False,"helmet,vest","Mask,NO-Hardhat,Person"
2026-02-09T23:24:43,False,"helmet,vest","Mask,NO-Hardhat,Person,Safety Cone"
2026-02-09T23:24:43,False,"helmet,vest","Mask,NO-Hardhat,Person,Safety Cone"
2026-02-09T23:24:43,False,"helmet,vest","Mask,NO-Hardhat,Person"
2026-02-09T23:24:43,False,"helmet,vest","Mask,NO-Hardhat,Person"
2026-02-09T23:24:43,False,"helmet,vest","Mask,NO-Hardhat,Person"
2026-02-09T23:24:43,False,"helmet,vest","Mask,NO-Hardhat,Person"
2026-02-09T23:24:43,False,"helmet,vest","Mask,NO-Hardhat,Person"
2026-02-09T23:24:43,False,"helmet,vest","Mask,NO-Hardhat,Person"
2026-02-09T23:24:43,False,"helmet,vest","Mask,NO-Hardhat,Person"
2026-02-09T23:24:43,False,"helmet,vest","Mask,NO-Hardhat,Person,Safety Cone"
2026-02-09T23:24:43,False,"helmet,vest","Mask,NO-Hardhat,Person"
2026-02-09T23:24:43,False,"helmet,vest","Mask,NO-Hardhat,Person"
2026-02-09T23:24:44,False,"helmet,vest","Mask,NO-Hardhat,Person"
2026-02-09T23:24:44,False,"helmet,vest","Mask,NO-Hardhat,Person"
2026-02-09T23:24:44,False,"helmet,vest","Mask,NO-Hardhat,NO-Safety Vest,Person"
2026-02-09T23:24:44,False,"helmet,vest","Mask,NO-Hardhat,NO-Safety Vest,Person"
2026-02-09T23:24:44,False,"helmet,vest","Mask,NO-Hardhat,NO-Safety Vest,Person"
2026-02-09T23:24:44,False,"helmet,vest","Mask,NO-Hardhat,Person"
2026-02-09T23:24:44,False,"helmet,vest","Mask,NO-Hardhat,Person"
2026-02-09T23:24:44,False,"helmet,vest","Mask,NO-Hardhat,Person"
2026-02-09T23:24:44,False,"helmet,vest","Mask,NO-Hardhat,Person"
2026-02-09T23:24:44,False,"helmet,vest","Mask,NO-Hardhat,Person"
2026-02-09T23:24:44,False,"helmet,vest","Mask,NO-Hardhat,Person"
2026-02-09T23:24:44,False,"helmet,vest","Mask,NO-Hardhat,Person"
2026-02-09T23:24:44,False,"helmet,vest","Mask,NO-Hardhat,NO-Mask,Person"
2026-02-09T23:24:44,False,"helmet,vest","Mask,NO-Hardhat,NO-Mask,NO-Safety Vest,Person,Safety Cone"
2026-02-09T23:24:44,False,"helmet,vest","Mask,NO-Hardhat,NO-Safety Vest,Person,Safety Cone"
2026-02-09T23:24:45,False,"helmet,vest","NO-Hardhat,Person,Safety Cone"
2026-02-09T23:24:45,False,"helmet,vest","NO-Hardhat,NO-Safety Vest,Person,Safety Cone"
2026-02-09T23:24:45,False,"helmet,vest","NO-Hardhat,NO-Safety Vest,Person,Safety Cone"
2026-02-09T23:24:45,False,"helmet,vest","NO-Hardhat,NO-Safety Vest,Person"
2026-02-09T23:24:45,False,"helmet,vest","NO-Hardhat,Person"
2026-02-09T23:24:45,False,"helmet,vest","Mask,NO-Hardhat,Person"
2026-02-09T23:24:45,False,"helmet,vest","NO-Hardhat,NO-Safety Vest,Person,Safety Cone"
2026-02-09T23:24:45,False,"helmet,vest","Mask,NO-Hardhat,NO-Safety Vest,Person,Safety Cone"
2026-02-09T23:24:45,False,"helmet,vest","Mask,NO-Hardhat,NO-Safety Vest,Person,Safety Cone"
2026-02-09T23:24:45,False,"helmet,vest","NO-Hardhat,NO-Safety Vest,Person"
2026-02-09T23:24:45,False,"helmet,vest","NO-Hardhat,NO-Safety Vest,Person,Safety Cone"
2026-02-09T23:24:45,False,"helmet,vest","NO-Hardhat,NO-Mask,NO-Safety Vest,Person"
2026-02-09T23:24:45,False,"helmet,vest","NO-Hardhat,NO-Mask,NO-Safety Vest,Person"
2026-02-09T23:24:45,False,"helmet,vest","NO-Hardhat,NO-Safety Vest,Person"
2026-02-09T23:24:45,False,"helmet,vest","NO-Hardhat,NO-Mask,NO-Safety Vest,Person"
2026-02-09T23:24:46,False,"helmet,vest","NO-Hardhat,NO-Mask,NO-Safety Vest,Person"
2026-02-09T23:24:46,False,"helmet,vest","NO-Hardhat,NO-Mask,NO-Safety Vest,Person"
2026-02-09T23:24:46,False,"helmet,vest","NO-Hardhat,NO-Mask,NO-Safety Vest,Person"
2026-02-09T23:24:46,False,"helmet,vest","NO-Hardhat,NO-Mask,NO-Safety Vest,Person"
2026-02-09T23:24:46,False,"helmet,vest","NO-Hardhat,NO-Mask,NO-Safety Vest,Person"
2026-02-09T23:24:46,False,"helmet,vest","NO-Hardhat,NO-Mask,NO-Safety Vest,Person"
2026-02-09T23:24:46,False,"helmet,vest","NO-Hardhat,NO-Mask,NO-Safety Vest,Person"
2026-02-09T23:24:46,False,"helmet,vest","NO-Hardhat,NO-Mask,NO-Safety Vest,Person"
2026-02-09T23:24:46,False,"helmet,vest","NO-Hardhat,NO-Mask,NO-Safety Vest,Person"
2026-02-09T23:24:46,False,"helmet,vest","NO-Hardhat,NO-Mask,NO-Safety Vest,Person"
2026-02-09T23:24:46,False,"helmet,vest","NO-Hardhat,NO-Mask,NO-Safety Vest,Person"
2026-02-09T23:24:46,False,"helmet,vest","NO-Hardhat,NO-Mask,NO-Safety Vest,Person"
2026-02-09T23:24:46,False,"helmet,vest","NO-Hardhat,NO-Mask,NO-Safety Vest,Person"
2026-02-09T23:24:46,False,"helmet,vest","NO-Hardhat,NO-Mask,NO-Safety Vest,Person"
2026-02-09T23:24:46,False,"helmet,vest","NO-Hardhat,NO-Mask,NO-Safety Vest,Person"
2026-02-09T23:24:47,False,"helmet,vest","NO-Hardhat,NO-Mask,NO-Safety Vest,Person"
2026-02-09T23:24:47,False,"helmet,vest","NO-Hardhat,NO-Mask,NO-Safety Vest,Person"
2026-02-09T23:24:47,False,"helmet,vest","NO-Hardhat,NO-Mask,NO-Safety Vest,Person"
2026-02-09T23:24:47,False,"helmet,vest","NO-Hardhat,NO-Mask,NO-Safety Vest,Person"
2026-02-09T23:24:47,False,"helmet,vest","NO-Hardhat,NO-Mask,NO-Safety Vest,Person"
2026-02-09T23:24:47,False,"helmet,vest","NO-Hardhat,NO-Mask,NO-Safety Vest,Person"
2026-02-09T23:24:47,False,"helmet,vest","NO-Hardhat,NO-Mask,NO-Safety Vest,Person"
2026-02-09T23:24:47,False,"helmet,vest","NO-Hardhat,NO-Mask,NO-Safety Vest,Person"
2026-02-09T23:24:47,False,"helmet,vest","NO-Hardhat,NO-Mask,NO-Safety Vest,Person"
2026-02-09T23:24:47,False,"helmet,vest","NO-Hardhat,NO-Mask,NO-Safety Vest,Person"
2026-02-09T23:24:47,False,"helmet,vest","NO-Hardhat,NO-Mask,NO-Safety Vest,Person"
2026-02-09T23:24:47,False,"helmet,vest","NO-Hardhat,NO-Mask,NO-Safety Vest,Person"
2026-02-09T23:24:47,False,"helmet,vest","NO-Hardhat,NO-Mask,NO-Safety Vest,Person"
2026-02-09T23:24:48,False,"helmet,vest","NO-Hardhat,NO-Mask,NO-Safety Vest,Person"
2026-02-09T23:24:48,False,"helmet,vest","NO-Hardhat,NO-Mask,NO-Safety Vest,Person"
2026-02-09T23:24:48,False,"helmet,vest","NO-Hardhat,NO-Mask,NO-Safety Vest,Person"
2026-02-09T23:24:48,False,"helmet,vest","NO-Hardhat,NO-Mask,NO-Safety Vest,Person"
2026-02-09T23:24:48,False,"helmet,vest","NO-Hardhat,NO-Mask,NO-Safety Vest,Person"
2026-02-09T23:24:48,False,"helmet,vest","NO-Hardhat,NO-Mask,NO-Safety Vest,Person"
2026-02-09T23:24:48,False,"helmet,vest","NO-Hardhat,NO-Mask,NO-Safety Vest,Person"
2026-02-09T23:24:48,False,"helmet,vest","NO-Hardhat,NO-Mask,NO-Safety Vest,Person"
2026-02-09T23:24:48,False,"helmet,vest","NO-Hardhat,NO-Mask,NO-Safety Vest,Person"
2026-02-09T23:24:48,False,"helmet,vest","NO-Hardhat,NO-Mask,NO-Safety Vest,Person"
2026-02-09T23:24:48,False,"helmet,vest","NO-Hardhat,NO-Mask,NO-Safety Vest,Person"
2026-02-09T23:24:48,False,"helmet,vest","NO-Hardhat,NO-Mask,NO-Safety Vest,Person"
2026-02-09T23:24:48,False,"helmet,vest","NO-Hardhat,NO-Mask,NO-Safety Vest,Person"
2026-02-09T23:24:48,False,"helmet,vest","NO-Hardhat,NO-Mask,NO-Safety Vest,Person"
2026-02-09T23:24:49,False,"helmet,vest","NO-Hardhat,NO-Mask,NO-Safety Vest,Person"
2026-02-09T23:24:49,False,"helmet,vest","NO-Hardhat,NO-Mask,NO-Safety Vest,Person"
2026-02-09T23:24:49,False,"helmet,vest","NO-Hardhat,NO-Mask,NO-Safety Vest,Person"
2026-02-09T23:24:49,False,"helmet,vest","NO-Hardhat,NO-Mask,NO-Safety Vest,Person"
2026-02-09T23:24:49,False,"helmet,vest","NO-Hardhat,NO-Mask,NO-Safety Vest,Person"
2026-02-09T23:24:49,False,"helmet,vest","NO-Hardhat,NO-Mask,NO-Safety Vest,Person"
2026-02-09T23:24:49,False,"helmet,vest","NO-Hardhat,NO-Mask,NO-Safety Vest,Person"
2026-02-09T23:24:49,False,"helmet,vest","NO-Hardhat,NO-Mask,NO-Safety Vest,Person"
2026-02-09T23:24:49,False,"helmet,vest","NO-Hardhat,NO-Mask,NO-Safety Vest,Person"
2026-02-09T23:24:49,False,"helmet,vest","NO-Hardhat,NO-Mask,NO-Safety Vest,Person"
2026-02-09T23:24:49,False,"helmet,vest","NO-Hardhat,NO-Mask,NO-Safety Vest,Person"
2026-02-09T23:24:49,False,"helmet,vest","NO-Hardhat,NO-Mask,NO-Safety Vest,Person"
2026-02-09T23:24:49,False,"helmet,vest","NO-Hardhat,NO-Mask,NO-Safety Vest,Person"
2026-02-09T23:24:49,False,"helmet,vest","NO-Hardhat,NO-Mask,NO-Safety Vest,Person"
2026-02-09T23:24:49,False,"helmet,vest","NO-Hardhat,NO-Mask,NO-Safety Vest,Person"
2026-02-09T23:24:50,False,"helmet,vest","NO-Hardhat,NO-Mask,Person"
2026-02-09T23:24:50,False,"helmet,vest","NO-Hardhat,NO-Mask,NO-Safety Vest,Person"
2026-02-09T23:24:50,False,"helmet,vest","NO-Hardhat,NO-Mask,NO-Safety Vest,Person"
2026-02-09T23:24:50,False,"helmet,vest","NO-Hardhat,NO-Mask,NO-Safety Vest,Person"
2026-02-09T23:24:50,False,"helmet,vest","NO-Hardhat,NO-Mask,NO-Safety Vest,Person"
2026-02-09T23:24:50,False,"helmet,vest","NO-Hardhat,NO-Mask,NO-Safety Vest,Person"
2026-02-09T23:24:50,False,"helmet,vest","NO-Hardhat,NO-Mask,NO-Safety Vest,Person"
2026-02-09T23:24:50,False,"helmet,vest","NO-Hardhat,NO-Mask,NO-Safety Vest,Person"
2026-02-09T23:24:50,False,"helmet,vest","Hardhat,NO-Hardhat,NO-Mask,NO-Safety Vest,Person"
2026-02-09T23:24:50,False,"helmet,vest","NO-Hardhat,NO-Mask,NO-Safety Vest,Person"
2026-02-09T23:24:50,False,"helmet,vest","NO-Hardhat,NO-Mask,NO-Safety Vest,Person"
2026-02-09T23:24:50,False,"helmet,vest","NO-Hardhat,NO-Mask,NO-Safety Vest,Person"
2026-02-09T23:24:50,False,"helmet,vest","NO-Hardhat,NO-Mask,NO-Safety Vest,Person"
2026-02-09T23:24:50,False,"helmet,vest","NO-Hardhat,NO-Mask,NO-Safety Vest,Person"
2026-02-09T23:24:50,False,"helmet,vest","NO-Hardhat,NO-Mask,NO-Safety Vest,Person"
2026-02-09T23:24:51,False,"helmet,vest","NO-Hardhat,NO-Mask,NO-Safety Vest,Person"
2026-02-09T23:24:51,False,"helmet,vest","NO-Hardhat,NO-Mask,NO-Safety Vest,Person"
2026-02-09T23:24:51,False,"helmet,vest","NO-Hardhat,NO-Mask,NO-Safety Vest,Person"
2026-02-09T23:24:51,False,"helmet,vest","NO-Hardhat,NO-Mask,NO-Safety Vest,Person"
2026-02-09T23:24:51,False,"helmet,vest","NO-Hardhat,NO-Mask,NO-Safety Vest,Person"
2026-02-09T23:24:51,False,"helmet,vest","NO-Hardhat,NO-Mask,NO-Safety Vest,Person"
2026-02-09T23:24:51,False,"helmet,vest","NO-Hardhat,NO-Mask,NO-Safety Vest,Person"
2026-02-09T23:24:51,False,"helmet,vest","NO-Hardhat,NO-Mask,NO-Safety Vest,Person"
2026-02-09T23:24:51,False,"helmet,vest","NO-Hardhat,NO-Mask,NO-Safety Vest,Person"
2026-02-09T23:24:51,False,"helmet,vest","NO-Hardhat,NO-Mask,NO-Safety Vest,Person"
2026-02-09T23:24:51,False,"helmet,vest","NO-Hardhat,NO-Mask,NO-Safety Vest,Person"
2026-02-09T23:24:51,False,"helmet,vest","NO-Hardhat,NO-Mask,NO-Safety Vest,Person"
2026-02-09T23:24:51,False,"helmet,vest","NO-Hardhat,NO-Mask,NO-Safety Vest,Person"
2026-02-09T23:24:51,False,"helmet,vest","NO-Hardhat,NO-Mask,NO-Safety Vest,Person"
2026-02-09T23:24:51,False,"helmet,vest","NO-Hardhat,NO-Mask,NO-Safety Vest,Person"
2026-02-09T23:24:52,False,"helmet,vest","NO-Hardhat,NO-Mask,NO-Safety Vest,Person"
2026-02-09T23:24:52,False,"helmet,vest","NO-Hardhat,NO-Mask,NO-Safety Vest,Person"
2026-02-09T23:24:52,False,"helmet,vest","NO-Hardhat,NO-Mask,NO-Safety Vest,Person"
2026-02-09T23:24:52,False,"helmet,vest","NO-Hardhat,NO-Mask,NO-Safety Vest,Person"
2026-02-09T23:24:52,False,"helmet,vest","NO-Hardhat,NO-Mask,NO-Safety Vest,Person"
2026-02-09T23:24:52,False,"helmet,vest","NO-Hardhat,NO-Mask,NO-Safety Vest,Person"
2026-02-09T23:24:52,False,"helmet,vest","NO-Hardhat,NO-Mask,NO-Safety Vest,Person"
2026-02-09T23:24:52,False,"helmet,vest","NO-Hardhat,NO-Mask,NO-Safety Vest,Person"
2026-02-09T23:24:52,False,"helmet,vest","NO-Hardhat,NO-Mask,NO-Safety Vest,Person"
2026-02-09T23:24:52,False,"helmet,vest","NO-Hardhat,NO-Mask,NO-Safety Vest,Person"
2026-02-09T23:24:52,False,"helmet,vest","NO-Hardhat,NO-Mask,NO-Safety Vest,Person"
2026-02-09T23:24:52,False,"helmet,vest","NO-Hardhat,NO-Mask,NO-Safety Vest,Person"
2026-02-09T23:24:52,False,"helmet,vest","NO-Hardhat,NO-Mask,NO-Safety Vest,Person"
2026-02-09T23:24:52,False,"helmet,vest","NO-Hardhat,NO-Mask,NO-Safety Vest,Person"
2026-02-09T23:24:52,False,"helmet,vest","NO-Hardhat,NO-Mask,NO-Safety Vest,Person"
2026-02-09T23:24:53,False,"helmet,vest","NO-Hardhat,NO-Mask,NO-Safety Vest,Person"
2026-02-09T23:24:53,False,"helmet,vest","NO-Hardhat,NO-Mask,NO-Safety Vest,Person"
2026-02-09T23:24:53,False,"helmet,vest","NO-Hardhat,NO-Mask,NO-Safety Vest,Person"
2026-02-09T23:24:53,False,"helmet,vest","NO-Hardhat,NO-Mask,NO-Safety Vest,Person"
2026-02-09T23:24:53,False,"helmet,vest","NO-Hardhat,NO-Mask,NO-Safety Vest,Person"
2026-02-09T23:24:53,False,"helmet,vest","NO-Hardhat,NO-Mask,NO-Safety Vest,Person"
2026-02-09T23:24:53,False,"helmet,vest","NO-Hardhat,NO-Mask,NO-Safety Vest,Person"
2026-02-09T23:24:53,False,"helmet,vest","NO-Hardhat,NO-Mask,NO-Safety Vest,Person"
2026-02-09T23:24:53,False,"helmet,vest","NO-Hardhat,NO-Mask,NO-Safety Vest,Person"
2026-02-09T23:24:53,False,"helmet,vest","NO-Hardhat,NO-Mask,NO-Safety Vest,Person"
2026-02-09T23:24:53,False,"helmet,vest","NO-Hardhat,NO-Mask,NO-Safety Vest,Person"
2026-02-09T23:24:53,False,"helmet,vest","NO-Hardhat,NO-Mask,NO-Safety Vest,Person"
2026-02-09T23:24:53,False,"helmet,vest","NO-Hardhat,NO-Mask,NO-Safety Vest,Person"
2026-02-09T23:24:53,False,"helmet,vest","NO-Hardhat,NO-Mask,NO-Safety Vest,Person"
2026-02-09T23:24:53,False,"helmet,vest","NO-Hardhat,NO-Mask,NO-Safety Vest,Person"
2026-02-09T23:24:54,False,"helmet,vest","NO-Hardhat,NO-Mask,NO-Safety Vest,Person"
2026-02-09T23:24:54,False,"helmet,vest","NO-Hardhat,NO-Mask,NO-Safety Vest,Person"
2026-02-09T23:24:54,False,"helmet,vest","NO-Hardhat,NO-Mask,NO-Safety Vest,Person"
2026-02-09T23:24:54,False,"helmet,vest","NO-Hardhat,NO-Mask,NO-Safety Vest,Person"
2026-02-09T23:24:54,False,"helmet,vest","NO-Hardhat,NO-Mask,NO-Safety Vest,Person"
2026-02-09T23:24:54,False,"helmet,vest","NO-Hardhat,NO-Mask,NO-Safety Vest,Person"
2026-02-09T23:24:54,False,"helmet,vest","NO-Hardhat,NO-Mask,NO-Safety Vest,Person"
2026-02-09T23:24:54,False,"helmet,vest","NO-Hardhat,NO-Mask,NO-Safety Vest,Person"
2026-02-09T23:24:54,False,"helmet,vest","NO-Hardhat,NO-Mask,NO-Safety Vest,Person"
2026-02-09T23:24:54,False,"helmet,vest","NO-Hardhat,NO-Mask,NO-Safety Vest,Person"
2026-02-09T23:24:54,False,"helmet,vest","NO-Hardhat,NO-Mask,NO-Safety Vest,Person"
2026-02-09T23:24:54,False,"helmet,vest","NO-Hardhat,NO-Mask,NO-Safety Vest,Person"
2026-02-09T23:24:54,False,"helmet,vest","NO-Hardhat,NO-Mask,NO-Safety Vest,Person"
2026-02-09T23:24:54,False,"helmet,vest","NO-Hardhat,NO-Mask,NO-Safety Vest,Person"
2026-02-09T23:24:55,False,"helmet,vest","NO-Hardhat,NO-Mask,NO-Safety Vest,Person"
2026-02-09T23:24:55,False,"helmet,vest","NO-Hardhat,NO-Mask,NO-Safety Vest,Person"
2026-02-09T23:24:55,False,"helmet,vest","NO-Hardhat,NO-Mask,NO-Safety Vest,Person"
2026-02-09T23:24:55,False,"helmet,vest","NO-Hardhat,NO-Mask,NO-Safety Vest,Person"
2026-02-09T23:24:55,False,"helmet,vest","NO-Hardhat,NO-Mask,NO-Safety Vest,Person"
2026-02-09T23:24:55,False,"helmet,vest","NO-Hardhat,NO-Mask,NO-Safety Vest,Person"
2026-02-09T23:24:55,False,"helmet,vest","NO-Hardhat,NO-Mask,NO-Safety Vest,Person"
2026-02-09T23:24:55,False,"helmet,vest","NO-Hardhat,NO-Mask,NO-Safety Vest,Person"
2026-02-09T23:24:55,False,"helmet,vest","NO-Hardhat,NO-Mask,NO-Safety Vest,Person"
2026-02-09T23:24:55,False,"helmet,vest","NO-Hardhat,NO-Mask,NO-Safety Vest,Person"
2026-02-09T23:24:55,False,"helmet,vest","NO-Hardhat,NO-Mask,NO-Safety Vest,Person"
2026-02-09T23:24:55,False,"helmet,vest","NO-Hardhat,NO-Mask,NO-Safety Vest,Person"
2026-02-09T23:24:55,False,"helmet,vest","NO-Hardhat,NO-Mask,NO-Safety Vest,Person"
2026-02-09T23:24:55,False,"helmet,vest","NO-Hardhat,NO-Mask,NO-Safety Vest,Person"
2026-02-09T23:24:55,False,"helmet,vest","NO-Hardhat,NO-Mask,NO-Safety Vest,Person"
2026-02-09T23:24:56,False,"helmet,vest","NO-Hardhat,NO-Mask,NO-Safety Vest,Person"
2026-02-09T23:24:56,False,"helmet,vest","NO-Hardhat,NO-Mask,NO-Safety Vest,Person"
2026-02-09T23:24:56,False,"helmet,vest","NO-Hardhat,NO-Mask,NO-Safety Vest,Person"
2026-02-09T23:24:56,False,"helmet,vest","NO-Hardhat,NO-Mask,NO-Safety Vest,Person"
2026-02-09T23:24:56,False,"helmet,vest","NO-Hardhat,NO-Mask,NO-Safety Vest,Person"
2026-02-09T23:24:56,False,"helmet,vest","NO-Hardhat,NO-Mask,NO-Safety Vest,Person"
2026-02-09T23:24:56,False,"helmet,vest","NO-Hardhat,NO-Mask,NO-Safety Vest,Person"
2026-02-09T23:24:56,False,"helmet,vest","NO-Hardhat,NO-Mask,NO-Safety Vest,Person"
2026-02-09T23:24:56,False,"helmet,vest","NO-Hardhat,NO-Mask,NO-Safety Vest,Person"
2026-02-09T23:24:56,False,"helmet,vest","NO-Hardhat,NO-Mask,NO-Safety Vest,Person"
2026-02-09T23:24:56,False,"helmet,vest","NO-Hardhat,NO-Mask,NO-Safety Vest,Person"
2026-02-09T23:24:56,False,"helmet,vest","NO-Hardhat,NO-Mask,NO-Safety Vest,Person"
2026-02-09T23:24:56,False,"helmet,vest","NO-Hardhat,NO-Mask,NO-Safety Vest,Person"
2026-02-09T23:24:56,False,"helmet,vest","NO-Hardhat,NO-Mask,NO-Safety Vest,Person"
2026-02-09T23:24:56,False,"helmet,vest","NO-Hardhat,NO-Mask,NO-Safety Vest,Person"
2026-02-09T23:24:57,False,"helmet,vest","NO-Hardhat,NO-Mask,NO-Safety Vest,Person"
2026-02-09T23:24:57,False,"helmet,vest","NO-Hardhat,NO-Mask,NO-Safety Vest,Person"
2026-02-09T23:24:57,False,"helmet,vest","NO-Hardhat,NO-Mask,NO-Safety Vest,Person"
2026-02-09T23:24:57,False,"helmet,vest","NO-Hardhat,NO-Mask,NO-Safety Vest,Person"
2026-02-09T23:24:57,False,"helmet,vest","NO-Hardhat,NO-Mask,NO-Safety Vest,Person"
2026-02-09T23:24:57,False,"helmet,vest","NO-Hardhat,NO-Mask,NO-Safety Vest,Person"
2026-02-09T23:24:57,False,"helmet,vest","NO-Hardhat,NO-Mask,NO-Safety Vest,Person"
2026-02-09T23:24:57,False,"helmet,vest","NO-Hardhat,NO-Mask,NO-Safety Vest,Person"
2026-02-09T23:24:57,False,"helmet,vest","NO-Hardhat,NO-Mask,NO-Safety Vest,Person"
2026-02-09T23:24:57,False,"helmet,vest","NO-Hardhat,NO-Mask,NO-Safety Vest,Person"
2026-02-09T23:24:57,False,"helmet,vest","NO-Hardhat,NO-Mask,NO-Safety Vest,Person"
2026-02-09T23:24:57,False,"helmet,vest","NO-Hardhat,NO-Mask,NO-Safety Vest,Person"
2026-02-09T23:24:57,False,"helmet,vest","NO-Hardhat,NO-Mask,NO-Safety Vest,Person"
2026-02-09T23:24:57,False,"helmet,vest","NO-Hardhat,NO-Mask,NO-Safety Vest,Person"
2026-02-09T23:24:57,False,"helmet,vest","NO-Hardhat,NO-Mask,NO-Safety Vest,Person"
2026-02-09T23:24:58,False,"helmet,vest","NO-Hardhat,NO-Mask,NO-Safety Vest,Person"
2026-02-09T23:24:58,False,"helmet,vest","NO-Hardhat,NO-Mask,NO-Safety Vest,Person"
2026-02-09T23:24:58,False,"helmet,vest","NO-Hardhat,NO-Mask,NO-Safety Vest,Person"
2026-02-09T23:24:58,False,"helmet,vest","NO-Hardhat,NO-Mask,NO-Safety Vest,Person"
2026-02-09T23:24:58,False,"helmet,vest","NO-Hardhat,NO-Mask,NO-Safety Vest,Person"
2026-02-09T23:24:58,False,"helmet,vest","NO-Hardhat,NO-Mask,NO-Safety Vest,Person"
2026-02-09T23:24:58,False,"helmet,vest","NO-Hardhat,NO-Mask,NO-Safety Vest,Person"
2026-02-09T23:24:58,False,"helmet,vest","NO-Hardhat,NO-Mask,NO-Safety Vest,Person"
2026-02-09T23:24:58,False,"helmet,vest","NO-Hardhat,NO-Mask,NO-Safety Vest,Person"
2026-02-09T23:24:58,False,"helmet,vest","NO-Hardhat,NO-Mask,NO-Safety Vest,Person"
2026-02-09T23:24:58,False,"helmet,vest","NO-Hardhat,NO-Mask,NO-Safety Vest,Person"
2026-02-09T23:24:58,False,"helmet,vest","NO-Hardhat,NO-Mask,NO-Safety Vest,Person"
2026-02-09T23:24:58,False,"helmet,vest","NO-Hardhat,NO-Mask,NO-Safety Vest,Person"
2026-02-09T23:24:58,False,"helmet,vest","NO-Hardhat,NO-Mask,NO-Safety Vest,Person"
2026-02-09T23:24:58,False,"helmet,vest","NO-Hardhat,NO-Mask,NO-Safety Vest,Person"
2026-02-09T23:24:59,False,"helmet,vest","NO-Hardhat,NO-Mask,NO-Safety Vest,Person"
2026-02-09T23:24:59,False,"helmet,vest","NO-Hardhat,NO-Mask,NO-Safety Vest,Person"
2026-02-09T23:24:59,False,"helmet,vest","NO-Hardhat,NO-Mask,NO-Safety Vest,Person"
2026-02-09T23:24:59,False,"helmet,vest","NO-Hardhat,NO-Mask,NO-Safety Vest,Person"
2026-02-09T23:24:59,False,"helmet,vest","NO-Hardhat,NO-Mask,NO-Safety Vest,Person"
2026-02-09T23:24:59,False,"helmet,vest","NO-Hardhat,NO-Mask,NO-Safety Vest,Person"
2026-02-09T23:24:59,False,"helmet,vest","NO-Hardhat,NO-Mask,NO-Safety Vest,Person"
2026-02-09T23:24:59,False,"helmet,vest","NO-Hardhat,NO-Mask,NO-Safety Vest,Person"
2026-02-09T23:24:59,False,"helmet,vest","NO-Hardhat,NO-Mask,NO-Safety Vest,Person"
2026-02-09T23:24:59,False,"helmet,vest","NO-Hardhat,NO-Mask,NO-Safety Vest,Person"
2026-02-09T23:24:59,False,"helmet,vest","NO-Hardhat,NO-Mask,NO-Safety Vest,Person"
2026-02-09T23:24:59,False,"helmet,vest","NO-Hardhat,NO-Mask,NO-Safety Vest,Person"
2026-02-09T23:24:59,False,"helmet,vest","NO-Hardhat,NO-Mask,NO-Safety Vest,Person"
2026-02-09T23:24:59,False,"helmet,vest","NO-Hardhat,NO-Mask,NO-Safety Vest,Person"
2026-02-09T23:24:59,False,"helmet,vest","NO-Hardhat,NO-Mask,NO-Safety Vest,Person"
2026-02-09T23:25:00,False,"helmet,vest","NO-Hardhat,NO-Mask,NO-Safety Vest,Person"
2026-02-09T23:25:00,False,"helmet,vest","NO-Hardhat,NO-Mask,NO-Safety Vest,Person"
2026-02-09T23:25:00,False,"helmet,vest","NO-Hardhat,NO-Mask,NO-Safety Vest,Person"
2026-02-09T23:25:00,False,"helmet,vest","NO-Hardhat,NO-Mask,NO-Safety Vest,Person"
2026-02-09T23:25:00,False,"helmet,vest","NO-Hardhat,NO-Mask,NO-Safety Vest,Person"
2026-02-09T23:25:00,False,"helmet,vest","NO-Hardhat,NO-Mask,NO-Safety Vest,Person"
2026-02-09T23:25:00,False,"helmet,vest","NO-Hardhat,NO-Mask,NO-Safety Vest,Person"
2026-02-09T23:25:00,False,"helmet,vest","NO-Hardhat,NO-Mask,NO-Safety Vest,Person"
2026-02-09T23:25:00,False,"helmet,vest","NO-Hardhat,NO-Mask,NO-Safety Vest,Person"
2026-02-09T23:25:00,False,"helmet,vest","NO-Hardhat,NO-Mask,NO-Safety Vest,Person"
2026-02-09T23:25:00,False,"helmet,vest","NO-Hardhat,NO-Mask,NO-Safety Vest,Person"
2026-02-09T23:25:00,False,"helmet,vest","NO-Hardhat,NO-Mask,NO-Safety Vest,Person"
2026-02-09T23:25:00,False,"helmet,vest","NO-Hardhat,NO-Mask,NO-Safety Vest,Person"
2026-02-09T23:25:00,False,"helmet,vest","NO-Hardhat,NO-Mask,NO-Safety Vest,Person"
2026-02-09T23:25:00,False,"helmet,vest","NO-Hardhat,NO-Mask,NO-Safety Vest,Person"
2026-02-09T23:25:01,False,"helmet,vest","NO-Hardhat,NO-Mask,NO-Safety Vest,Person"
2026-02-09T23:25:01,False,"helmet,vest","NO-Hardhat,NO-Mask,NO-Safety Vest,Person"
2026-02-09T23:25:01,False,"helmet,vest","NO-Hardhat,NO-Mask,NO-Safety Vest,Person"
2026-02-09T23:25:01,False,"helmet,vest","NO-Hardhat,NO-Mask,NO-Safety Vest,Person"
2026-02-09T23:25:01,False,"helmet,vest","NO-Hardhat,NO-Mask,NO-Safety Vest,Person"
2026-02-09T23:25:01,False,"helmet,vest","NO-Hardhat,NO-Mask,NO-Safety Vest,Person"
2026-02-09T23:25:01,False,"helmet,vest","NO-Hardhat,NO-Mask,NO-Safety Vest,Person"
2026-02-09T23:25:01,False,"helmet,vest","NO-Hardhat,NO-Mask,NO-Safety Vest,Person"
2026-02-09T23:25:01,False,"helmet,vest","NO-Hardhat,NO-Mask,NO-Safety Vest,Person"
2026-02-09T23:25:01,False,"helmet,vest","NO-Hardhat,NO-Mask,NO-Safety Vest,Person"
2026-02-09T23:25:01,False,"helmet,vest","NO-Hardhat,NO-Mask,NO-Safety Vest,Person"
2026-02-09T23:25:01,False,"helmet,vest","NO-Hardhat,NO-Mask,NO-Safety Vest,Person"
2026-02-09T23:25:01,False,"helmet,vest","NO-Hardhat,NO-Mask,NO-Safety Vest,Person"
2026-02-09T23:25:01,False,"helmet,vest","NO-Hardhat,NO-Mask,NO-Safety Vest,Person"
2026-02-09T23:25:01,False,"helmet,vest","NO-Hardhat,NO-Mask,NO-Safety Vest,Person"
2026-02-09T23:25:02,False,"helmet,vest","NO-Hardhat,NO-Mask,NO-Safety Vest,Person"
2026-02-09T23:25:02,False,"helmet,vest","NO-Hardhat,NO-Mask,NO-Safety Vest,Person"
2026-02-09T23:25:02,False,"helmet,vest","NO-Hardhat,NO-Mask,NO-Safety Vest,Person"
2026-02-09T23:25:02,False,"helmet,vest","NO-Hardhat,NO-Mask,NO-Safety Vest,Person"
2026-02-09T23:25:02,False,"helmet,vest","NO-Hardhat,NO-Mask,NO-Safety Vest,Person"
2026-02-09T23:25:02,False,"helmet,vest","NO-Hardhat,NO-Mask,NO-Safety Vest,Person"
2026-02-09T23:25:02,False,"helmet,vest","NO-Hardhat,NO-Mask,NO-Safety Vest,Person"
2026-02-09T23:25:02,False,"helmet,vest","NO-Hardhat,NO-Mask,NO-Safety Vest,Person"
2026-02-09T23:25:02,False,"helmet,vest","NO-Hardhat,NO-Mask,NO-Safety Vest,Person"
2026-02-09T23:25:02,False,"helmet,vest","NO-Hardhat,NO-Mask,NO-Safety Vest,Person"
2026-02-09T23:25:02,False,"helmet,vest","NO-Hardhat,NO-Mask,NO-Safety Vest,Person"
2026-02-09T23:25:02,False,"helmet,vest","NO-Hardhat,NO-Mask,NO-Safety Vest,Person"
2026-02-09T23:25:02,False,"helmet,vest","NO-Hardhat,NO-Mask,NO-Safety Vest,Person"
2026-02-09T23:25:02,False,"helmet,vest","NO-Hardhat,NO-Mask,NO-Safety Vest,Person"
2026-02-09T23:25:02,False,"helmet,vest","NO-Hardhat,NO-Mask,NO-Safety Vest,Person"
2026-02-09T23:25:03,False,"helmet,vest","NO-Hardhat,NO-Mask,NO-Safety Vest,Person"
2026-02-09T23:25:03,False,"helmet,vest","NO-Hardhat,NO-Mask,NO-Safety Vest,Person"
2026-02-09T23:25:03,False,"helmet,vest","NO-Hardhat,NO-Mask,NO-Safety Vest,Person"
2026-02-09T23:25:03,False,"helmet,vest","NO-Hardhat,NO-Mask,NO-Safety Vest,Person"
2026-02-09T23:25:03,False,"helmet,vest","NO-Hardhat,NO-Mask,NO-Safety Vest,Person"
2026-02-09T23:25:03,False,"helmet,vest","NO-Hardhat,NO-Mask,NO-Safety Vest,Person"
2026-02-09T23:25:03,False,"helmet,vest","NO-Hardhat,NO-Mask,NO-Safety Vest,Person"
2026-02-09T23:25:03,False,"helmet,vest","NO-Hardhat,NO-Mask,NO-Safety Vest,Person"
2026-02-09T23:25:03,False,"helmet,vest","NO-Hardhat,NO-Mask,NO-Safety Vest,Person"
2026-02-09T23:25:03,False,"helmet,vest","NO-Hardhat,NO-Mask,NO-Safety Vest,Person"
2026-02-09T23:25:03,False,"helmet,vest","NO-Hardhat,NO-Mask,NO-Safety Vest,Person"
2026-02-09T23:25:03,False,"helmet,vest","NO-Hardhat,NO-Mask,NO-Safety Vest,Person"
2026-02-09T23:25:03,False,"helmet,vest","NO-Hardhat,NO-Mask,NO-Safety Vest,Person"
2026-02-09T23:25:03,False,"helmet,vest","NO-Hardhat,NO-Mask,NO-Safety Vest,Person"
2026-02-09T23:25:03,False,"helmet,vest","NO-Hardhat,NO-Mask,NO-Safety Vest,Person"
2026-02-09T23:25:04,False,"helmet,vest","NO-Hardhat,NO-Mask,NO-Safety Vest,Person"
2026-02-09T23:25:04,False,"helmet,vest","NO-Hardhat,NO-Mask,NO-Safety Vest,Person"
2026-02-09T23:25:04,False,"helmet,vest","NO-Hardhat,NO-Mask,NO-Safety Vest,Person"
2026-02-09T23:25:04,False,"helmet,vest","NO-Hardhat,NO-Mask,NO-Safety Vest,Person"
2026-02-09T23:25:04,False,"helmet,vest","NO-Hardhat,NO-Mask,NO-Safety Vest,Person"
2026-02-09T23:25:04,False,"helmet,vest","NO-Hardhat,NO-Mask,NO-Safety Vest,Person"
2026-02-09T23:25:04,False,"helmet,vest","NO-Hardhat,NO-Mask,NO-Safety Vest,Person"
2026-02-09T23:25:04,False,"helmet,vest","NO-Hardhat,NO-Mask,Person"
2026-02-09T23:25:04,False,"helmet,vest","NO-Hardhat,NO-Mask,Person"
2026-02-09T23:25:04,False,"helmet,vest","NO-Hardhat,NO-Mask,Person"
2026-02-09T23:25:04,False,"helmet,vest","NO-Hardhat,NO-Mask,Person"
2026-02-09T23:25:04,False,"helmet,vest","NO-Hardhat,NO-Mask,Person"
2026-02-09T23:25:04,False,"helmet,vest","NO-Hardhat,NO-Mask,Person"
2026-02-09T23:25:04,False,"helmet,vest","NO-Hardhat,NO-Mask,Person"
2026-02-09T23:25:04,False,"helmet,vest","NO-Hardhat,NO-Mask,Person"
2026-02-09T23:25:05,False,"helmet,vest","NO-Hardhat,NO-Mask,Person"
2026-02-09T23:25:05,False,"helmet,vest","NO-Hardhat,NO-Mask,NO-Safety Vest,Person"
2026-02-09T23:25:05,False,"helmet,vest","NO-Hardhat,NO-Mask,NO-Safety Vest,Person"
2026-02-09T23:25:05,False,"helmet,vest","NO-Hardhat,NO-Mask,NO-Safety Vest,Person"
2026-02-09T23:25:05,False,"helmet,vest","NO-Hardhat,NO-Mask,Person"
2026-02-09T23:25:05,False,"helmet,vest","NO-Hardhat,NO-Mask,NO-Safety Vest,Person"
2026-02-09T23:25:05,False,"helmet,vest","NO-Hardhat,NO-Mask,NO-Safety Vest,Person"
2026-02-09T23:25:05,False,"helmet,vest","NO-Hardhat,NO-Mask,NO-Safety Vest,Person"
2026-02-09T23:25:05,False,"helmet,vest","NO-Hardhat,NO-Mask,Person"
2026-02-09T23:25:05,False,"helmet,vest","NO-Hardhat,NO-Mask,Person"
2026-02-09T23:25:05,False,"helmet,vest","NO-Hardhat,NO-Mask,NO-Safety Vest,Person"
2026-02-09T23:25:05,False,"helmet,vest","NO-Hardhat,NO-Mask,Person"
2026-02-09T23:25:05,False,"helmet,vest","NO-Hardhat,NO-Mask,Person"
2026-02-09T23:25:05,False,"helmet,vest","NO-Hardhat,NO-Mask,Person"
2026-02-09T23:25:05,False,"helmet,vest","NO-Hardhat,NO-Mask,Person"
2026-02-09T23:25:06,False,"helmet,vest","NO-Hardhat,NO-Mask,Person"
2026-02-09T23:25:06,False,"helmet,vest","NO-Hardhat,NO-Mask,Person"
2026-02-09T23:25:06,False,"helmet,vest","NO-Hardhat,NO-Mask,Person"
2026-02-09T23:25:06,False,"helmet,vest","NO-Hardhat,NO-Mask,Person"
2026-02-09T23:25:06,False,"helmet,vest","NO-Hardhat,NO-Mask,Person"
2026-02-09T23:25:06,False,"helmet,vest","NO-Hardhat,NO-Mask,Person"
2026-02-09T23:25:06,False,"helmet,vest","NO-Hardhat,NO-Mask,Person"
2026-02-09T23:25:06,False,"helmet,vest","NO-Hardhat,NO-Mask,Person"
2026-02-09T23:25:06,False,"helmet,vest","NO-Hardhat,NO-Mask,Person"
2026-02-09T23:25:06,False,"helmet,vest","NO-Hardhat,NO-Mask,Person"
2026-02-09T23:25:06,False,"helmet,vest","NO-Hardhat,NO-Mask,Person"
2026-02-09T23:25:06,False,"helmet,vest","NO-Hardhat,NO-Mask,Person"
2026-02-09T23:25:06,False,"helmet,vest","NO-Hardhat,NO-Mask,Person"
2026-02-09T23:25:06,False,"helmet,vest","NO-Hardhat,NO-Mask,NO-Safety Vest,Person"
2026-02-09T23:25:06,False,"helmet,vest","NO-Hardhat,NO-Mask,NO-Safety Vest,Person"
2026-02-09T23:25:07,False,"helmet,vest","NO-Hardhat,NO-Mask,NO-Safety Vest,Person"
2026-02-09T23:25:07,False,"helmet,vest","NO-Hardhat,NO-Mask,NO-Safety Vest,Person"
2026-02-09T23:25:07,False,"helmet,vest","NO-Hardhat,NO-Mask,NO-Safety Vest,Person"
2026-02-09T23:25:07,False,"helmet,vest","NO-Hardhat,NO-Mask,NO-Safety Vest,Person"
2026-02-09T23:25:07,False,"helmet,vest","NO-Hardhat,NO-Mask,NO-Safety Vest,Person"
2026-02-09T23:25:07,False,"helmet,vest","NO-Hardhat,NO-Mask,NO-Safety Vest,Person"
2026-02-09T23:25:07,False,"helmet,vest","NO-Hardhat,NO-Mask,NO-Safety Vest,Person"
2026-02-09T23:25:07,False,"helmet,vest","NO-Hardhat,NO-Mask,NO-Safety Vest,Person"
2026-02-09T23:25:07,False,"helmet,vest","NO-Hardhat,NO-Mask,NO-Safety Vest,Person"
2026-02-09T23:25:07,False,"helmet,vest","NO-Hardhat,NO-Mask,NO-Safety Vest,Person"
2026-02-09T23:25:07,False,"helmet,vest","NO-Hardhat,NO-Mask,NO-Safety Vest,Person"
2026-02-09T23:25:07,False,"helmet,vest","NO-Hardhat,NO-Mask,NO-Safety Vest,Person"
2026-02-09T23:25:07,False,"helmet,vest","NO-Hardhat,NO-Mask,NO-Safety Vest,Person"
2026-02-09T23:25:07,False,"helmet,vest","NO-Hardhat,NO-Mask,NO-Safety Vest,Person"
2026-02-09T23:25:07,False,"helmet,vest","NO-Hardhat,NO-Mask,NO-Safety Vest,Person"
2026-02-09T23:25:08,False,"helmet,vest","NO-Hardhat,NO-Mask,NO-Safety Vest,Person"
2026-02-09T23:25:08,False,"helmet,vest","NO-Hardhat,NO-Mask,NO-Safety Vest,Person"
2026-02-09T23:25:08,False,"helmet,vest","NO-Hardhat,NO-Mask,NO-Safety Vest,Person"
2026-02-09T23:25:08,False,"helmet,vest","NO-Hardhat,NO-Mask,NO-Safety Vest,Person"
2026-02-09T23:25:08,False,"helmet,vest","NO-Hardhat,NO-Mask,NO-Safety Vest,Person"
2026-02-09T23:25:08,False,"helmet,vest","NO-Hardhat,NO-Mask,NO-Safety Vest,Person"
2026-02-09T23:25:08,False,"helmet,vest","NO-Hardhat,NO-Mask,NO-Safety Vest,Person"
2026-02-09T23:25:08,False,"helmet,vest","NO-Hardhat,NO-Mask,NO-Safety Vest,Person"
2026-02-09T23:25:08,False,"helmet,vest","NO-Hardhat,NO-Mask,NO-Safety Vest,Person"
2026-02-09T23:25:08,False,"helmet,vest","NO-Hardhat,NO-Mask,NO-Safety Vest,Person"
2026-02-09T23:25:08,False,"helmet,vest","NO-Hardhat,NO-Mask,NO-Safety Vest,Person"
2026-02-09T23:25:08,False,"helmet,vest","NO-Hardhat,NO-Mask,NO-Safety Vest,Person"
2026-02-09T23:25:08,False,"helmet,vest","NO-Hardhat,NO-Mask,NO-Safety Vest,Person"
2026-02-09T23:25:08,False,"helmet,vest","NO-Hardhat,NO-Mask,NO-Safety Vest,Person"
2026-02-09T23:25:08,False,"helmet,vest","NO-Hardhat,NO-Mask,NO-Safety Vest,Person"
2026-02-09T23:25:09,False,"helmet,vest","NO-Hardhat,NO-Mask,NO-Safety Vest,Person"
2026-02-09T23:25:09,False,"helmet,vest","NO-Hardhat,NO-Mask,NO-Safety Vest,Person"
2026-02-09T23:25:09,False,"helmet,vest","NO-Hardhat,NO-Mask,NO-Safety Vest,Person"
2026-02-09T23:25:09,False,"helmet,vest","NO-Hardhat,NO-Mask,NO-Safety Vest,Person"
2026-02-09T23:25:09,False,"helmet,vest","NO-Hardhat,NO-Mask,NO-Safety Vest,Person"
2026-02-09T23:25:09,False,"helmet,vest","NO-Hardhat,NO-Mask,NO-Safety Vest,Person"
2026-02-09T23:25:09,False,"helmet,vest","NO-Hardhat,NO-Mask,NO-Safety Vest,Person"
2026-02-09T23:25:09,False,"helmet,vest","NO-Hardhat,NO-Mask,NO-Safety Vest,Person"
2026-02-09T23:25:09,False,"helmet,vest","NO-Hardhat,NO-Mask,NO-Safety Vest,Person"
2026-02-09T23:25:09,False,"helmet,vest","NO-Hardhat,NO-Mask,NO-Safety Vest,Person"
2026-02-09T23:25:09,False,"helmet,vest","NO-Hardhat,NO-Mask,NO-Safety Vest,Person"
2026-02-09T23:25:09,False,"helmet,vest","NO-Hardhat,NO-Mask,NO-Safety Vest,Person"
2026-02-09T23:25:09,False,"helmet,vest","NO-Hardhat,NO-Mask,NO-Safety Vest,Person"
2026-02-09T23:25:09,False,"helmet,vest","NO-Hardhat,NO-Mask,NO-Safety Vest,Person"
2026-02-09T23:25:09,False,"helmet,vest","NO-Hardhat,NO-Mask,NO-Safety Vest,Person"
2026-02-09T23:25:10,False,"helmet,vest","NO-Hardhat,NO-Mask,NO-Safety Vest,Person"
2026-02-09T23:25:10,False,"helmet,vest","NO-Hardhat,NO-Mask,NO-Safety Vest,Person"
2026-02-09T23:25:10,False,"helmet,vest","NO-Hardhat,NO-Mask,NO-Safety Vest,Person"
2026-02-09T23:25:10,False,"helmet,vest","NO-Hardhat,NO-Mask,NO-Safety Vest,Person"
2026-02-09T23:25:10,False,"helmet,vest","NO-Hardhat,NO-Mask,NO-Safety Vest,Person"
2026-02-09T23:25:10,False,"helmet,vest","Mask,NO-Hardhat,NO-Safety Vest,Person"
2026-02-09T23:25:10,False,"helmet,vest","Mask,NO-Hardhat,NO-Mask,Person"
2026-02-09T23:25:10,False,"helmet,vest","Mask,NO-Hardhat,Person"
2026-02-09T23:25:10,False,"helmet,vest","Mask,NO-Hardhat,NO-Mask,Person"
2026-02-09T23:25:10,False,"helmet,vest","NO-Hardhat,NO-Mask,Person"
2026-02-09T23:25:10,False,"helmet,vest","NO-Hardhat,NO-Mask,Person"
2026-02-09T23:25:10,False,"helmet,vest","NO-Hardhat,NO-Mask,Person"
2026-02-09T23:25:10,False,"helmet,vest","NO-Hardhat,NO-Mask,Person"
2026-02-09T23:25:10,False,"helmet,vest","Mask,NO-Hardhat,NO-Mask,Person"
2026-02-09T23:25:11,False,"helmet,vest","Mask,NO-Hardhat,NO-Mask,Person"
2026-02-09T23:25:11,False,"helmet,vest","NO-Hardhat,NO-Mask,Person"
2026-02-09T23:25:11,False,"helmet,vest","Mask,NO-Hardhat,NO-Mask,Person"
2026-02-09T23:25:11,False,"helmet,vest","NO-Hardhat,NO-Mask,Person"
2026-02-09T23:25:11,False,"helmet,vest","NO-Hardhat,NO-Mask,Person"
2026-02-09T23:25:11,False,"helmet,vest","NO-Hardhat,NO-Mask,Person"
2026-02-09T23:25:11,False,"helmet,vest","NO-Hardhat,NO-Mask,Person"
2026-02-09T23:25:11,False,"helmet,vest","NO-Hardhat,NO-Mask,NO-Safety Vest,Person"
2026-02-09T23:25:11,False,"helmet,vest","NO-Hardhat,NO-Mask,NO-Safety Vest,Person"
2026-02-09T23:25:11,False,"helmet,vest","NO-Hardhat,NO-Mask,NO-Safety Vest,Person"
2026-02-09T23:25:11,False,"helmet,vest","NO-Hardhat,NO-Mask,NO-Safety Vest,Person"
2026-02-09T23:25:11,False,"helmet,vest","NO-Hardhat,NO-Mask,Person"
2026-02-09T23:25:11,False,"helmet,vest","NO-Hardhat,NO-Mask,NO-Safety Vest,Person"
2026-02-09T23:25:11,False,"helmet,vest","NO-Hardhat,NO-Mask,NO-Safety Vest,Person"
2026-02-09T23:25:11,False,"helmet,vest","NO-Hardhat,NO-Mask,NO-Safety Vest,Person"
2026-02-09T23:25:11,False,"helmet,vest","NO-Hardhat,NO-Mask,NO-Safety Vest,Person"
2026-02-09T23:25:12,False,"helmet,vest","NO-Hardhat,NO-Mask,NO-Safety Vest,Person"
2026-02-09T23:25:12,False,"helmet,vest","NO-Hardhat,NO-Mask,NO-Safety Vest,Person"
2026-02-09T23:25:12,False,"helmet,vest","NO-Hardhat,NO-Mask,NO-Safety Vest,Person"
2026-02-09T23:25:12,False,"helmet,vest","NO-Hardhat,NO-Mask,Person"
2026-02-09T23:25:12,False,"helmet,vest","NO-Hardhat,NO-Mask,NO-Safety Vest,Person"
2026-02-09T23:25:12,False,"helmet,vest","NO-Hardhat,NO-Mask,NO-Safety Vest,Person"
2026-02-09T23:25:12,False,"helmet,vest","NO-Hardhat,NO-Mask,NO-Safety Vest,Person"
2026-02-09T23:25:12,False,"helmet,vest","NO-Hardhat,NO-Mask,NO-Safety Vest,Person"
2026-02-09T23:25:12,False,"helmet,vest","NO-Hardhat,NO-Mask,NO-Safety Vest,Person"
2026-02-09T23:25:12,False,"helmet,vest","NO-Hardhat,NO-Mask,NO-Safety Vest,Person"
2026-02-09T23:25:12,False,"helmet,vest","NO-Hardhat,NO-Mask,NO-Safety Vest,Person"
2026-02-09T23:25:12,False,"helmet,vest","NO-Hardhat,NO-Mask,NO-Safety Vest,Person"
2026-02-09T23:25:12,False,"helmet,vest","NO-Hardhat,NO-Mask,Person"
2026-02-09T23:25:12,False,"helmet,vest","NO-Hardhat,NO-Mask,Person"
2026-02-09T23:25:12,False,"helmet,vest","Mask,NO-Hardhat,Person"
2026-02-09T23:25:13,False,"helmet,vest","NO-Hardhat,NO-Mask,NO-Safety Vest,Person"
2026-02-09T23:25:13,False,"helmet,vest","NO-Hardhat,NO-Mask,NO-Safety Vest,Person"
2026-02-09T23:25:13,False,"helmet,vest","NO-Hardhat,NO-Mask,NO-Safety Vest,Person"
2026-02-09T23:25:13,False,"helmet,vest","NO-Hardhat,NO-Mask,NO-Safety Vest,Person"
2026-02-09T23:25:13,False,"helmet,vest","Mask,NO-Hardhat,Person"
2026-02-09T23:25:13,False,"helmet,vest","NO-Hardhat,NO-Mask,NO-Safety Vest,Person"
2026-02-09T23:25:13,False,"helmet,vest","NO-Hardhat,NO-Mask,NO-Safety Vest,Person"
2026-02-09T23:25:13,False,"helmet,vest","NO-Hardhat,NO-Mask,NO-Safety Vest,Person"
2026-02-09T23:25:13,False,"helmet,vest","NO-Hardhat,NO-Mask,NO-Safety Vest,Person"
2026-02-09T23:25:13,False,"helmet,vest","NO-Hardhat,NO-Mask,NO-Safety Vest,Person"
2026-02-09T23:25:13,False,"helmet,vest","NO-Hardhat,NO-Mask,NO-Safety Vest,Person"
2026-02-09T23:25:13,False,"helmet,vest","NO-Hardhat,NO-Mask,NO-Safety Vest,Person"
2026-02-09T23:25:13,False,"helmet,vest","NO-Hardhat,NO-Mask,NO-Safety Vest,Person"
2026-02-09T23:25:13,False,"helmet,vest","NO-Hardhat,NO-Mask,NO-Safety Vest,Person"
2026-02-09T23:25:14,False,"helmet,vest","NO-Hardhat,NO-Safety Vest,Person"
2026-02-09T23:25:14,False,"helmet,vest","NO-Hardhat,NO-Mask,NO-Safety Vest,Person"
2026-02-09T23:25:14,False,"helmet,vest","NO-Hardhat,Person"
2026-02-09T23:25:14,False,"helmet,vest","NO-Hardhat,Person"
2026-02-09T23:25:14,False,"helmet,vest","NO-Hardhat,NO-Safety Vest,Person"
2026-02-09T23:25:14,False,"helmet,vest","NO-Hardhat,Person"
2026-02-09T23:25:14,False,"helmet,vest","NO-Hardhat,Person"
2026-02-09T23:25:14,False,"helmet,vest","NO-Hardhat,Person"
2026-02-09T23:25:14,False,"helmet,vest","NO-Hardhat,Person"
2026-02-09T23:25:14,False,"helmet,vest","NO-Hardhat,Person"
2026-02-09T23:25:14,False,"helmet,vest","NO-Hardhat,NO-Mask,Person"
2026-02-09T23:25:14,False,"helmet,vest","NO-Hardhat,NO-Mask,Person"
2026-02-09T23:25:14,False,"helmet,vest","NO-Hardhat,NO-Mask,Person"
2026-02-09T23:25:14,False,"helmet,vest","NO-Hardhat,NO-Mask,Person"
2026-02-09T23:25:15,False,"helmet,vest","NO-Hardhat,Person"
2026-02-09T23:25:15,False,"helmet,vest","NO-Hardhat,NO-Mask,Person"
2026-02-09T23:25:15,False,"helmet,vest","NO-Hardhat,NO-Mask,Person"
2026-02-09T23:25:15,False,"helmet,vest","NO-Hardhat,NO-Mask,Person"
2026-02-09T23:25:15,False,"helmet,vest","NO-Hardhat,NO-Mask,Person"
2026-02-09T23:25:15,False,"helmet,vest","NO-Hardhat,NO-Mask,Person"
2026-02-09T23:25:15,False,"helmet,vest","NO-Hardhat,NO-Mask,Person"
2026-02-09T23:25:15,False,"helmet,vest","NO-Hardhat,NO-Mask,Person"
2026-02-09T23:25:15,False,"helmet,vest","NO-Hardhat,NO-Mask,Person"
2026-02-09T23:25:15,False,"helmet,vest","NO-Hardhat,NO-Mask,Person"
2026-02-09T23:25:15,False,"helmet,vest","NO-Hardhat,NO-Mask,Person"
2026-02-09T23:25:15,False,"helmet,vest","NO-Hardhat,NO-Mask,Person"
2026-02-09T23:25:15,False,"helmet,vest","NO-Hardhat,NO-Mask,Person"
2026-02-09T23:25:15,False,"helmet,vest","NO-Hardhat,NO-Mask,Person"
2026-02-09T23:25:16,False,"helmet,vest","NO-Hardhat,NO-Mask,Person"
2026-02-09T23:25:16,False,"helmet,vest","NO-Hardhat,NO-Mask,Person"
2026-02-09T23:25:16,False,"helmet,vest","NO-Hardhat,NO-Mask,Person"
2026-02-09T23:25:16,False,"helmet,vest","NO-Hardhat,NO-Safety Vest,Person"
2026-02-09T23:25:16,False,"helmet,vest","NO-Hardhat,NO-Mask,NO-Safety Vest,Person"
2026-02-09T23:25:16,False,"helmet,vest","NO-Hardhat,NO-Mask,NO-Safety Vest,Person"
2026-02-09T23:25:16,False,"helmet,vest","NO-Hardhat,NO-Mask,NO-Safety Vest,Person"
2026-02-09T23:25:16,False,"helmet,vest","NO-Hardhat,NO-Mask,NO-Safety Vest,Person"
2026-02-09T23:25:16,False,"helmet,vest","NO-Hardhat,NO-Mask,NO-Safety Vest,Person"
2026-02-09T23:25:16,False,"helmet,vest","NO-Hardhat,NO-Mask,NO-Safety Vest,Person"
2026-02-09T23:25:16,False,"helmet,vest","NO-Hardhat,NO-Mask,NO-Safety Vest,Person"
2026-02-09T23:25:16,False,"helmet,vest","NO-Hardhat,NO-Mask,NO-Safety Vest,Person"
2026-02-09T23:25:16,False,"helmet,vest","NO-Hardhat,NO-Mask,Person"
2026-02-09T23:25:16,False,"helmet,vest","NO-Hardhat,NO-Mask,NO-Safety Vest,Person"
2026-02-09T23:25:16,False,"helmet,vest","NO-Hardhat,NO-Mask,NO-Safety Vest,Person"
2026-02-09T23:25:17,False,"helmet,vest","NO-Hardhat,NO-Mask,NO-Safety Vest,Person"
2026-02-09T23:25:17,False,"helmet,vest","NO-Hardhat,NO-Mask,NO-Safety Vest,Person"
2026-02-09T23:25:17,False,"helmet,vest","NO-Hardhat,NO-Mask,NO-Safety Vest,Person"
2026-02-09T23:25:17,False,"helmet,vest","NO-Hardhat,NO-Mask,NO-Safety Vest,Person"
2026-02-09T23:25:17,False,"helmet,vest","NO-Hardhat,NO-Mask,NO-Safety Vest,Person"
2026-02-09T23:25:17,False,"helmet,vest","NO-Hardhat,NO-Mask,NO-Safety Vest,Person"
2026-02-09T23:25:17,False,"helmet,vest","NO-Hardhat,NO-Mask,NO-Safety Vest,Person"
2026-02-09T23:25:17,False,"helmet,vest","NO-Hardhat,NO-Mask,NO-Safety Vest,Person"
2026-02-09T23:25:17,False,"helmet,vest","NO-Hardhat,NO-Mask,NO-Safety Vest,Person"
2026-02-09T23:25:17,False,"helmet,vest","NO-Hardhat,NO-Mask,NO-Safety Vest,Person"
2026-02-09T23:25:17,False,"helmet,vest","NO-Hardhat,NO-Mask,NO-Safety Vest,Person"
2026-02-09T23:25:17,False,"helmet,vest","NO-Hardhat,NO-Mask,NO-Safety Vest,Person"
2026-02-09T23:25:17,False,"helmet,vest","NO-Hardhat,NO-Mask,NO-Safety Vest,Person"
2026-02-09T23:25:17,False,"helmet,vest","NO-Hardhat,NO-Mask,NO-Safety Vest,Person"
2026-02-09T23:25:17,False,"helmet,vest","NO-Hardhat,NO-Mask,NO-Safety Vest,Person"
2026-02-09T23:25:18,False,"helmet,vest","NO-Hardhat,NO-Mask,NO-Safety Vest,Person"
2026-02-09T23:25:18,False,"helmet,vest","NO-Hardhat,NO-Mask,NO-Safety Vest,Person"
2026-02-09T23:25:18,False,"helmet,vest","NO-Hardhat,NO-Mask,NO-Safety Vest,Person"
2026-02-09T23:25:18,False,"helmet,vest","NO-Hardhat,NO-Mask,NO-Safety Vest,Person"
2026-02-09T23:25:18,False,"helmet,vest","NO-Hardhat,NO-Mask,NO-Safety Vest,Person"
2026-02-09T23:25:18,False,"helmet,vest","NO-Hardhat,NO-Mask,NO-Safety Vest,Person"
2026-02-09T23:25:18,False,"helmet,vest","NO-Hardhat,NO-Mask,NO-Safety Vest,Person"
2026-02-09T23:25:18,False,"helmet,vest","NO-Hardhat,NO-Mask,NO-Safety Vest,Person"
2026-02-09T23:25:18,False,"helmet,vest","NO-Hardhat,NO-Mask,NO-Safety Vest,Person"
2026-02-09T23:25:18,False,"helmet,vest","NO-Hardhat,NO-Mask,NO-Safety Vest,Person"
2026-02-09T23:25:18,False,"helmet,vest","NO-Hardhat,NO-Mask,NO-Safety Vest,Person"
2026-02-09T23:25:18,False,"helmet,vest","NO-Hardhat,NO-Mask,NO-Safety Vest,Person"
2026-02-09T23:25:18,False,"helmet,vest","NO-Hardhat,NO-Mask,NO-Safety Vest,Person"
2026-02-09T23:25:18,False,"helmet,vest","NO-Hardhat,NO-Mask,NO-Safety Vest,Person"
2026-02-09T23:25:18,False,"helmet,vest","NO-Hardhat,NO-Mask,NO-Safety Vest,Person"
2026-02-09T23:25:19,False,"helmet,vest","NO-Hardhat,NO-Mask,NO-Safety Vest,Person"
2026-02-09T23:25:19,False,"helmet,vest","NO-Hardhat,NO-Mask,NO-Safety Vest,Person"
2026-02-09T23:25:19,False,"helmet,vest","NO-Hardhat,NO-Mask,NO-Safety Vest,Person"
2026-02-09T23:25:19,False,"helmet,vest","NO-Hardhat,NO-Mask,NO-Safety Vest,Person"
2026-02-09T23:25:19,False,"helmet,vest","NO-Hardhat,NO-Mask,NO-Safety Vest,Person"
2026-02-09T23:25:19,False,"helmet,vest","NO-Hardhat,NO-Mask,NO-Safety Vest,Person"
2026-02-09T23:25:19,False,"helmet,vest","NO-Hardhat,NO-Mask,NO-Safety Vest,Person"
2026-02-09T23:25:19,False,"helmet,vest","NO-Hardhat,NO-Mask,NO-Safety Vest,Person"
2026-02-09T23:25:19,False,"helmet,vest","NO-Hardhat,NO-Mask,NO-Safety Vest,Person"
2026-02-09T23:25:19,False,"helmet,vest","NO-Hardhat,NO-Mask,NO-Safety Vest,Person"
2026-02-09T23:25:19,False,"helmet,vest","NO-Hardhat,NO-Mask,NO-Safety Vest,Person"
2026-02-09T23:25:19,False,"helmet,vest","NO-Hardhat,NO-Mask,NO-Safety Vest,Person"
2026-02-09T23:25:19,False,"helmet,vest","NO-Hardhat,NO-Mask,NO-Safety Vest,Person"
2026-02-09T23:25:19,False,"helmet,vest","NO-Hardhat,NO-Mask,NO-Safety Vest,Person"
2026-02-09T23:25:19,False,"helmet,vest","NO-Hardhat,NO-Mask,NO-Safety Vest,Person"
2026-02-09T23:25:20,False,"helmet,vest","NO-Hardhat,NO-Mask,NO-Safety Vest,Person"
2026-02-09T23:25:20,False,"helmet,vest","NO-Hardhat,NO-Mask,NO-Safety Vest,Person"
2026-02-09T23:25:20,False,"helmet,vest","NO-Hardhat,NO-Mask,NO-Safety Vest,Person"
2026-02-09T23:25:20,False,"helmet,vest","NO-Hardhat,NO-Mask,NO-Safety Vest,Person"
2026-02-09T23:25:20,False,"helmet,vest","NO-Hardhat,NO-Mask,NO-Safety Vest,Person"
2026-02-09T23:25:20,False,"helmet,vest","NO-Hardhat,NO-Mask,NO-Safety Vest,Person"
2026-02-09T23:25:20,False,"helmet,vest","NO-Hardhat,NO-Mask,NO-Safety Vest,Person"
2026-02-09T23:25:20,False,"helmet,vest","NO-Hardhat,NO-Mask,NO-Safety Vest,Person"
2026-02-09T23:25:20,False,"helmet,vest","NO-Hardhat,NO-Mask,NO-Safety Vest,Person"
2026-02-09T23:25:20,False,"helmet,vest","NO-Hardhat,NO-Mask,NO-Safety Vest,Person"
2026-02-09T23:25:20,False,"helmet,vest","NO-Hardhat,NO-Mask,NO-Safety Vest,Person"
2026-02-09T23:25:20,False,"helmet,vest","NO-Hardhat,NO-Mask,NO-Safety Vest,Person"
2026-02-09T23:25:20,False,"helmet,vest","NO-Hardhat,NO-Mask,NO-Safety Vest,Person"
2026-02-09T23:25:20,False,"helmet,vest","NO-Hardhat,NO-Mask,NO-Safety Vest,Person"
2026-02-09T23:25:20,False,"helmet,vest","NO-Hardhat,NO-Mask,NO-Safety Vest,Person"
2026-02-09T23:25:21,False,"helmet,vest","NO-Hardhat,NO-Mask,NO-Safety Vest,Person"
2026-02-09T23:25:21,False,"helmet,vest","NO-Hardhat,NO-Mask,NO-Safety Vest,Person"
2026-02-09T23:25:21,False,"helmet,vest","NO-Hardhat,NO-Mask,NO-Safety Vest,Person"
2026-02-09T23:25:21,False,"helmet,vest","NO-Hardhat,NO-Mask,NO-Safety Vest,Person"
2026-02-09T23:25:21,False,"helmet,vest","NO-Hardhat,NO-Mask,NO-Safety Vest,Person"
2026-02-09T23:25:21,False,"helmet,vest","NO-Hardhat,NO-Mask,NO-Safety Vest,Person"
2026-02-09T23:25:21,False,"helmet,vest","NO-Hardhat,NO-Mask,NO-Safety Vest,Person"
2026-02-09T23:25:21,False,"helmet,vest","NO-Hardhat,NO-Mask,NO-Safety Vest,Person"
2026-02-09T23:25:21,False,"helmet,vest","NO-Hardhat,NO-Mask,NO-Safety Vest,Person"
2026-02-09T23:25:21,False,"helmet,vest","NO-Hardhat,NO-Mask,NO-Safety Vest,Person"
2026-02-09T23:25:21,False,"helmet,vest","NO-Hardhat,NO-Mask,NO-Safety Vest,Person"
2026-02-09T23:25:21,False,"helmet,vest","NO-Hardhat,NO-Mask,NO-Safety Vest,Person"
2026-02-09T23:25:21,False,"helmet,vest","NO-Hardhat,NO-Mask,NO-Safety Vest,Person"
2026-02-09T23:25:21,False,"helmet,vest","NO-Hardhat,NO-Mask,NO-Safety Vest,Person"
2026-02-09T23:25:21,False,"helmet,vest","NO-Hardhat,NO-Mask,NO-Safety Vest,Person"
2026-02-09T23:25:22,False,"helmet,vest","NO-Hardhat,NO-Mask,NO-Safety Vest,Person"
2026-02-09T23:25:22,False,"helmet,vest","NO-Hardhat,NO-Mask,NO-Safety Vest,Person"
2026-02-09T23:25:22,False,"helmet,vest","NO-Hardhat,NO-Mask,NO-Safety Vest,Person"
2026-02-09T23:25:22,False,"helmet,vest","NO-Hardhat,NO-Mask,NO-Safety Vest,Person"
2026-02-09T23:25:22,False,"helmet,vest","NO-Hardhat,NO-Mask,NO-Safety Vest,Person"
2026-02-09T23:25:22,False,"helmet,vest","NO-Hardhat,NO-Mask,NO-Safety Vest,Person"
2026-02-09T23:25:22,False,"helmet,vest","NO-Hardhat,NO-Mask,NO-Safety Vest,Person"
2026-02-09T23:25:22,False,"helmet,vest","NO-Hardhat,NO-Mask,NO-Safety Vest,Person"
2026-02-09T23:25:22,False,"helmet,vest","NO-Hardhat,NO-Mask,NO-Safety Vest,Person"
2026-02-09T23:25:22,False,"helmet,vest","NO-Hardhat,NO-Mask,NO-Safety Vest,Person"
2026-02-09T23:25:22,False,"helmet,vest","NO-Hardhat,NO-Mask,NO-Safety Vest,Person"
2026-02-09T23:25:22,False,"helmet,vest","NO-Hardhat,NO-Mask,NO-Safety Vest,Person"
2026-02-09T23:25:22,False,"helmet,vest","NO-Hardhat,NO-Mask,NO-Safety Vest,Person"
2026-02-09T23:25:22,False,"helmet,vest","NO-Hardhat,NO-Mask,NO-Safety Vest,Person"
2026-02-09T23:25:22,False,"helmet,vest","NO-Hardhat,NO-Mask,NO-Safety Vest,Person"
2026-02-09T23:25:23,False,"helmet,vest","NO-Hardhat,NO-Mask,NO-Safety Vest,Person"
2026-02-09T23:25:23,False,"helmet,vest","NO-Hardhat,NO-Mask,NO-Safety Vest,Person"
2026-02-09T23:25:23,False,"helmet,vest","NO-Hardhat,NO-Mask,NO-Safety Vest,Person"
2026-02-09T23:25:23,False,"helmet,vest","NO-Hardhat,NO-Mask,NO-Safety Vest,Person"
2026-02-09T23:25:23,False,"helmet,vest","NO-Hardhat,NO-Mask,NO-Safety Vest,Person"
2026-02-09T23:25:23,False,"helmet,vest","NO-Hardhat,NO-Mask,NO-Safety Vest,Person"
2026-02-09T23:25:23,False,"helmet,vest","NO-Hardhat,NO-Mask,NO-Safety Vest,Person"
2026-02-09T23:25:23,False,"helmet,vest","NO-Hardhat,NO-Mask,NO-Safety Vest,Person"
2026-02-09T23:25:23,False,"helmet,vest","NO-Hardhat,NO-Mask,NO-Safety Vest,Person"
2026-02-09T23:25:23,False,"helmet,vest","NO-Hardhat,NO-Mask,NO-Safety Vest,Person"
2026-02-09T23:25:23,False,"helmet,vest","NO-Hardhat,NO-Mask,NO-Safety Vest,Person"
2026-02-09T23:25:23,False,"helmet,vest","NO-Hardhat,NO-Mask,NO-Safety Vest,Person"
2026-02-09T23:25:23,False,"helmet,vest","NO-Hardhat,NO-Mask,NO-Safety Vest,Person"
2026-02-09T23:25:23,False,"helmet,vest","NO-Hardhat,NO-Mask,NO-Safety Vest,Person"
2026-02-09T23:25:23,False,"helmet,vest","NO-Hardhat,NO-Mask,NO-Safety Vest,Person"
2026-02-09T23:25:24,False,"helmet,vest","NO-Hardhat,NO-Mask,NO-Safety Vest,Person"
2026-02-09T23:25:24,False,"helmet,vest","NO-Hardhat,NO-Mask,NO-Safety Vest,Person"
2026-02-09T23:25:24,False,"helmet,vest","NO-Hardhat,NO-Mask,NO-Safety Vest,Person"
2026-02-09T23:25:24,False,"helmet,vest","NO-Hardhat,NO-Mask,NO-Safety Vest,Person"
2026-02-09T23:25:24,False,"helmet,vest","NO-Hardhat,NO-Mask,NO-Safety Vest,Person"
2026-02-09T23:25:24,False,"helmet,vest","NO-Hardhat,NO-Mask,NO-Safety Vest,Person"
2026-02-09T23:25:24,False,"helmet,vest","NO-Hardhat,NO-Mask,NO-Safety Vest,Person"
2026-02-09T23:25:24,False,"helmet,vest","NO-Hardhat,NO-Mask,NO-Safety Vest,Person"
2026-02-09T23:25:24,False,"helmet,vest","NO-Hardhat,NO-Mask,NO-Safety Vest,Person"
2026-02-09T23:25:24,False,"helmet,vest","NO-Hardhat,NO-Mask,NO-Safety Vest,Person"
2026-02-09T23:25:24,False,"helmet,vest","NO-Hardhat,NO-Mask,NO-Safety Vest,Person"
2026-02-09T23:25:24,False,"helmet,vest","NO-Hardhat,NO-Mask,NO-Safety Vest,Person"
2026-02-09T23:25:24,False,"helmet,vest","NO-Hardhat,NO-Mask,NO-Safety Vest,Person"
2026-02-09T23:25:24,False,"helmet,vest","NO-Hardhat,NO-Mask,NO-Safety Vest,Person"
2026-02-09T23:25:24,False,"helmet,vest","NO-Hardhat,NO-Mask,NO-Safety Vest,Person"
2026-02-09T23:25:25,False,"helmet,vest","NO-Hardhat,NO-Mask,NO-Safety Vest,Person"
2026-02-09T23:25:25,False,"helmet,vest","NO-Hardhat,NO-Mask,NO-Safety Vest,Person"
2026-02-09T23:25:25,False,"helmet,vest","NO-Hardhat,NO-Mask,NO-Safety Vest,Person"
2026-02-09T23:25:25,False,"helmet,vest","NO-Hardhat,NO-Mask,NO-Safety Vest,Person"
2026-02-09T23:25:25,False,"helmet,vest","NO-Hardhat,NO-Mask,NO-Safety Vest,Person"
2026-02-09T23:25:25,False,"helmet,vest","NO-Hardhat,NO-Mask,NO-Safety Vest,Person"
2026-02-09T23:25:25,False,"helmet,vest","NO-Hardhat,NO-Mask,NO-Safety Vest,Person"
2026-02-09T23:25:25,False,"helmet,vest","NO-Hardhat,NO-Mask,NO-Safety Vest,Person"
2026-02-09T23:25:25,False,"helmet,vest","NO-Hardhat,NO-Mask,NO-Safety Vest,Person"
2026-02-09T23:25:25,False,"helmet,vest","NO-Hardhat,NO-Mask,NO-Safety Vest,Person"
2026-02-09T23:25:25,False,"helmet,vest","NO-Hardhat,NO-Mask,NO-Safety Vest,Person"
2026-02-09T23:25:25,False,"helmet,vest","NO-Hardhat,NO-Mask,NO-Safety Vest,Person"
2026-02-09T23:25:25,False,"helmet,vest","NO-Hardhat,NO-Mask,NO-Safety Vest,Person"
2026-02-09T23:25:25,False,"helmet,vest","NO-Hardhat,NO-Mask,NO-Safety Vest,Person"
2026-02-09T23:25:25,False,"helmet,vest","NO-Hardhat,NO-Mask,NO-Safety Vest,Person"
2026-02-09T23:25:26,False,"helmet,vest","NO-Hardhat,NO-Mask,NO-Safety Vest,Person"
2026-02-09T23:25:26,False,"helmet,vest","NO-Hardhat,NO-Mask,NO-Safety Vest,Person"
2026-02-09T23:25:26,False,"helmet,vest","NO-Hardhat,NO-Mask,NO-Safety Vest,Person"
2026-02-09T23:25:26,False,"helmet,vest","NO-Hardhat,NO-Mask,NO-Safety Vest,Person"
2026-02-09T23:25:26,False,"helmet,vest","NO-Hardhat,NO-Mask,NO-Safety Vest,Person"
2026-02-09T23:25:26,False,"helmet,vest","NO-Hardhat,NO-Mask,NO-Safety Vest,Person"
2026-02-09T23:25:26,False,"helmet,vest","NO-Hardhat,NO-Mask,NO-Safety Vest,Person"
2026-02-09T23:25:26,False,"helmet,vest","NO-Hardhat,NO-Mask,NO-Safety Vest,Person"
2026-02-09T23:25:26,False,"helmet,vest","NO-Hardhat,NO-Mask,NO-Safety Vest,Person"
2026-02-09T23:25:26,False,"helmet,vest","NO-Hardhat,NO-Mask,NO-Safety Vest,Person"
2026-02-09T23:25:26,False,"helmet,vest","NO-Hardhat,NO-Mask,NO-Safety Vest,Person"
2026-02-09T23:25:26,False,"helmet,vest","NO-Hardhat,NO-Mask,NO-Safety Vest,Person"
2026-02-09T23:25:26,False,"helmet,vest","NO-Hardhat,NO-Mask,NO-Safety Vest,Person"
